Waktu,Sudut_Derajat,Jarak_cm,Koordinat_X,Koordinat_Y
16:41:36.276,12.1,75.5,73.82,15.83
16:41:36.276,57.1,16.1,8.75,13.52
16:41:36.276,102.1,25.3,-5.3,24.74
16:41:36.276,147.1,25.6,-21.49,13.91
16:41:36.276,192.1,20.6,-20.14,-4.32
16:41:36.276,237.1,56.9,-30.91,-47.77
16:41:36.276,282.1,51.8,10.86,-50.65
16:41:36.276,327.1,106.7,89.59,-57.96
16:41:36.378,13.6,74.6,72.51,17.54
16:41:36.378,58.6,16.1,8.39,13.74
16:41:36.378,103.6,25.4,-5.97,24.69
16:41:36.378,148.6,25.6,-21.85,13.34
16:41:36.378,193.6,20.3,-19.73,-4.77
16:41:36.378,283.6,55.9,13.14,-54.33
16:41:36.378,328.6,106.7,91.07,-55.59
16:41:37.093,15.6,74.7,71.95,20.09
16:41:37.093,60.6,16.0,7.85,13.94
16:41:37.093,105.6,18.3,-4.92,17.63
16:41:37.093,150.6,26.8,-23.35,13.16
16:41:37.093,195.6,20.6,-19.84,-5.54
16:41:37.093,240.6,50.7,-24.89,-44.17
16:41:37.093,285.6,49.7,13.37,-47.87
16:41:37.093,330.6,107.2,93.39,-52.62
16:41:37.666,17.1,75.0,71.68,22.05
16:41:37.666,62.1,16.1,7.53,14.23
16:41:37.666,107.1,25.3,-7.44,24.18
16:41:37.666,152.1,26.8,-23.68,12.54
16:41:37.666,197.1,21.6,-20.65,-6.35
16:41:37.666,242.1,42.1,-19.7,-37.21
16:41:37.666,287.1,49.4,14.53,-47.22
16:41:37.666,332.1,107.2,94.74,-50.16
16:41:37.667,18.6,74.6,70.7,23.79
16:41:37.667,63.6,16.1,7.16,14.42
16:41:37.667,108.6,25.1,-8.01,23.79
16:41:37.667,153.6,26.2,-23.47,11.65
16:41:37.667,198.6,20.3,-19.24,-6.47
16:41:37.667,243.6,42.1,-18.72,-37.71
16:41:37.667,288.6,46.4,14.8,-43.98
16:41:37.667,333.6,107.3,96.11,-47.71
16:41:37.667,20.1,73.2,68.74,25.16
16:41:37.667,65.1,16.0,6.74,14.51
16:41:37.667,110.1,25.1,-8.63,23.57
16:41:37.667,155.1,25.3,-22.95,10.65
16:41:37.667,200.1,20.3,-19.06,-6.98
16:41:37.667,245.1,43.2,-18.19,-39.18
16:41:37.667,290.1,48.6,16.7,-45.64
16:41:37.667,335.1,107.4,97.42,-45.22
16:41:37.668,21.7,73.7,68.48,27.25
16:41:37.668,66.7,16.1,6.37,14.79
16:41:37.668,111.7,20.2,-7.47,18.77
16:41:37.668,156.7,26.5,-24.34,10.48
16:41:37.668,201.7,20.3,-18.86,-7.51
16:41:37.668,246.7,42.3,-16.73,-38.85
16:41:37.668,291.7,52.5,19.41,-48.78
16:41:37.668,336.7,107.8,99.01,-42.64
16:41:37.668,23.2,73.1,67.19,28.8
16:41:37.668,68.2,17.0,6.31,15.78
16:41:37.668,113.2,26.5,-10.44,24.36
16:41:37.668,158.2,25.6,-23.77,9.51
16:41:37.668,203.2,20.3,-18.66,-8.0
16:41:37.668,248.2,41.8,-15.52,-38.81
16:41:37.668,293.2,44.2,17.41,-40.63
16:41:37.668,338.2,107.5,99.81,-39.92
16:41:37.668,24.7,73.1,66.41,30.55
16:41:37.668,69.7,17.0,5.9,15.94
16:41:37.668,114.7,17.3,-7.23,15.72
16:41:37.668,159.7,26.5,-24.85,9.19
16:41:37.668,204.7,21.6,-19.62,-9.03
16:41:37.668,249.7,41.8,-14.5,-39.2
16:41:37.668,294.7,45.8,19.14,-41.61
16:41:37.668,339.7,108.8,102.04,-37.75
16:41:37.668,26.2,72.7,65.23,32.1
16:41:37.668,71.2,16.7,5.38,15.81
16:41:37.668,116.2,16.0,-7.06,14.36
16:41:37.668,161.2,25.1,-23.76,8.09
16:41:37.668,206.2,22.6,-20.28,-9.98
16:41:37.668,251.2,41.4,-13.34,-39.19
16:41:37.668,296.2,29.6,13.07,-26.56
16:41:37.668,341.2,48.0,45.44,-15.47
16:41:37.669,27.6,73.1,64.78,33.87
16:41:37.669,72.6,16.7,4.99,15.94
16:41:37.669,117.6,16.0,-7.41,14.18
16:41:37.669,162.6,24.2,-23.09,7.24
16:41:37.669,207.6,24.3,-21.53,-11.26
16:41:37.669,252.6,40.9,-12.23,-39.03
16:41:37.669,297.6,31.4,14.55,-27.83
16:41:37.669,342.6,47.3,45.14,-14.14
16:41:37.669,29.1,73.1,63.87,35.55
16:41:37.669,74.1,16.7,4.58,16.06
16:41:37.669,119.1,17.3,-8.41,15.12
16:41:37.669,164.1,24.2,-23.27,6.63
16:41:37.669,209.1,22.2,-19.4,-10.8
16:41:37.669,254.1,40.0,-10.96,-38.47
16:41:37.669,299.1,33.5,16.29,-29.27
16:41:37.669,344.1,108.3,104.16,-29.67
16:41:37.669,30.5,72.7,62.64,36.9
16:41:37.669,75.5,16.4,4.11,15.88
16:41:37.669,120.5,17.6,-8.93,15.16
16:41:37.669,165.5,23.3,-22.56,5.83
16:41:37.669,210.5,46.7,-40.24,-23.7
16:41:37.669,255.5,40.0,-10.02,-38.73
16:41:37.669,300.5,33.5,17.0,-28.86
16:41:37.669,345.5,197.1,190.82,-49.35
16:41:37.670,32.1,72.7,61.59,38.63
16:41:37.670,77.1,17.3,3.86,16.86
16:41:37.670,122.1,18.9,-10.04,16.01
16:41:37.670,167.1,25.3,-24.66,5.65
16:41:37.670,212.1,36.1,-30.58,-19.18
16:41:37.670,257.1,40.0,-8.93,-38.99
16:41:37.670,302.1,33.3,17.7,-28.21
16:41:37.670,347.1,50.3,49.03,-11.23
16:41:37.670,33.6,73.6,61.3,40.73
16:41:37.670,78.6,17.3,3.42,16.96
16:41:37.670,123.6,18.9,-10.46,15.74
16:41:37.670,168.6,26.2,-25.68,5.18
16:41:37.670,213.6,37.5,-31.23,-20.75
16:41:37.670,258.6,40.0,-7.91,-39.21
16:41:37.670,303.6,34.3,18.98,-28.57
16:41:37.670,348.6,197.5,193.6,-39.04
16:41:37.671,35.2,73.2,59.82,42.19
16:41:37.671,80.2,17.0,2.89,16.75
16:41:37.671,125.2,18.0,-10.38,14.71
16:41:37.671,170.2,24.8,-24.44,4.22
16:41:37.671,215.2,45.7,-37.34,-26.34
16:41:37.671,260.2,40.0,-6.81,-39.42
16:41:37.671,305.2,34.0,19.6,-27.78
16:41:37.671,350.2,197.5,194.62,-33.62
16:41:37.671,36.8,73.7,59.01,44.15
16:41:37.671,81.8,18.0,2.57,17.82
16:41:37.671,126.8,16.7,-10.0,13.37
16:41:37.671,171.8,23.9,-23.66,3.41
16:41:37.671,216.8,37.2,-29.79,-22.28
16:41:37.671,261.8,40.0,-5.71,-39.59
16:41:37.671,306.8,35.6,21.33,-28.51
16:41:37.671,351.8,197.5,195.48,-28.17
16:41:37.733,38.4,73.7,57.76,45.78
16:41:37.733,83.4,19.0,2.18,18.87
16:41:37.733,128.4,16.7,-10.37,13.09
16:41:37.733,173.4,24.8,-24.64,2.85
16:41:37.733,218.4,44.0,-34.48,-27.33
16:41:37.733,263.4,40.0,-4.6,-39.73
16:41:37.733,308.4,38.2,23.73,-29.94
16:41:37.733,353.4,63.0,62.58,-7.24
16:41:37.835,39.9,73.3,56.23,47.02
16:41:37.835,84.9,19.9,1.77,19.82
16:41:37.835,129.9,17.0,-10.9,13.04
16:41:37.835,174.9,24.5,-24.4,2.18
16:41:37.835,219.9,49.9,-38.28,-32.01
16:41:37.835,264.9,21.6,-1.92,-21.51
16:41:37.835,309.9,58.1,37.27,-44.57
16:41:37.835,354.9,64.9,64.64,-5.77
16:41:37.904,41.4,73.8,55.36,48.8
16:41:37.904,86.4,20.9,1.31,20.86
16:41:37.904,131.4,17.0,-11.24,12.75
16:41:37.904,176.4,25.3,-25.25,1.59
16:41:37.904,221.4,51.2,-38.41,-33.86
16:41:37.904,266.4,22.8,-1.43,-22.76
16:41:37.904,311.4,43.4,28.7,-32.55
16:41:37.904,356.4,56.6,56.49,-3.55
16:41:37.977,42.8,74.3,54.52,50.48
16:41:37.977,87.8,23.9,0.92,23.88
16:41:37.977,132.8,18.6,-12.64,13.65
16:41:37.977,177.8,25.6,-25.58,0.98
16:41:37.977,222.8,52.1,-38.23,-35.4
16:41:37.977,267.8,42.3,-1.62,-42.27
16:41:37.977,312.8,35.9,24.39,-26.34
16:41:37.977,357.8,50.3,50.26,-1.93
16:41:38.062,44.3,74.8,53.53,52.24
16:41:38.062,89.3,79.0,0.97,78.99
16:41:38.062,134.3,16.3,-11.38,11.67
16:41:38.062,179.3,25.6,-25.6,0.31
16:41:38.062,224.3,35.3,-25.26,-24.65
16:41:38.062,269.3,20.9,-0.26,-20.9
16:41:38.062,314.3,36.3,25.35,-25.98
16:41:38.062,359.3,49.8,49.8,-0.61
16:41:38.163,45.8,74.5,51.94,53.41
16:41:38.163,90.8,30.2,-0.42,30.2
16:41:38.163,135.8,18.6,-13.33,12.97
16:41:38.163,180.8,24.5,-24.5,-0.34
16:41:38.163,225.8,34.0,-23.7,-24.37
16:41:38.163,270.8,20.9,0.29,-20.9
16:41:38.163,0.8,46.8,46.8,0.65
16:41:38.241,47.6,76.3,51.45,56.34
16:41:38.241,92.6,26.0,-1.18,25.97
16:41:38.241,137.6,17.0,-12.55,11.46
16:41:38.241,182.6,17.0,-16.98,-0.77
16:41:38.241,227.6,45.8,-30.88,-33.82
16:41:38.241,272.6,21.2,0.96,-21.18
16:41:38.241,317.6,43.8,32.34,-29.53
16:41:38.241,2.6,36.9,36.86,1.67
16:41:38.341,49.1,76.4,50.02,57.75
16:41:38.341,94.1,26.8,-1.92,26.73
16:41:38.341,139.1,17.0,-12.85,11.13
16:41:38.341,184.1,17.0,-16.96,-1.22
16:41:38.341,229.1,32.4,-21.21,-24.49
16:41:38.341,274.1,20.0,1.43,-19.95
16:41:38.341,319.1,369.5,279.29,-241.93
16:41:38.341,4.1,36.9,36.81,2.64
16:41:38.423,50.8,80.1,50.63,62.07
16:41:38.423,95.8,76.9,-7.77,76.51
16:41:38.423,140.8,17.0,-13.17,10.74
16:41:38.423,185.8,25.9,-25.77,-2.62
16:41:38.423,230.8,30.0,-18.96,-23.25
16:41:38.423,275.8,20.0,2.02,-19.9
16:41:38.423,320.8,44.0,34.1,-27.81
16:41:38.423,5.8,36.5,36.31,3.69
16:41:38.526,52.4,80.2,48.93,63.54
16:41:38.526,97.4,76.8,-9.89,76.16
16:41:38.526,142.4,17.0,-13.47,10.37
16:41:38.526,187.4,25.0,-24.79,-3.22
16:41:38.526,232.4,26.0,-15.86,-20.6
16:41:38.526,277.4,20.0,2.58,-19.83
16:41:38.526,7.4,37.1,36.79,4.78
16:41:38.637,54.2,106.8,62.47,86.62
16:41:38.637,99.2,76.4,-12.21,75.42
16:41:38.637,144.2,17.0,-13.79,9.94
16:41:38.637,189.2,17.6,-17.37,-2.81
16:41:38.637,234.2,26.3,-15.38,-21.33
16:41:38.637,279.2,21.2,3.39,-20.93
16:41:38.637,9.2,36.2,35.73,5.79
16:41:38.716,56.1,106.8,59.57,88.65
16:41:38.716,101.1,75.9,-14.61,74.48
16:41:38.716,146.1,17.0,-14.11,9.48
16:41:38.716,191.1,25.6,-25.12,-4.93
16:41:38.716,236.1,25.7,-14.33,-21.33
16:41:38.716,281.1,19.9,3.83,-19.53
16:41:38.716,326.1,42.8,35.52,-23.87
16:41:38.716,11.1,35.7,35.03,6.87
16:41:38.801,57.6,106.9,57.28,90.26
16:41:38.801,102.6,75.8,-16.54,73.97
16:41:38.801,147.6,15.7,-13.26,8.41
16:41:38.801,192.6,25.7,-25.08,-5.61
16:41:38.801,237.6,25.8,-13.82,-21.78
16:41:38.801,282.6,20.0,4.36,-19.52
16:41:38.801,327.6,42.3,35.72,-22.67
16:41:38.801,12.6,36.0,35.13,7.85
16:41:38.888,59.1,107.3,55.1,92.07
16:41:38.888,104.1,74.8,-18.22,72.55
16:41:38.888,149.1,16.7,-14.33,8.58
16:41:38.888,194.1,26.2,-25.41,-6.38
16:41:38.888,239.1,26.1,-13.4,-22.4
16:41:38.888,284.1,20.0,4.87,-19.4
16:41:38.888,329.1,41.4,35.52,-21.26
16:41:38.888,14.1,36.0,34.92,8.77
16:41:38.969,60.7,107.4,52.56,93.66
16:41:38.969,105.7,75.8,-20.51,72.97
16:41:38.969,150.7,16.7,-14.56,8.17
16:41:38.969,195.7,34.6,-33.31,-9.36
16:41:38.969,240.7,26.1,-12.77,-22.76
16:41:38.969,285.7,20.0,5.41,-19.25
16:41:38.969,330.7,41.4,36.1,-20.26
16:41:38.969,15.7,36.0,34.66,9.74
16:41:39.052,62.2,107.9,50.32,95.45
16:41:39.052,107.2,74.9,-22.15,71.55
16:41:39.052,152.2,16.7,-14.77,7.79
16:41:39.052,197.2,16.7,-15.95,-4.94
16:41:39.052,242.2,25.5,-11.89,-22.56
16:41:39.052,287.2,20.9,6.18,-19.97
16:41:39.052,332.2,40.5,35.83,-18.89
16:41:39.052,17.2,38.6,36.87,11.41
16:41:39.135,63.7,108.0,47.85,96.82
16:41:39.135,108.7,75.3,-24.14,71.32
16:41:39.135,153.7,16.7,-14.97,7.4
16:41:39.135,198.7,16.7,-15.82,-5.35
16:41:39.135,243.7,24.6,-10.9,-22.05
16:41:39.135,288.7,23.1,7.41,-21.88
16:41:39.135,333.7,40.0,35.86,-17.72
16:41:39.135,18.7,42.9,40.64,13.75
16:41:39.220,65.2,108.6,45.55,98.58
16:41:39.220,110.2,73.5,-25.38,68.98
16:41:39.220,155.2,16.3,-14.8,6.84
16:41:39.220,200.2,16.7,-15.67,-5.77
16:41:39.220,245.2,23.7,-9.94,-21.51
16:41:39.220,290.2,21.9,7.56,-20.55
16:41:39.220,335.2,40.0,36.31,-16.78
16:41:39.220,20.2,36.4,34.16,12.57
16:41:39.304,66.7,109.1,43.15,100.2
16:41:39.304,111.7,74.4,-27.51,69.13
16:41:39.304,156.7,16.3,-14.97,6.45
16:41:39.304,201.7,16.7,-15.52,-6.17
16:41:39.304,246.7,23.7,-9.37,-21.77
16:41:39.304,291.7,21.6,7.99,-20.07
16:41:39.304,336.7,40.0,36.74,-15.82
16:41:39.304,21.7,36.0,33.45,13.31
16:41:39.394,68.2,197.6,73.38,183.47
16:41:39.394,113.2,74.0,-29.15,68.02
16:41:39.394,158.2,17.3,-16.06,6.42
16:41:39.394,203.2,19.2,-17.65,-7.56
16:41:39.394,248.2,23.7,-8.8,-22.01
16:41:39.394,293.2,37.4,14.73,-34.38
16:41:39.394,338.2,39.5,36.68,-14.67
16:41:39.394,23.2,35.2,32.35,13.87
16:41:39.483,69.8,197.5,68.2,185.35
16:41:39.483,114.8,73.6,-30.87,66.81
16:41:39.483,159.8,17.0,-15.95,5.87
16:41:39.483,204.8,19.6,-17.79,-8.22
16:41:39.483,249.8,25.7,-8.87,-24.12
16:41:39.483,294.8,45.6,19.13,-41.39
16:41:39.483,339.8,39.5,37.07,-13.64
16:41:39.483,24.8,35.2,31.95,14.76
16:41:39.563,71.4,59.8,19.07,56.68
16:41:39.563,116.4,73.6,-32.73,65.92
16:41:39.563,161.4,16.7,-15.83,5.33
16:41:39.563,206.4,18.3,-16.39,-8.14
16:41:39.563,251.4,16.4,-5.23,-15.54
16:41:39.563,296.4,44.8,19.92,-40.13
16:41:39.563,341.4,39.1,37.06,-12.47
16:41:39.563,26.4,35.2,31.53,15.65
16:41:39.645,72.9,56.7,16.67,54.19
16:41:39.645,117.9,74.5,-34.86,65.84
16:41:39.645,162.9,18.9,-18.06,5.56
16:41:39.645,207.9,17.3,-15.29,-8.1
16:41:39.645,252.9,16.4,-4.82,-15.68
16:41:39.645,297.9,44.4,20.78,-39.24
16:41:39.645,342.9,40.0,38.23,-11.76
16:41:39.645,27.9,36.0,31.82,16.85
16:41:39.725,74.3,56.5,15.29,54.39
16:41:39.725,119.3,75.0,-36.7,65.41
16:41:39.725,164.3,18.6,-17.91,5.03
16:41:39.725,209.3,17.3,-15.09,-8.47
16:41:39.725,254.3,16.4,-4.44,-15.79
16:41:39.725,299.3,46.2,22.61,-40.29
16:41:39.725,344.3,22.4,21.56,-6.06
16:41:39.725,29.3,36.5,31.83,17.86
16:41:39.811,75.8,53.1,13.03,51.48
16:41:39.811,120.8,75.5,-38.66,64.85
16:41:39.811,165.8,18.3,-17.74,4.49
16:41:39.811,210.8,17.3,-14.86,-8.86
16:41:39.811,255.8,24.0,-5.89,-23.27
16:41:39.811,300.8,45.8,23.45,-39.34
16:41:39.811,345.8,21.4,20.75,-5.25
16:41:39.811,30.8,49.4,42.43,25.29
16:41:39.890,77.3,52.6,11.56,51.31
16:41:39.890,122.3,76.8,-41.04,64.92
16:41:39.890,167.3,29.7,-28.97,6.53
16:41:39.890,212.3,33.6,-28.4,-17.95
16:41:39.890,257.3,22.8,-5.01,-22.24
16:41:39.890,302.3,52.1,27.84,-44.04
16:41:39.890,347.3,40.9,39.9,-8.99
16:41:39.890,32.3,61.5,51.98,32.86
16:41:39.973,78.8,53.8,10.45,52.78
16:41:39.973,123.8,77.4,-43.06,64.32
16:41:39.973,168.8,27.1,-26.58,5.26
16:41:39.973,213.8,17.0,-14.13,-9.46
16:41:39.973,258.8,25.8,-5.01,-25.31
16:41:39.973,303.8,52.6,29.26,-43.71
16:41:39.973,348.8,23.0,22.56,-4.47
16:41:39.973,33.8,61.7,51.27,34.32
16:41:40.055,80.3,54.7,9.22,53.92
16:41:40.055,125.3,80.2,-46.34,65.45
16:41:40.055,170.3,29.4,-28.98,4.95
16:41:40.055,215.3,18.0,-14.69,-10.4
16:41:40.055,260.3,24.9,-4.2,-24.54
16:41:40.055,305.3,37.4,21.61,-30.52
16:41:40.055,350.3,20.8,20.5,-3.5
16:41:40.055,35.3,49.8,40.64,28.78
16:41:40.140,81.7,56.7,8.18,56.11
16:41:40.140,126.7,107.5,-64.24,86.19
16:41:40.140,171.7,28.6,-28.3,4.13
16:41:40.140,216.7,17.6,-14.11,-10.52
16:41:40.140,261.7,24.9,-3.59,-24.64
16:41:40.140,306.7,33.9,20.26,-27.18
16:41:40.140,351.7,20.8,20.58,-3.0
16:41:40.140,36.7,50.3,40.33,30.06
16:41:40.243,83.2,56.7,6.71,56.3
16:41:40.243,128.2,107.5,-66.48,84.48
16:41:40.243,173.2,29.9,-29.69,3.54
16:41:40.243,218.2,16.3,-12.81,-10.08
16:41:40.243,263.2,16.1,-1.91,-15.99
16:41:40.243,308.2,49.8,30.8,-39.14
16:41:40.243,353.2,21.1,20.95,-2.5
16:41:40.324,85.1,53.6,4.58,53.4
16:41:40.324,130.1,106.7,-68.73,81.62
16:41:40.324,175.1,26.5,-26.4,2.26
16:41:40.324,220.1,16.4,-12.54,-10.56
16:41:40.324,265.1,25.5,-2.18,-25.41
16:41:40.324,310.1,31.1,20.03,-23.79
16:41:40.324,355.1,19.8,19.73,-1.69
16:41:40.324,40.1,42.5,32.51,27.38
16:41:40.439,86.6,52.8,3.13,52.71
16:41:40.439,131.6,107.2,-71.17,80.16
16:41:40.439,176.6,75.2,-75.07,4.46
16:41:40.439,221.6,16.3,-12.19,-10.82
16:41:40.439,266.6,24.6,-1.46,-24.56
16:41:40.439,311.6,27.5,18.26,-20.56
16:41:40.439,356.6,19.8,19.77,-1.17
16:41:40.439,41.6,42.5,31.78,28.22
16:41:40.496,88.1,52.8,1.75,52.77
16:41:40.496,133.1,107.1,-73.18,78.2
16:41:40.496,178.1,75.5,-75.46,2.5
16:41:40.496,223.1,16.3,-11.9,-11.14
16:41:40.496,268.1,24.6,-0.82,-24.59
16:41:40.496,313.1,26.0,17.77,-18.98
16:41:40.496,358.1,21.1,21.09,-0.7
16:41:40.496,43.1,56.6,41.33,38.67
16:41:40.581,89.7,50.0,0.26,50.0
16:41:40.581,134.7,107.7,-75.76,76.55
16:41:40.581,179.7,73.3,-73.3,0.38
16:41:40.581,224.7,16.3,-11.59,-11.47
16:41:40.581,269.7,19.3,-0.1,-19.3
16:41:40.581,314.7,28.1,19.77,-19.97
16:41:40.581,359.7,21.1,21.1,-0.11
16:41:40.581,44.7,43.1,30.64,30.32
16:41:40.666,91.2,50.0,-1.05,49.99
16:41:40.666,136.2,107.7,-77.73,74.54
16:41:40.666,181.2,74.5,-74.48,-1.56
16:41:40.666,226.2,16.3,-11.28,-11.76
16:41:40.666,271.2,24.0,0.5,-23.99
16:41:40.666,316.2,26.3,18.98,-18.2
16:41:40.666,1.2,21.1,21.1,0.44
16:41:40.666,46.2,41.8,28.93,30.17
16:41:40.750,92.7,48.3,-2.28,48.25
16:41:40.750,137.7,108.2,-80.03,72.82
16:41:40.750,182.7,74.1,-74.02,-3.49
16:41:40.750,227.7,16.3,-10.97,-12.06
16:41:40.750,272.7,25.7,1.21,-25.67
16:41:40.750,317.7,25.7,19.01,-17.3
16:41:40.750,2.7,19.9,19.88,0.94
16:41:40.750,47.7,42.9,28.87,31.73
16:41:40.835,94.3,38.4,-2.88,38.29
16:41:40.835,139.3,108.6,-82.33,70.82
16:41:40.835,184.3,73.6,-73.39,-5.52
16:41:40.835,229.3,16.0,-10.43,-12.13
16:41:40.835,274.3,18.7,1.4,-18.65
16:41:40.835,319.3,25.7,19.48,-16.76
16:41:40.835,4.3,19.8,19.74,1.48
16:41:40.835,49.3,42.0,27.39,31.84
16:41:40.915,95.8,36.3,-3.67,36.11
16:41:40.915,140.8,43.5,-33.71,27.49
16:41:40.915,185.8,71.8,-71.43,-7.26
16:41:40.915,230.8,16.0,-10.11,-12.4
16:41:40.915,275.8,26.3,2.66,-26.17
16:41:40.915,320.8,26.0,20.15,-16.43
16:41:40.915,5.8,20.8,20.69,2.1
16:41:40.915,50.8,41.6,26.29,32.24
16:41:40.998,97.2,37.4,-4.69,37.11
16:41:40.998,142.2,108.8,-85.97,66.68
16:41:40.998,187.2,73.1,-72.52,-9.16
16:41:40.998,232.2,16.0,-9.81,-12.64
16:41:40.998,277.2,17.1,2.14,-16.97
16:41:40.998,322.2,25.2,19.91,-15.45
16:41:40.998,7.2,22.1,21.93,2.77
16:41:40.998,52.2,41.6,25.5,32.87
16:41:41.082,98.7,37.0,-5.6,36.57
16:41:41.082,143.7,108.9,-87.77,64.47
16:41:41.082,188.7,73.1,-72.26,-11.06
16:41:41.082,233.7,16.0,-9.47,-12.89
16:41:41.082,278.7,17.1,2.59,-16.9
16:41:41.082,323.7,25.5,20.55,-15.1
16:41:41.082,8.7,23.0,22.74,3.48
16:41:41.082,53.7,41.1,24.33,33.12
16:41:41.161,100.2,37.0,-6.55,36.42
16:41:41.161,145.2,44.1,-36.21,25.17
16:41:41.161,190.2,73.1,-71.94,-12.94
16:41:41.161,235.2,17.0,-9.7,-13.96
16:41:41.161,280.2,17.1,3.03,-16.83
16:41:41.161,325.2,24.6,20.2,-14.04
16:41:41.161,10.2,21.8,21.46,3.86
16:41:41.161,55.2,40.2,22.94,33.01
16:41:41.248,101.6,35.3,-7.1,34.58
16:41:41.248,146.6,198.5,-165.72,109.27
16:41:41.248,191.6,73.1,-71.61,-14.7
16:41:41.248,236.6,16.7,-9.19,-13.94
16:41:41.248,281.6,17.1,3.44,-16.75
16:41:41.248,326.6,24.6,20.54,-13.54
16:41:41.248,11.6,21.5,21.06,4.32
16:41:41.248,56.6,40.1,22.07,33.48
16:41:41.327,103.2,35.3,-8.06,34.37
16:41:41.327,148.2,43.1,-36.63,22.71
16:41:41.327,193.2,56.7,-55.2,-12.95
16:41:41.327,238.2,16.7,-8.8,-14.19
16:41:41.327,283.2,17.1,3.9,-16.65
16:41:41.327,328.2,24.6,20.91,-12.96
16:41:41.327,13.2,46.2,44.98,10.55
16:41:41.327,58.2,39.7,20.92,33.74
16:41:41.420,104.7,36.1,-9.16,34.92
16:41:41.420,149.7,197.5,-170.52,99.64
16:41:41.420,194.7,73.6,-71.19,-18.68
16:41:41.420,239.7,16.3,-8.22,-14.07
16:41:41.420,284.7,18.7,4.75,-18.09
16:41:41.420,329.7,25.7,22.19,-12.97
16:41:41.420,14.7,36.1,34.92,9.16
16:41:41.420,59.7,39.7,20.03,34.28
16:41:41.510,106.3,36.5,-10.24,35.03
16:41:41.510,151.3,197.6,-173.32,94.89
16:41:41.510,196.3,74.1,-71.12,-20.8
16:41:41.510,241.3,17.3,-8.31,-15.17
16:41:41.510,286.3,18.7,5.25,-17.95
16:41:41.510,331.3,24.9,21.84,-11.96
16:41:41.510,16.3,46.0,44.15,12.91
16:41:41.510,61.3,39.7,19.06,34.82
16:41:41.598,107.9,37.0,-11.37,35.21
16:41:41.598,152.9,197.9,-176.17,90.15
16:41:41.598,197.9,74.1,-70.51,-22.78
16:41:41.598,242.9,18.3,-8.34,-16.29
16:41:41.598,287.9,17.4,5.35,-16.56
16:41:41.598,332.9,16.1,14.33,-7.33
16:41:41.598,17.9,45.6,43.39,14.02
16:41:41.598,62.9,37.1,16.9,33.03
16:41:41.679,109.5,48.7,-16.26,45.91
16:41:41.679,154.5,58.9,-53.16,25.36
16:41:41.679,199.5,73.7,-69.47,-24.6
16:41:41.679,244.5,18.0,-7.75,-16.25
16:41:41.679,289.5,16.4,5.47,-15.46
16:41:41.679,334.5,16.1,14.53,-6.93
16:41:41.679,19.5,44.4,41.85,14.82
16:41:41.679,64.5,40.2,17.31,36.28
16:41:41.764,111.0,50.0,-17.92,46.68
16:41:41.764,156.0,56.6,-51.71,23.02
16:41:41.764,201.0,74.6,-69.65,-26.73
16:41:41.764,246.0,18.9,-7.69,-17.27
16:41:41.764,291.0,17.7,6.34,-16.52
16:41:41.764,336.0,16.1,14.71,-6.55
16:41:41.764,21.0,49.9,46.59,17.88
16:41:41.764,66.0,23.1,9.4,21.1
16:41:41.841,112.4,54.0,-20.58,49.93
16:41:41.841,157.4,56.5,-52.16,21.71
16:41:41.841,202.4,75.1,-69.43,-28.62
16:41:41.841,247.4,22.4,-8.61,-20.68
16:41:41.841,292.4,19.0,7.24,-17.57
16:41:41.841,337.4,16.1,14.86,-6.19
16:41:41.841,22.4,49.9,46.13,19.02
16:41:41.841,67.4,20.9,8.03,19.3
16:41:41.929,113.9,57.1,-23.13,52.2
16:41:41.929,158.9,56.5,-52.71,20.34
16:41:41.929,203.9,74.7,-68.29,-30.26
16:41:41.929,248.9,29.9,-10.76,-27.9
16:41:41.929,293.9,26.6,10.78,-24.32
16:41:41.929,338.9,16.1,15.02,-5.8
16:41:41.929,23.9,52.8,48.27,21.39
16:41:41.929,68.9,24.3,8.75,22.67
16:41:42.007,115.4,56.7,-24.32,51.22
16:41:42.007,160.4,54.3,-51.15,18.22
16:41:42.007,205.4,74.8,-67.57,-32.08
16:41:42.007,250.4,25.6,-8.59,-24.12
16:41:42.007,295.4,16.1,6.91,-14.54
16:41:42.007,340.4,16.1,15.17,-5.4
16:41:42.007,25.4,53.3,48.15,22.86
16:41:42.007,70.4,42.5,14.26,40.04
16:41:42.087,116.9,37.5,-16.97,33.44
16:41:42.087,161.9,55.5,-52.75,17.24
16:41:42.087,206.9,75.3,-67.15,-34.07
16:41:42.087,251.9,26.5,-8.23,-25.19
16:41:42.087,296.9,16.1,7.28,-14.36
16:41:42.087,341.9,24.9,23.67,-7.74
16:41:42.087,26.9,36.1,32.19,16.33
16:41:42.087,71.9,21.6,6.71,20.53
16:41:42.171,118.3,37.9,-17.97,33.37
16:41:42.171,163.3,52.9,-50.67,15.2
16:41:42.171,208.3,76.7,-67.53,-36.36
16:41:42.171,253.3,27.1,-7.79,-25.96
16:41:42.171,298.3,18.0,8.53,-15.85
16:41:42.171,343.3,17.1,16.38,-4.91
16:41:42.171,28.3,57.1,50.28,27.07
16:41:42.171,73.3,20.6,5.92,19.73
16:41:42.252,119.8,39.3,-19.53,34.1
16:41:42.252,164.8,53.3,-51.44,13.97
16:41:42.252,209.8,79.9,-69.33,-39.71
16:41:42.252,254.8,27.1,-7.11,-26.15
16:41:42.252,299.8,16.4,8.15,-14.23
16:41:42.252,344.8,17.1,16.5,-4.48
16:41:42.252,29.8,56.6,49.12,28.13
16:41:42.252,74.8,20.6,5.4,19.88
16:41:42.334,121.3,39.8,-20.68,34.01
16:41:42.334,166.3,53.6,-52.08,12.69
16:41:42.334,211.3,106.7,-91.17,-55.43
16:41:42.334,256.3,29.4,-6.96,-28.56
16:41:42.334,301.3,16.4,8.52,-14.01
16:41:42.334,346.3,17.1,16.61,-4.05
16:41:42.334,31.3,35.3,30.16,18.34
16:41:42.334,76.3,20.6,4.88,20.01
16:41:42.417,122.7,40.7,-21.99,34.25
16:41:42.417,167.7,53.6,-52.37,11.42
16:41:42.417,212.7,106.7,-89.79,-57.64
16:41:42.417,257.7,29.4,-6.26,-28.73
16:41:42.417,302.7,16.4,8.86,-13.8
16:41:42.417,347.7,25.5,24.91,-5.43
16:41:42.417,32.7,32.7,27.52,17.67
16:41:42.417,77.7,20.6,4.39,20.13
16:41:42.501,124.2,41.6,-23.38,34.41
16:41:42.501,169.2,53.1,-52.16,9.95
16:41:42.501,214.2,106.3,-87.92,-59.75
16:41:42.501,259.2,75.9,-14.22,-74.56
16:41:42.501,304.2,16.4,9.22,-13.56
16:41:42.501,349.2,25.2,24.75,-4.72
16:41:42.501,34.2,27.4,22.66,15.4
16:41:42.501,79.2,19.6,3.67,19.25
16:41:42.608,170.8,54.0,-53.31,8.63
16:41:42.608,215.8,106.8,-86.62,-62.47
16:41:42.608,260.8,75.3,-12.04,-74.33
16:41:42.608,305.8,16.4,9.59,-13.3
16:41:42.608,350.8,19.0,18.76,-3.04
16:41:42.608,35.8,25.9,21.01,15.15
16:41:42.608,80.8,19.6,3.13,19.35
16:41:42.694,127.7,44.0,-26.91,34.81
16:41:42.694,172.7,53.1,-52.67,6.75
16:41:42.694,217.7,106.8,-84.5,-65.31
16:41:42.694,262.7,74.8,-9.5,-74.19
16:41:42.694,307.7,16.4,10.03,-12.98
16:41:42.694,352.7,26.0,25.79,-3.3
16:41:42.694,37.7,25.9,20.49,15.84
16:41:42.694,82.7,20.9,2.66,20.73
16:41:42.780,129.2,41.9,-26.48,32.47
16:41:42.780,174.2,53.1,-52.83,5.37
16:41:42.780,219.2,107.3,-83.15,-67.82
16:41:42.780,264.2,74.3,-7.51,-73.92
16:41:42.780,309.2,16.4,10.37,-12.71
16:41:42.780,354.2,24.0,23.88,-2.43
16:41:42.780,39.2,25.3,19.61,15.99
16:41:42.780,84.2,20.9,2.11,20.79
16:41:42.871,130.8,150.4,-98.27,113.85
16:41:42.871,175.8,45.1,-44.98,3.3
16:41:42.871,220.8,107.4,-81.3,-70.18
16:41:42.871,265.8,73.0,-5.35,-72.8
16:41:42.871,310.8,16.4,10.72,-12.41
16:41:42.871,355.8,18.3,18.25,-1.34
16:41:42.871,40.8,25.3,19.15,16.53
16:41:42.871,85.8,20.6,1.51,20.54
16:41:42.960,132.4,43.4,-29.26,32.05
16:41:42.960,177.4,36.2,-36.16,1.64
16:41:42.960,222.4,56.6,-41.8,-38.17
16:41:42.960,267.4,74.7,-3.39,-74.62
16:41:42.960,312.4,16.4,11.06,-12.11
16:41:42.960,357.4,27.5,27.47,-1.25
16:41:42.960,42.4,25.6,18.9,17.26
16:41:42.960,87.4,19.3,0.88,19.28
16:41:43.040,133.9,41.6,-28.85,29.97
16:41:43.040,178.9,36.2,-36.19,0.69
16:41:43.040,223.9,107.9,-77.75,-74.82
16:41:43.040,268.9,72.9,-1.4,-72.89
16:41:43.040,313.9,16.4,11.37,-11.82
16:41:43.040,358.9,17.1,17.1,-0.33
16:41:43.040,43.9,25.6,18.45,17.75
16:41:43.040,88.9,19.3,0.37,19.3
16:41:43.120,135.4,44.2,-31.47,31.04
16:41:43.120,180.4,36.9,-36.9,-0.26
16:41:43.120,225.4,108.8,-76.39,-77.47
16:41:43.120,270.4,73.4,0.51,-73.4
16:41:43.120,315.4,16.4,11.68,-11.52
16:41:43.120,0.4,17.0,17.0,0.12
16:41:43.120,45.4,25.0,17.55,17.8
16:41:43.120,90.4,20.6,-0.14,20.6
16:41:43.206,136.9,42.8,-31.25,29.24
16:41:43.206,181.9,36.9,-36.88,-1.22
16:41:43.206,226.9,109.8,-75.02,-80.17
16:41:43.206,271.9,72.5,2.4,-72.46
16:41:43.206,316.9,16.1,11.76,-11.0
16:41:43.206,1.9,17.1,17.09,0.57
16:41:43.206,46.9,25.0,17.08,18.25
16:41:43.206,91.9,21.5,-0.71,21.49
16:41:43.293,138.4,40.7,-30.44,27.02
16:41:43.293,183.4,36.9,-36.84,-2.19
16:41:43.293,228.4,198.5,-131.79,-148.44
16:41:43.293,273.4,72.9,4.32,-72.77
16:41:43.293,318.4,16.1,12.04,-10.69
16:41:43.293,3.4,17.0,16.97,1.01
16:41:43.293,48.4,24.1,16.0,18.02
16:41:43.293,93.4,25.4,-1.51,25.36
16:41:43.381,140.0,39.8,-30.49,25.58
16:41:43.381,185.0,36.9,-36.76,-3.22
16:41:43.381,230.0,198.4,-127.53,-151.98
16:41:43.381,275.0,72.9,6.35,-72.62
16:41:43.381,320.0,16.1,12.33,-10.35
16:41:43.381,5.0,17.1,17.03,1.49
16:41:43.381,50.0,23.3,14.98,17.85
16:41:43.381,95.0,21.2,-1.85,21.12
16:41:43.471,141.6,39.8,-31.19,24.72
16:41:43.471,186.6,48.3,-47.98,-5.55
16:41:43.471,231.6,197.6,-122.74,-154.86
16:41:43.471,276.6,73.4,8.44,-72.91
16:41:43.471,321.6,17.1,13.4,-10.62
16:41:43.471,6.6,18.4,18.28,2.11
16:41:43.471,51.6,23.3,14.47,18.26
16:41:43.471,96.6,22.2,-2.55,22.05
16:41:43.553,143.2,39.8,-31.87,23.84
16:41:43.553,188.2,36.6,-36.23,-5.22
16:41:43.553,233.2,56.5,-33.84,-45.24
16:41:43.553,278.2,72.5,10.34,-71.76
16:41:43.553,323.2,16.7,13.37,-10.0
16:41:43.553,8.2,18.7,18.51,2.67
16:41:43.553,53.2,25.3,15.16,20.26
16:41:43.553,98.2,37.2,-5.31,36.82
16:41:43.634,144.7,39.3,-32.07,22.71
16:41:43.634,189.7,36.2,-35.68,-6.1
16:41:43.634,234.7,61.2,-35.36,-49.95
16:41:43.634,279.7,73.0,12.3,-71.96
16:41:43.634,324.7,16.4,13.38,-9.48
16:41:43.634,9.7,17.4,17.15,2.93
16:41:43.634,54.7,24.7,14.27,20.16
16:41:43.634,99.7,45.8,-7.72,45.15
16:41:43.716,146.2,39.3,-32.66,21.86
16:41:43.716,191.2,36.2,-35.51,-7.03
16:41:43.716,236.2,56.4,-31.38,-46.87
16:41:43.716,281.2,73.9,14.35,-72.49
16:41:43.716,326.2,17.4,14.46,-9.68
16:41:43.716,11.2,17.4,17.07,3.38
16:41:43.716,56.2,24.7,13.74,20.53
16:41:43.716,101.2,44.9,-8.72,44.04
16:41:43.802,147.7,38.8,-32.8,20.73
16:41:43.802,192.7,36.6,-35.7,-8.05
16:41:43.802,237.7,56.7,-30.3,-47.93
16:41:43.802,282.7,73.5,16.16,-71.7
16:41:43.802,327.7,18.4,15.55,-9.83
16:41:43.802,12.7,16.1,15.71,3.54
16:41:43.802,57.7,24.7,13.2,20.88
16:41:43.802,102.7,44.6,-9.81,43.51
16:41:43.882,149.1,39.3,-33.72,20.18
16:41:43.882,194.1,37.1,-35.98,-9.04
16:41:43.882,239.1,56.7,-29.12,-48.65
16:41:43.882,284.1,74.0,18.03,-71.77
16:41:43.882,329.1,19.3,16.56,-9.91
16:41:43.882,14.1,16.4,15.91,4.0
16:41:43.882,59.1,24.4,12.53,20.94
16:41:43.882,104.1,43.7,-10.65,42.38
16:41:43.966,150.6,39.3,-34.24,19.29
16:41:43.966,195.6,56.6,-54.52,-15.22
16:41:43.966,240.6,54.9,-26.95,-47.83
16:41:43.966,285.6,75.0,20.17,-72.24
16:41:43.966,330.6,19.0,16.55,-9.33
16:41:43.966,15.6,20.3,19.55,5.46
16:41:43.966,60.6,24.4,11.98,21.26
16:41:43.966,105.6,43.7,-11.75,42.09
16:41:44.050,152.1,39.8,-35.17,18.62
16:41:44.050,197.1,58.9,-56.3,-17.32
16:41:44.050,242.1,54.4,-25.46,-48.08
16:41:44.050,287.1,74.6,21.94,-71.3
16:41:44.050,332.1,21.6,19.09,-10.11
16:41:44.050,17.1,17.0,16.25,5.0
16:41:44.050,62.1,25.3,11.84,22.36
16:41:44.050,107.1,52.1,-15.32,49.8
16:41:44.154,153.6,41.2,-36.9,18.32
16:41:44.154,243.6,53.9,-23.97,-48.28
16:41:44.154,288.6,74.7,23.83,-70.8
16:41:44.154,333.6,25.2,22.57,-11.2
16:41:44.154,18.6,17.1,16.21,5.45
16:41:44.154,63.6,25.3,11.25,22.66
16:41:44.154,108.6,51.8,-16.52,49.09
16:41:44.256,155.5,22.8,-20.75,9.46
16:41:44.256,245.5,53.9,-22.35,-49.05
16:41:44.256,290.5,75.7,26.51,-70.91
16:41:44.256,335.5,30.0,27.3,-12.44
16:41:44.256,20.5,18.0,16.86,6.3
16:41:44.256,65.5,24.4,10.12,22.2
16:41:44.256,110.5,36.7,-12.85,34.38
16:41:44.339,157.4,20.6,-19.02,7.92
16:41:44.339,202.4,41.5,-38.37,-15.81
16:41:44.339,247.4,54.3,-20.87,-50.13
16:41:44.339,292.4,75.3,28.69,-69.62
16:41:44.339,337.4,26.6,24.56,-10.22
16:41:44.339,22.4,16.4,15.16,6.25
16:41:44.339,67.4,17.0,6.53,15.69
16:41:44.339,112.4,36.2,-13.79,33.47
16:41:44.418,158.8,20.6,-19.21,7.45
16:41:44.418,203.8,43.3,-39.62,-17.47
16:41:44.418,248.8,53.7,-19.42,-50.07
16:41:44.418,293.8,79.4,32.04,-72.65
16:41:44.418,338.8,24.6,22.94,-8.9
16:41:44.418,23.8,16.4,15.01,6.62
16:41:44.418,68.8,26.2,9.47,24.43
16:41:44.418,113.8,36.0,-14.53,32.94
16:41:44.501,160.3,20.9,-19.68,7.05
16:41:44.501,205.3,42.9,-38.79,-18.33
16:41:44.501,250.3,53.7,-18.1,-50.56
16:41:44.501,295.3,78.2,33.42,-70.7
16:41:44.501,340.3,75.4,70.99,-25.42
16:41:44.501,25.3,16.4,14.83,7.01
16:41:44.501,70.3,25.0,8.43,23.54
16:41:44.501,115.3,32.1,-13.72,29.02
16:41:44.607,161.8,19.6,-18.62,6.12
16:41:44.607,251.8,38.7,-12.09,-36.76
16:41:44.607,296.8,106.9,48.2,-95.42
16:41:44.607,341.8,73.5,69.82,-22.96
16:41:44.607,26.8,16.4,14.64,7.39
16:41:44.607,71.8,25.0,7.81,23.75
16:41:44.607,116.8,27.2,-12.26,24.28
16:41:44.711,163.7,19.7,-18.91,5.53
16:41:44.711,253.7,37.3,-10.47,-35.8
16:41:44.711,298.7,107.0,51.38,-93.85
16:41:44.711,343.7,74.8,71.79,-20.99
16:41:44.711,28.7,16.4,14.39,7.88
16:41:44.711,73.7,18.9,5.3,18.14
16:41:44.711,118.7,25.7,-12.34,22.54
16:41:44.797,165.6,20.9,-20.24,5.2
16:41:44.797,210.6,42.6,-36.67,-21.69
16:41:44.797,255.6,36.4,-9.05,-35.26
16:41:44.797,300.6,107.1,54.52,-92.19
16:41:44.797,345.6,74.3,71.97,-18.48
16:41:44.797,30.6,16.4,14.12,8.35
16:41:44.797,75.6,24.7,6.14,23.92
16:41:44.797,120.6,26.9,-13.69,23.15
16:41:44.902,167.1,20.9,-20.37,4.67
16:41:44.902,257.1,38.0,-8.48,-37.04
16:41:44.902,302.1,107.2,56.97,-90.81
16:41:44.902,347.1,74.3,72.42,-16.59
16:41:44.902,32.1,16.4,13.89,8.71
16:41:44.902,77.1,25.3,5.65,24.66
16:41:44.902,122.1,26.0,-13.82,22.03
16:41:44.986,169.0,19.6,-19.24,3.74
16:41:44.986,214.0,42.9,-35.57,-23.99
16:41:44.986,259.0,37.5,-7.16,-36.81
16:41:44.986,304.0,107.7,60.23,-89.29
16:41:44.986,349.0,74.7,73.33,-14.25
16:41:44.986,34.0,16.4,13.6,9.17
16:41:44.986,79.0,26.2,5.0,25.72
16:41:44.986,124.0,26.3,-14.71,21.8
16:41:45.069,170.5,19.7,-19.43,3.25
16:41:45.069,215.5,42.4,-34.52,-24.62
16:41:45.069,260.5,37.5,-6.19,-36.99
16:41:45.069,305.5,108.2,62.83,-88.09
16:41:45.069,350.5,72.5,71.51,-11.97
16:41:45.069,35.5,16.1,13.11,9.35
16:41:45.069,80.5,16.7,2.76,16.47
16:41:45.069,125.5,26.3,-15.27,21.41
16:41:45.153,172.0,20.6,-20.4,2.87
16:41:45.153,217.0,43.3,-34.58,-26.06
16:41:45.153,262.0,52.0,-7.24,-51.49
16:41:45.153,307.0,108.3,65.18,-86.49
16:41:45.153,352.0,72.9,72.19,-10.15
16:41:45.153,37.0,16.1,12.86,9.69
16:41:45.153,82.0,16.7,2.32,16.54
16:41:45.153,127.0,24.8,-14.93,19.81
16:41:45.236,173.5,20.6,-20.47,2.33
16:41:45.236,218.5,41.5,-32.48,-25.83
16:41:45.236,263.5,37.5,-4.25,-37.26
16:41:45.236,308.5,108.8,67.73,-85.15
16:41:45.236,353.5,72.9,72.43,-8.25
16:41:45.236,38.5,16.1,12.6,10.02
16:41:45.236,83.5,16.7,1.89,16.59
16:41:45.236,128.5,24.9,-15.5,19.49
16:41:45.325,175.0,21.6,-21.52,1.88
16:41:45.325,220.0,41.0,-31.41,-26.35
16:41:45.325,265.0,36.6,-3.19,-36.46
16:41:45.325,310.0,198.3,127.46,-151.91
16:41:45.325,355.0,72.9,72.62,-6.35
16:41:45.325,40.0,17.1,13.1,10.99
16:41:45.325,85.0,16.7,1.46,16.64
16:41:45.325,130.0,24.0,-15.43,18.39
16:41:45.415,176.6,22.5,-22.46,1.33
16:41:45.415,221.6,41.0,-30.66,-27.22
16:41:45.415,266.6,36.6,-2.17,-36.54
16:41:45.415,311.6,197.8,131.32,-147.91
16:41:45.415,356.6,72.5,72.37,-4.3
16:41:45.415,41.6,16.7,12.49,11.09
16:41:45.415,86.6,18.2,1.08,18.17
16:41:45.415,131.6,25.1,-16.66,18.77
16:41:45.503,178.2,21.2,-21.19,0.67
16:41:45.503,223.2,40.6,-29.6,-27.79
16:41:45.503,268.2,36.1,-1.13,-36.08
16:41:45.503,313.2,197.4,135.13,-143.9
16:41:45.503,358.2,72.5,72.46,-2.28
16:41:45.503,43.2,17.7,12.9,12.12
16:41:45.503,88.2,19.6,0.62,19.59
16:41:45.503,133.2,25.1,-17.18,18.3
16:41:45.593,179.8,36.3,-36.3,0.13
16:41:45.593,224.8,40.6,-28.81,-28.61
16:41:45.593,269.8,36.6,-0.13,-36.6
16:41:45.593,314.8,197.8,139.38,-140.35
16:41:45.593,359.8,73.4,73.4,-0.26
16:41:45.593,44.8,17.4,12.35,12.26
16:41:45.593,89.8,18.3,0.06,18.3
16:41:45.593,134.8,24.5,-17.26,17.38
16:41:45.683,180.0,44.8,-44.8,0.0
16:41:45.683,225.0,40.6,-28.71,-28.71
16:41:45.683,270.0,36.6,-0.0,-36.6
16:41:45.683,315.0,197.7,139.8,-139.8
16:41:45.683,0.0,72.6,72.6,0.0
16:41:45.683,45.0,17.4,12.3,12.3
16:41:45.683,90.0,17.3,0.0,17.3
16:41:45.683,135.0,23.7,-16.76,16.76
16:41:45.766,180.0,44.0,-44.0,0.0
16:41:45.766,225.0,41.0,-28.99,-28.99
16:41:45.766,270.0,36.6,-0.0,-36.6
16:41:45.766,315.0,56.6,40.02,-40.02
16:41:45.766,0.0,73.5,73.5,0.0
16:41:45.766,45.0,18.4,13.01,13.01
16:41:45.766,90.0,17.0,0.0,17.0
16:41:45.766,135.0,23.7,-16.76,16.76
16:41:45.850,180.0,45.8,-45.8,0.0
16:41:45.850,225.0,41.0,-28.99,-28.99
16:41:45.850,270.0,36.6,-0.0,-36.6
16:41:45.850,315.0,56.6,40.02,-40.02
16:41:45.850,0.0,73.5,73.5,0.0
16:41:45.850,45.0,18.3,12.94,12.94
16:41:45.850,90.0,17.0,0.0,17.0
16:41:45.850,135.0,23.7,-16.76,16.76
16:41:45.932,180.0,44.0,-44.0,0.0
16:41:45.932,225.0,41.0,-28.99,-28.99
16:41:45.932,270.0,37.1,-0.0,-37.1
16:41:45.932,315.0,56.6,40.02,-40.02
16:41:45.932,0.0,73.5,73.5,0.0
16:41:45.932,45.0,18.4,13.01,13.01
16:41:45.932,90.0,17.0,0.0,17.0
16:41:45.932,135.0,23.7,-16.76,16.76
16:41:46.014,180.0,44.0,-44.0,0.0
16:41:46.014,225.0,41.0,-28.99,-28.99
16:41:46.014,270.0,36.6,-0.0,-36.6
16:41:46.014,315.0,56.6,40.02,-40.02
16:41:46.014,0.0,73.5,73.5,0.0
16:41:46.014,45.0,18.4,13.01,13.01
16:41:46.014,90.0,17.0,0.0,17.0
16:41:46.014,135.0,23.7,-16.76,16.76
16:41:46.096,180.0,44.0,-44.0,0.0
16:41:46.096,225.0,41.0,-28.99,-28.99
16:41:46.096,270.0,37.1,-0.0,-37.1
16:41:46.096,315.0,56.6,40.02,-40.02
16:41:46.096,0.0,73.5,73.5,0.0
16:41:46.096,45.0,18.3,12.94,12.94
16:41:46.096,90.0,17.0,0.0,17.0
16:41:46.096,135.0,23.7,-16.76,16.76
16:41:46.182,180.0,43.6,-43.6,0.0
16:41:46.182,225.0,41.0,-28.99,-28.99
16:41:46.182,270.0,37.1,-0.0,-37.1
16:41:46.182,315.0,56.6,40.02,-40.02
16:41:46.182,0.0,73.5,73.5,0.0
16:41:46.182,45.0,18.4,13.01,13.01
16:41:46.182,90.0,17.0,0.0,17.0
16:41:46.182,135.0,23.7,-16.76,16.76
16:41:46.263,180.0,44.0,-44.0,0.0
16:41:46.263,225.0,41.0,-28.99,-28.99
16:41:46.263,270.0,37.1,-0.0,-37.1
16:41:46.263,315.0,67.2,47.52,-47.52
16:41:46.263,0.0,73.5,73.5,0.0
16:41:46.263,45.0,18.4,13.01,13.01
16:41:46.263,90.0,17.0,0.0,17.0
16:41:46.263,135.0,23.7,-16.76,16.76
16:41:46.354,180.0,44.0,-44.0,0.0
16:41:46.354,225.0,41.0,-28.99,-28.99
16:41:46.354,270.0,37.5,-0.0,-37.5
16:41:46.354,315.0,197.7,139.8,-139.8
16:41:46.354,0.0,73.0,73.0,0.0
16:41:46.354,45.0,18.4,13.01,13.01
16:41:46.354,90.0,17.0,0.0,17.0
16:41:46.354,135.0,23.7,-16.76,16.76
16:41:46.443,180.0,44.0,-44.0,0.0
16:41:46.443,225.0,40.6,-28.71,-28.71
16:41:46.443,270.0,37.5,-0.0,-37.5
16:41:46.443,315.0,197.7,139.8,-139.8
16:41:46.443,0.0,73.0,73.0,0.0
16:41:46.443,45.0,18.4,13.01,13.01
16:41:46.443,90.0,17.0,0.0,17.0
16:41:46.443,135.0,23.7,-16.76,16.76
16:41:46.536,180.0,44.0,-44.0,0.0
16:41:46.536,225.0,41.0,-28.99,-28.99
16:41:46.536,270.0,38.0,-0.0,-38.0
16:41:46.536,315.0,197.3,139.51,-139.51
16:41:46.536,0.0,73.5,73.5,0.0
16:41:46.536,45.0,18.4,13.01,13.01
16:41:46.536,90.0,17.0,0.0,17.0
16:41:46.536,135.0,23.7,-16.76,16.76
16:41:46.623,180.0,44.0,-44.0,0.0
16:41:46.623,225.0,41.0,-28.99,-28.99
16:41:46.623,270.0,49.5,-0.0,-49.5
16:41:46.623,315.0,197.3,139.51,-139.51
16:41:46.623,0.0,69.6,69.6,0.0
16:41:46.623,45.0,18.4,13.01,13.01
16:41:46.623,90.0,17.0,0.0,17.0
16:41:46.623,135.0,23.7,-16.76,16.76
16:41:46.706,180.0,44.0,-44.0,0.0
16:41:46.706,225.0,41.0,-28.99,-28.99
16:41:46.706,270.0,38.0,-0.0,-38.0
16:41:46.706,315.0,57.1,40.38,-40.38
16:41:46.706,0.0,73.0,73.0,0.0
16:41:46.706,45.0,18.4,13.01,13.01
16:41:46.706,90.0,17.0,0.0,17.0
16:41:46.706,135.0,23.7,-16.76,16.76
16:41:46.798,178.6,44.0,-43.99,1.08
16:41:46.798,223.6,41.0,-29.69,-28.27
16:41:46.798,268.6,37.5,-0.92,-37.49
16:41:46.798,313.6,197.3,136.06,-142.88
16:41:46.798,358.6,73.5,73.48,-1.8
16:41:46.798,43.6,18.4,13.32,12.69
16:41:46.798,88.6,17.0,0.42,16.99
16:41:46.798,133.6,23.7,-16.34,17.16
16:41:46.889,177.0,44.0,-43.94,2.3
16:41:46.889,222.0,41.0,-30.47,-27.43
16:41:46.889,267.0,38.0,-1.99,-37.95
16:41:46.889,312.0,197.7,132.29,-146.92
16:41:46.889,357.0,73.5,73.4,-3.85
16:41:46.889,42.0,18.4,13.67,12.31
16:41:46.889,87.0,17.0,0.89,16.98
16:41:46.889,132.0,23.7,-15.86,17.61
16:41:46.978,175.4,44.0,-43.86,3.53
16:41:46.978,220.4,41.0,-31.22,-26.57
16:41:46.978,265.4,37.5,-3.01,-37.38
16:41:46.978,310.4,197.7,128.13,-150.56
16:41:46.978,355.4,73.0,72.76,-5.85
16:41:46.978,40.4,16.1,12.26,10.43
16:41:46.978,85.4,18.2,1.46,18.14
16:41:46.978,130.4,24.5,-15.88,18.66
16:41:47.069,173.9,44.4,-44.15,4.72
16:41:47.069,218.9,40.5,-31.52,-25.43
16:41:47.069,263.9,37.1,-3.94,-36.89
16:41:47.069,308.9,197.7,124.15,-153.86
16:41:47.069,353.9,73.4,72.98,-7.8
16:41:47.069,38.9,17.7,13.77,11.11
16:41:47.069,83.9,19.5,2.07,19.39
16:41:47.069,128.9,25.4,-15.95,19.77
16:41:47.159,172.4,36.8,-36.48,4.87
16:41:47.159,217.4,40.5,-32.17,-24.6
16:41:47.159,262.4,37.1,-4.91,-36.77
16:41:47.159,307.4,197.8,120.14,-157.14
16:41:47.159,352.4,65.6,65.02,-8.68
16:41:47.159,37.4,17.7,14.06,10.75
16:41:47.159,82.4,19.5,2.58,19.33
16:41:47.159,127.4,25.1,-15.25,19.94
16:41:47.250,170.8,40.3,-39.78,6.44
16:41:47.250,215.8,40.5,-32.85,-23.69
16:41:47.250,260.8,37.1,-5.93,-36.62
16:41:47.250,305.8,197.4,115.47,-160.1
16:41:47.250,350.8,72.5,71.57,-11.59
16:41:47.250,35.8,16.7,13.54,9.77
16:41:47.250,80.8,18.2,2.91,17.97
16:41:47.250,125.8,24.0,-14.04,19.47
16:41:47.337,169.3,21.3,-20.93,3.95
16:41:47.337,214.3,40.6,-33.54,-22.88
16:41:47.337,259.3,37.1,-6.89,-36.45
16:41:47.337,304.3,197.8,111.47,-163.4
16:41:47.337,349.3,72.5,71.24,-13.46
16:41:47.337,34.3,17.0,14.04,9.58
16:41:47.337,79.3,17.9,3.32,17.59
16:41:47.337,124.3,25.1,-14.14,20.74
16:41:47.425,167.8,22.5,-21.99,4.75
16:41:47.425,212.8,41.0,-34.46,-22.21
16:41:47.425,257.8,37.1,-7.84,-36.26
16:41:47.425,302.8,197.8,107.15,-166.26
16:41:47.425,347.8,72.0,70.37,-15.22
16:41:47.425,32.8,16.1,13.53,8.72
16:41:47.425,77.8,16.7,3.53,16.32
16:41:47.425,122.8,24.8,-13.43,20.85
16:41:47.515,166.2,21.6,-20.98,5.15
16:41:47.515,211.2,41.0,-35.07,-21.24
16:41:47.515,256.2,37.1,-8.85,-36.03
16:41:47.515,301.2,198.4,102.78,-169.7
16:41:47.515,346.2,72.9,70.8,-17.39
16:41:47.515,31.2,16.1,13.77,8.34
16:41:47.515,76.2,16.7,3.98,16.22
16:41:47.515,121.2,24.8,-12.85,21.21
16:41:47.598,164.7,20.6,-19.87,5.44
16:41:47.598,209.7,41.5,-36.05,-20.56
16:41:47.598,254.7,37.5,-9.9,-36.17
16:41:47.598,299.7,108.4,53.71,-94.16
16:41:47.598,344.7,72.5,69.93,-19.13
16:41:47.598,29.7,16.1,13.98,7.98
16:41:47.598,74.7,16.7,4.41,16.11
16:41:47.598,119.7,25.7,-12.73,22.32
16:41:47.682,163.3,20.6,-19.73,5.92
16:41:47.682,208.3,43.3,-38.12,-20.53
16:41:47.682,253.3,38.0,-10.92,-36.4
16:41:47.682,298.3,108.3,51.34,-95.36
16:41:47.682,343.3,72.5,69.44,-20.83
16:41:47.682,28.3,16.1,14.18,7.63
16:41:47.682,73.3,16.7,4.8,16.0
16:41:47.682,118.3,26.3,-12.47,23.16
16:41:47.769,161.8,20.6,-19.57,6.43
16:41:47.769,206.8,42.4,-37.85,-19.12
16:41:47.769,251.8,38.5,-12.02,-36.57
16:41:47.769,296.8,107.8,48.6,-96.22
16:41:47.769,341.8,73.3,69.63,-22.89
16:41:47.769,26.8,16.4,14.64,7.39
16:41:47.769,71.8,26.2,8.18,24.89
16:41:47.769,116.8,26.3,-11.86,23.48
16:41:47.852,160.4,19.6,-18.46,6.57
16:41:47.852,205.4,42.4,-38.3,-18.19
16:41:47.852,250.4,38.0,-12.75,-35.8
16:41:47.852,295.4,107.7,46.2,-97.29
16:41:47.852,340.4,75.1,70.75,-25.19
16:41:47.852,25.4,16.4,14.81,7.03
16:41:47.852,70.4,25.3,8.49,23.83
16:41:47.852,115.4,26.0,-11.15,23.49
16:41:47.937,158.9,19.7,-18.38,7.09
16:41:47.937,203.9,42.9,-39.22,-17.38
16:41:47.937,248.9,38.0,-13.68,-35.45
16:41:47.937,293.9,107.7,43.63,-98.47
16:41:47.937,338.9,74.7,69.69,-26.89
16:41:47.937,23.9,16.4,14.99,6.64
16:41:47.937,68.9,25.3,9.11,23.6
16:41:47.937,113.9,26.0,-10.53,23.77
16:41:48.033,157.5,20.9,-19.31,8.0
16:41:48.033,202.5,151.2,-139.69,-57.86
16:41:48.033,247.5,36.4,-13.93,-33.63
16:41:48.033,292.5,107.6,41.18,-99.41
16:41:48.033,337.5,74.8,69.11,-28.62
16:41:48.033,22.5,16.4,15.15,6.28
16:41:48.033,67.5,24.7,9.45,22.82
16:41:48.033,112.5,25.7,-9.83,23.74
16:41:48.112,155.9,20.9,-19.08,8.53
16:41:48.112,200.9,42.7,-39.89,-15.23
16:41:48.112,245.9,36.8,-15.03,-33.59
16:41:48.112,290.9,107.1,38.21,-100.05
16:41:48.112,335.9,73.0,66.64,-29.81
16:41:48.112,20.9,16.4,15.32,5.85
16:41:48.112,65.9,17.6,7.19,16.07
16:41:48.112,110.9,26.6,-9.49,24.85
16:41:48.196,154.5,19.7,-17.78,8.48
16:41:48.196,199.5,43.1,-40.63,-14.39
16:41:48.196,244.5,37.3,-16.06,-33.67
16:41:48.196,289.5,107.0,35.72,-100.86
16:41:48.196,334.5,72.7,65.62,-31.3
16:41:48.196,19.5,16.4,15.46,5.47
16:41:48.196,64.5,25.0,10.76,22.56
16:41:48.196,109.5,27.2,-9.08,25.64
16:41:48.302,153.0,19.7,-17.55,8.94
16:41:48.302,243.0,52.7,-23.93,-46.96
16:41:48.302,288.0,107.0,33.06,-101.76
16:41:48.302,333.0,75.8,67.54,-34.41
16:41:48.302,18.0,16.4,15.6,5.07
16:41:48.302,63.0,25.0,11.35,22.28
16:41:48.302,108.0,32.1,-9.92,30.53
16:41:48.383,151.2,20.9,-18.31,10.07
16:41:48.383,196.2,42.9,-41.2,-11.97
16:41:48.383,241.2,53.2,-25.63,-46.62
16:41:48.383,286.2,80.0,22.32,-76.82
16:41:48.383,331.2,27.2,23.84,-13.1
16:41:48.383,16.2,16.4,15.75,4.58
16:41:48.383,61.2,25.9,12.48,22.7
16:41:48.383,106.2,32.6,-9.1,31.31
16:41:48.464,149.8,22.2,-19.19,11.17
16:41:48.464,194.8,42.9,-41.48,-10.96
16:41:48.464,239.8,53.2,-26.76,-45.98
16:41:48.464,284.8,79.5,20.31,-76.86
16:41:48.464,329.8,24.6,21.26,-12.37
16:41:48.464,14.8,16.4,15.86,4.19
16:41:48.464,59.8,17.0,8.55,14.69
16:41:48.464,104.8,47.4,-12.11,45.83
16:41:48.545,148.5,20.6,-17.56,10.76
16:41:48.545,193.5,60.8,-59.12,-14.19
16:41:48.545,238.5,54.6,-28.53,-46.55
16:41:48.545,283.5,79.4,18.54,-77.21
16:41:48.545,328.5,23.7,20.21,-12.38
16:41:48.545,13.5,16.4,15.95,3.83
16:41:48.545,58.5,17.0,8.88,14.49
16:41:48.545,103.5,36.2,-8.45,35.2
16:41:48.627,147.1,20.6,-17.3,11.19
16:41:48.627,192.1,43.3,-42.34,-9.08
16:41:48.627,237.1,56.3,-30.58,-47.27
16:41:48.627,282.1,75.7,15.87,-74.02
16:41:48.627,327.1,26.6,22.33,-14.45
16:41:48.627,12.1,18.0,17.6,3.77
16:41:48.627,57.1,24.4,13.25,20.49
16:41:48.627,102.1,37.6,-7.88,36.76
16:41:48.731,145.6,21.9,-18.07,12.37
16:41:48.731,235.6,56.4,-31.86,-46.54
16:41:48.731,280.6,75.2,13.83,-73.92
16:41:48.731,325.6,26.9,22.2,-15.2
16:41:48.731,10.6,17.1,16.81,3.15
16:41:48.731,55.6,25.3,14.29,20.88
16:41:48.731,100.6,52.7,-9.69,51.8
16:41:48.835,143.9,41.6,-33.61,24.51
16:41:48.835,233.9,53.0,-31.23,-42.82
16:41:48.835,278.9,74.6,11.54,-73.7
16:41:48.835,323.9,22.5,18.18,-13.26
16:41:48.835,8.9,17.1,16.89,2.65
16:41:48.835,53.9,25.3,14.91,20.44
16:41:48.835,98.9,52.2,-8.08,51.57
16:41:48.940,142.1,40.7,-32.12,25.0
16:41:48.940,232.1,52.7,-32.37,-41.58
16:41:48.940,277.1,74.2,9.17,-73.63
16:41:48.940,322.1,20.3,16.02,-12.47
16:41:48.940,7.1,34.5,34.24,4.26
16:41:48.940,52.1,24.4,14.99,19.25
16:41:48.940,97.1,45.6,-5.64,45.25
16:41:49.024,140.3,22.2,-17.08,14.18
16:41:49.024,185.3,61.3,-61.04,-5.66
16:41:49.024,230.3,54.1,-34.56,-41.62
16:41:49.024,275.3,75.0,6.93,-74.68
16:41:49.024,320.3,20.6,15.85,-13.16
16:41:49.024,5.3,17.7,17.62,1.63
16:41:49.024,50.3,24.5,15.65,18.85
16:41:49.024,95.3,45.6,-4.21,45.41
16:41:49.106,138.9,39.3,-29.62,25.83
16:41:49.106,183.9,56.6,-56.47,-3.85
16:41:49.106,228.9,56.7,-37.27,-42.73
16:41:49.106,273.9,74.4,5.06,-74.23
16:41:49.106,318.9,18.4,13.87,-12.1
16:41:49.106,3.9,16.4,16.36,1.12
16:41:49.106,48.9,24.4,16.04,18.39
16:41:49.106,93.9,44.6,-3.03,44.5
16:41:49.189,137.4,39.3,-28.93,26.6
16:41:49.189,182.4,49.8,-49.76,-2.09
16:41:49.189,227.4,58.0,-39.26,-42.69
16:41:49.189,272.4,74.0,3.1,-73.94
16:41:49.189,317.4,18.4,13.54,-12.45
16:41:49.189,2.4,16.1,16.09,0.67
16:41:49.189,47.4,24.7,16.72,18.18
16:41:49.189,92.4,44.5,-1.86,44.46
16:41:49.270,136.0,38.8,-27.91,26.95
16:41:49.270,181.0,37.6,-37.59,-0.66
16:41:49.270,226.0,56.4,-39.18,-40.57
16:41:49.270,271.0,73.9,1.29,-73.89
16:41:49.270,316.0,17.4,12.52,-12.09
16:41:49.270,1.0,17.4,17.4,0.3
16:41:49.270,46.0,24.7,17.16,17.77
16:41:49.270,91.0,45.0,-0.79,44.99
16:41:49.360,134.6,39.3,-27.59,27.98
16:41:49.360,179.6,37.6,-37.6,0.26
16:41:49.360,224.6,197.5,-140.63,-138.68
16:41:49.360,269.6,73.5,-0.51,-73.5
16:41:49.360,314.6,16.4,11.52,-11.68
16:41:49.360,359.6,18.7,18.7,-0.13
16:41:49.360,44.6,25.3,18.01,17.76
16:41:49.360,89.6,38.1,0.27,38.1
16:41:49.443,133.1,39.3,-26.85,28.7
16:41:49.443,178.1,37.5,-37.48,1.24
16:41:49.443,223.1,58.7,-42.86,-40.11
16:41:49.443,268.1,73.9,-2.45,-73.86
16:41:49.443,313.1,16.7,11.41,-12.19
16:41:49.443,358.1,19.6,19.59,-0.65
16:41:49.443,43.1,25.3,18.47,17.29
16:41:49.443,88.1,22.2,0.74,22.19
16:41:49.532,131.7,39.8,-26.48,29.72
16:41:49.532,176.7,37.5,-37.44,2.16
16:41:49.532,221.7,197.2,-147.24,-131.18
16:41:49.532,266.7,73.3,-4.22,-73.18
16:41:49.532,311.7,17.1,11.38,-12.77
16:41:49.532,356.7,18.4,18.37,-1.06
16:41:49.532,41.7,23.3,17.4,15.5
16:41:49.532,86.7,22.5,1.3,22.46
16:41:49.621,130.1,39.3,-25.31,30.06
16:41:49.621,175.1,37.5,-37.36,3.2
16:41:49.621,220.1,197.6,-151.15,-127.28
16:41:49.621,265.1,73.4,-6.27,-73.13
16:41:49.621,310.1,17.1,11.01,-13.08
16:41:49.621,355.1,17.1,17.04,-1.46
16:41:49.621,40.1,24.2,18.51,15.59
16:41:49.621,85.1,22.5,1.92,22.42
16:41:49.709,128.6,39.8,-24.83,31.1
16:41:49.709,173.6,37.1,-36.87,4.14
16:41:49.709,218.6,198.5,-155.13,-123.84
16:41:49.709,263.6,73.4,-8.18,-72.94
16:41:49.709,308.6,16.1,10.04,-12.58
16:41:49.709,353.6,17.0,16.89,-1.89
16:41:49.709,38.6,24.1,18.83,15.04
16:41:49.709,83.6,23.7,2.64,23.55
16:41:49.794,127.1,40.7,-24.55,32.46
16:41:49.794,172.1,38.0,-37.64,5.22
16:41:49.794,217.1,142.1,-113.34,-85.72
16:41:49.794,262.1,74.2,-10.2,-73.5
16:41:49.794,307.1,16.1,9.71,-12.84
16:41:49.794,352.1,17.1,16.94,-2.35
16:41:49.794,37.1,25.0,19.94,15.08
16:41:49.794,82.1,21.5,2.96,21.3
16:41:49.878,125.6,42.8,-24.91,34.8
16:41:49.878,170.6,38.0,-37.49,6.21
16:41:49.878,215.6,108.9,-88.55,-63.39
16:41:49.878,260.6,72.9,-11.91,-71.92
16:41:49.878,305.6,16.4,9.55,-13.33
16:41:49.878,350.6,16.7,16.48,-2.73
16:41:49.878,35.6,25.9,21.06,15.08
16:41:49.878,80.6,20.6,3.36,20.32
16:41:49.963,124.2,42.8,-24.06,35.4
16:41:49.963,169.2,52.6,-51.67,9.86
16:41:49.963,214.2,108.5,-89.74,-60.99
16:41:49.963,259.2,73.3,-13.74,-72.0
16:41:49.963,304.2,16.4,9.22,-13.56
16:41:49.963,349.2,16.7,16.4,-3.13
16:41:49.963,34.2,25.6,21.17,14.39
16:41:49.963,79.2,19.3,3.62,18.96
16:41:50.048,122.7,41.6,-22.47,35.01
16:41:50.048,167.7,52.1,-50.9,11.1
16:41:50.048,212.7,107.5,-90.46,-58.08
16:41:50.048,257.7,73.3,-15.62,-71.62
16:41:50.048,302.7,16.4,8.86,-13.8
16:41:50.048,347.7,26.3,25.7,-5.6
16:41:50.048,32.7,25.6,21.54,13.83
16:41:50.048,77.7,19.3,4.11,18.86
16:41:50.132,121.3,41.6,-21.61,35.55
16:41:50.132,166.3,52.1,-50.62,12.34
16:41:50.132,211.3,107.9,-92.2,-56.06
16:41:50.132,256.3,72.1,-17.08,-70.05
16:41:50.132,301.3,16.4,8.52,-14.01
16:41:50.132,346.3,17.1,16.61,-4.05
16:41:50.132,31.3,25.3,21.62,13.14
16:41:50.132,76.3,20.6,4.88,20.01
16:41:50.215,119.9,42.1,-20.99,36.5
16:41:50.215,164.9,38.9,-37.56,10.13
16:41:50.215,209.9,107.4,-93.1,-53.54
16:41:50.215,254.9,72.1,-18.78,-69.61
16:41:50.215,299.9,16.4,8.18,-14.22
16:41:50.215,344.9,24.0,23.17,-6.25
16:41:50.215,29.9,25.3,21.93,12.61
16:41:50.215,74.9,20.9,5.44,20.18
16:41:50.302,118.4,58.0,-27.59,51.02
16:41:50.302,163.4,52.4,-50.22,14.97
16:41:50.302,208.4,107.3,-94.39,-51.03
16:41:50.302,253.4,74.4,-21.26,-71.3
16:41:50.302,298.4,16.4,7.8,-14.43
16:41:50.302,343.4,24.9,23.86,-7.11
16:41:50.302,28.4,26.8,23.57,12.75
16:41:50.302,73.4,20.9,5.97,20.03
16:41:50.387,116.9,42.3,-19.14,37.72
16:41:50.387,161.9,37.3,-35.45,11.59
16:41:50.387,206.9,107.3,-95.69,-48.55
16:41:50.387,251.9,74.3,-23.08,-70.62
16:41:50.387,296.9,16.4,7.42,-14.63
16:41:50.387,341.9,25.1,23.86,-7.8
16:41:50.387,26.9,25.9,23.1,11.72
16:41:50.387,71.9,19.6,6.09,18.63
16:41:50.472,115.5,42.3,-18.21,38.18
16:41:50.472,160.5,37.8,-35.63,12.62
16:41:50.472,205.5,106.8,-96.4,-45.98
16:41:50.472,250.5,75.3,-25.14,-70.98
16:41:50.472,295.5,16.4,7.06,-14.8
16:41:50.472,340.5,19.0,17.91,-6.34
16:41:50.472,25.5,25.6,23.11,11.02
16:41:50.472,70.5,19.6,6.54,18.48
16:41:50.560,114.0,43.2,-17.57,39.47
16:41:50.560,159.0,53.3,-49.76,19.1
16:41:50.560,204.0,106.7,-97.48,-43.4
16:41:50.560,249.0,75.8,-27.16,-70.77
16:41:50.560,294.0,16.4,6.67,-14.98
16:41:50.560,339.0,17.7,16.52,-6.34
16:41:50.560,24.0,27.3,24.94,11.1
16:41:50.560,69.0,19.6,7.02,18.3
16:41:50.645,112.6,60.8,-23.37,56.13
16:41:50.645,157.6,53.3,-49.28,20.31
16:41:50.645,202.6,106.8,-98.6,-41.04
16:41:50.645,247.6,75.9,-28.92,-70.17
16:41:50.645,292.6,16.4,6.3,-15.14
16:41:50.645,337.6,25.4,23.48,-9.68
16:41:50.645,22.6,32.7,30.19,12.57
16:41:50.645,67.6,20.6,7.85,19.05
16:41:50.725,111.1,42.5,-15.3,39.65
16:41:50.725,156.1,53.3,-48.73,21.59
16:41:50.725,201.1,106.7,-99.55,-38.41
16:41:50.725,246.1,27.7,-11.22,-25.32
16:41:50.725,291.1,16.4,5.9,-15.3
16:41:50.725,336.1,25.5,23.31,-10.33
16:41:50.725,21.1,35.3,32.93,12.71
16:41:50.725,66.1,20.6,8.35,18.83
16:41:50.809,109.7,42.1,-14.19,39.64
16:41:50.809,154.7,53.3,-48.19,22.78
16:41:50.809,199.7,106.7,-100.45,-35.97
16:41:50.809,244.7,24.2,-10.34,-21.88
16:41:50.809,289.7,16.4,5.53,-15.44
16:41:50.809,334.7,17.0,15.37,-7.27
16:41:50.809,19.7,57.2,53.85,19.28
16:41:50.809,64.7,20.6,8.8,18.62
16:41:50.895,108.2,38.6,-12.06,36.67
16:41:50.895,153.2,54.1,-48.29,24.39
16:41:50.895,198.2,80.4,-76.38,-25.11
16:41:50.895,243.2,27.1,-12.22,-24.19
16:41:50.895,288.2,16.4,5.12,-15.58
16:41:50.895,333.2,17.1,15.26,-7.71
16:41:50.895,18.2,45.8,43.51,14.3
16:41:50.895,63.2,20.3,9.15,18.12
16:41:50.972,106.8,41.2,-11.91,39.44
16:41:50.972,151.8,62.3,-54.91,29.44
16:41:50.972,196.8,79.8,-76.39,-23.06
16:41:50.972,241.8,27.1,-12.81,-23.88
16:41:50.972,286.8,18.0,5.2,-17.23
16:41:50.972,331.8,17.0,14.98,-8.03
16:41:50.972,16.8,36.1,34.56,10.43
16:41:50.972,61.8,20.3,9.59,17.89
16:41:51.055,105.5,41.2,-11.01,39.7
16:41:51.055,150.5,57.2,-49.78,28.17
16:41:51.055,195.5,76.7,-73.91,-20.5
16:41:51.055,240.5,29.7,-14.62,-25.85
16:41:51.055,285.5,18.4,4.92,-17.73
16:41:51.055,330.5,24.9,21.67,-12.26
16:41:51.055,15.5,36.1,34.79,9.65
16:41:51.055,60.5,21.5,10.59,18.71
16:41:51.139,104.0,58.8,-14.23,57.05
16:41:51.139,149.0,64.9,-55.63,33.43
16:41:51.139,194.0,74.9,-72.68,-18.12
16:41:51.139,239.0,24.8,-12.77,-21.26
16:41:51.139,284.0,16.1,3.89,-15.62
16:41:51.139,329.0,24.9,21.34,-12.82
16:41:51.139,14.0,56.5,54.82,13.67
16:41:51.139,59.0,43.3,22.3,37.12
16:41:51.222,102.6,50.4,-10.99,49.19
16:41:51.222,147.6,61.6,-52.01,33.01
16:41:51.222,192.6,75.2,-73.39,-16.4
16:41:51.222,237.6,25.6,-13.72,-21.61
16:41:51.222,282.6,18.4,4.01,-17.96
16:41:51.222,327.6,16.1,13.59,-8.63
16:41:51.222,12.6,50.8,49.58,11.08
16:41:51.222,57.6,22.2,11.9,18.74
16:41:51.304,101.2,46.4,-9.01,45.52
16:41:51.304,146.2,64.6,-53.68,35.94
16:41:51.304,191.2,74.8,-73.38,-14.53
16:41:51.304,236.2,29.9,-16.63,-24.85
16:41:51.304,281.2,20.3,3.94,-19.91
16:41:51.304,326.2,16.1,13.38,-8.96
16:41:51.304,11.2,51.6,50.62,10.02
16:41:51.304,56.2,20.9,11.63,17.37
16:41:51.388,99.8,46.5,-7.91,45.82
16:41:51.388,144.8,56.5,-46.17,32.57
16:41:51.388,189.8,75.1,-74.0,-12.78
16:41:51.388,234.8,21.5,-12.39,-17.57
16:41:51.388,279.8,17.7,3.01,-17.44
16:41:51.388,324.8,16.1,13.16,-9.28
16:41:51.388,9.8,49.9,49.17,8.49
16:41:51.388,54.8,23.1,13.32,18.88
16:41:51.475,98.4,47.3,-6.91,46.79
16:41:51.475,143.4,197.4,-158.48,117.69
16:41:51.475,188.4,73.8,-73.01,-10.78
16:41:51.475,233.4,18.9,-11.27,-15.17
16:41:51.475,278.4,16.4,2.4,-16.22
16:41:51.475,323.4,16.1,12.93,-9.6
16:41:51.475,8.4,44.4,43.92,6.49
16:41:51.475,53.4,39.7,23.67,31.87
16:41:51.564,96.8,36.8,-4.36,36.54
16:41:51.564,141.8,197.5,-155.21,122.14
16:41:51.564,186.8,74.2,-73.68,-8.79
16:41:51.564,231.8,18.0,-11.13,-14.15
16:41:51.564,276.8,16.4,1.94,-16.28
16:41:51.564,321.8,16.1,12.65,-9.96
16:41:51.564,6.8,44.8,44.48,5.3
16:41:51.564,51.8,39.7,24.55,31.2
16:41:51.656,95.3,36.3,-3.35,36.14
16:41:51.656,140.3,197.9,-152.26,126.41
16:41:51.656,185.3,74.2,-73.88,-6.85
16:41:51.656,230.3,18.3,-11.69,-14.08
16:41:51.656,275.3,17.4,1.61,-17.33
16:41:51.656,320.3,16.1,12.39,-10.28
16:41:51.656,5.3,45.2,45.01,4.18
16:41:51.656,50.3,39.7,25.36,30.55
16:41:51.743,93.8,36.3,-2.41,36.22
16:41:51.743,138.8,198.0,-148.98,130.42
16:41:51.743,183.8,74.1,-73.94,-4.91
16:41:51.743,228.8,17.3,-11.4,-13.02
16:41:51.743,273.8,18.7,1.24,-18.66
16:41:51.743,318.8,24.9,18.74,-16.4
16:41:51.743,3.8,46.0,45.9,3.05
16:41:51.743,48.8,39.7,26.15,29.87
16:41:51.833,92.2,36.3,-1.39,36.27
16:41:51.833,137.2,197.6,-144.99,134.26
16:41:51.833,182.2,74.1,-74.05,-2.84
16:41:51.833,227.2,16.3,-11.07,-11.96
16:41:51.833,272.2,18.7,0.72,-18.69
16:41:51.833,317.2,25.7,18.86,-17.46
16:41:51.833,2.2,36.1,36.07,1.39
16:41:51.833,47.2,40.2,27.31,29.5
16:41:51.923,90.7,36.3,-0.44,36.3
16:41:51.923,135.7,197.1,-141.06,137.66
16:41:51.923,180.7,73.6,-73.59,-0.9
16:41:51.923,225.7,16.7,-11.66,-11.95
16:41:51.923,270.7,18.4,0.22,-18.4
16:41:51.923,315.7,24.6,17.61,-17.18
16:41:51.923,0.7,48.4,48.4,0.59
16:41:51.923,45.7,40.2,28.08,28.77
16:41:52.010,89.1,36.3,0.57,36.3
16:41:52.010,134.1,197.6,-137.51,141.9
16:41:52.010,179.1,73.6,-73.59,1.16
16:41:52.010,224.1,16.7,-11.99,-11.62
16:41:52.010,269.1,17.1,-0.27,-17.1
16:41:52.010,314.1,23.7,16.49,-17.02
16:41:52.010,359.1,21.4,21.4,-0.34
16:41:52.010,44.1,40.1,28.8,27.91
16:41:52.097,87.6,36.3,1.52,36.27
16:41:52.097,132.6,110.0,-74.46,80.97
16:41:52.097,177.6,74.0,-73.94,3.1
16:41:52.097,222.6,17.0,-12.51,-11.51
16:41:52.097,267.6,17.1,-0.72,-17.09
16:41:52.097,312.6,24.6,16.65,-18.11
16:41:52.097,357.6,21.8,21.78,-0.91
16:41:52.097,42.6,40.6,29.89,27.48
16:41:52.183,86.2,36.3,2.41,36.22
16:41:52.183,131.2,199.0,-131.08,149.73
16:41:52.183,176.2,73.5,-73.34,4.87
16:41:52.183,221.2,16.0,-12.04,-10.54
16:41:52.183,266.2,17.1,-1.13,-17.06
16:41:52.183,311.2,25.5,16.8,-19.19
16:41:52.183,356.2,23.0,22.95,-1.52
16:41:52.183,41.2,41.1,30.92,27.07
16:41:52.265,84.7,36.8,3.4,36.64
16:41:52.265,129.7,110.6,-70.65,85.1
16:41:52.265,174.7,73.6,-73.29,6.8
16:41:52.265,219.7,16.0,-12.31,-10.22
16:41:52.265,264.7,17.1,-1.58,-17.03
16:41:52.265,309.7,25.1,16.03,-19.31
16:41:52.265,354.7,22.1,22.01,-2.04
16:41:52.265,39.7,41.6,32.01,26.57
16:41:52.348,83.3,37.2,4.34,36.95
16:41:52.348,128.3,108.8,-67.43,85.38
16:41:52.348,173.3,73.6,-73.1,8.59
16:41:52.348,218.3,16.0,-12.56,-9.92
16:41:52.348,263.3,17.1,-2.0,-16.98
16:41:52.348,308.3,25.2,15.62,-19.78
16:41:52.348,353.3,20.8,20.66,-2.43
16:41:52.348,38.3,42.0,32.96,26.03
16:41:52.429,81.8,37.2,5.31,36.82
16:41:52.429,126.8,44.9,-26.9,35.95
16:41:52.429,171.8,72.3,-71.56,10.31
16:41:52.429,216.8,16.0,-12.81,-9.58
16:41:52.429,261.8,26.3,-3.75,-26.03
16:41:52.429,306.8,26.6,15.93,-21.3
16:41:52.429,351.8,19.8,19.6,-2.82
16:41:52.429,36.8,40.4,32.35,24.2
16:41:52.517,80.5,37.7,6.22,37.18
16:41:52.517,125.5,108.3,-62.89,88.17
16:41:52.517,170.5,74.1,-73.08,12.23
16:41:52.517,215.5,16.3,-13.27,-9.47
16:41:52.517,260.5,18.7,-3.09,-18.44
16:41:52.517,305.5,25.7,14.92,-20.92
16:41:52.517,350.5,19.9,19.63,-3.28
16:41:52.517,35.5,40.9,33.3,23.75
16:41:52.598,79.0,38.2,7.29,37.5
16:41:52.598,124.0,107.8,-60.28,89.37
16:41:52.598,169.0,74.1,-72.74,14.14
16:41:52.598,214.0,16.3,-13.51,-9.11
16:41:52.598,259.0,24.9,-4.75,-24.44
16:41:52.598,304.0,25.7,14.37,-21.31
16:41:52.598,349.0,19.9,19.53,-3.8
16:41:52.598,34.0,44.8,37.14,25.05
16:41:52.680,77.6,38.6,8.29,37.7
16:41:52.680,122.6,39.9,-21.5,33.61
16:41:52.680,167.6,75.0,-73.25,16.11
16:41:52.680,212.6,16.3,-13.73,-8.78
16:41:52.680,257.6,24.0,-5.15,-23.44
16:41:52.680,302.6,26.3,14.17,-22.16
16:41:52.680,347.6,21.1,20.61,-4.53
16:41:52.680,32.6,43.1,36.31,23.22
16:41:52.758,76.2,36.5,8.71,35.45
16:41:52.758,121.2,41.5,-21.5,35.5
16:41:52.758,166.2,74.1,-71.96,17.68
16:41:52.758,211.2,16.3,-13.94,-8.44
16:41:52.758,256.2,19.3,-4.6,-18.74
16:41:52.758,301.2,28.1,14.56,-24.04
16:41:52.758,346.2,21.1,20.49,-5.03
16:41:52.758,31.2,42.7,36.52,22.12
16:41:52.839,74.8,37.5,9.83,36.19
16:41:52.839,119.8,43.5,-21.62,37.75
16:41:52.839,164.8,75.5,-72.86,19.8
16:41:52.839,209.8,16.4,-14.23,-8.15
16:41:52.839,254.8,24.6,-6.45,-23.74
16:41:52.839,299.8,26.0,12.92,-22.56
16:41:52.839,344.8,21.1,20.36,-5.53
16:41:52.839,29.8,45.0,39.05,22.36
16:41:52.941,73.5,50.0,14.2,47.94
16:41:52.941,118.5,106.8,-50.96,93.86
16:41:52.941,163.5,75.1,-72.01,21.33
16:41:52.941,208.5,16.3,-14.32,-7.78
16:41:52.941,253.5,24.6,-6.99,-23.59
16:41:52.941,298.5,27.8,13.27,-24.43
16:41:52.941,343.5,19.9,19.08,-5.65
16:41:52.941,28.5,49.9,43.85,23.81
16:41:53.005,72.0,53.8,16.63,51.17
16:41:53.005,117.0,106.7,-48.44,95.07
16:41:53.005,162.0,29.6,-28.15,9.15
16:41:53.005,207.0,16.4,-14.61,-7.45
16:41:53.005,252.0,25.5,-7.88,-24.25
16:41:53.005,297.0,29.2,13.26,-26.02
16:41:53.005,342.0,19.9,18.93,-6.15
16:41:53.005,27.0,43.9,39.12,19.93
16:41:53.090,70.6,54.7,18.17,51.59
16:41:53.090,115.6,107.6,-46.49,97.04
16:41:53.090,160.6,27.4,-25.84,9.1
16:41:53.090,205.6,16.3,-14.7,-7.04
16:41:53.090,250.6,25.5,-8.47,-24.05
16:41:53.090,295.6,32.4,14.0,-29.22
16:41:53.090,340.6,19.9,18.77,-6.61
16:41:53.090,25.6,40.9,36.88,17.67
16:41:53.168,69.2,54.7,19.42,51.13
16:41:53.168,114.2,107.1,-43.9,97.69
16:41:53.168,159.2,26.5,-24.77,9.41
16:41:53.168,204.2,16.4,-14.96,-6.72
16:41:53.168,249.2,16.1,-5.72,-15.05
16:41:53.168,294.2,43.8,17.95,-39.95
16:41:53.168,339.2,20.8,19.44,-7.39
16:41:53.168,24.2,39.5,36.03,16.19
16:41:53.250,67.8,54.7,20.67,50.65
16:41:53.250,112.8,107.5,-41.66,99.1
16:41:53.250,157.8,29.9,-27.68,11.3
16:41:53.250,202.8,16.3,-15.03,-6.32
16:41:53.250,247.8,16.1,-6.08,-14.91
16:41:53.250,292.8,33.9,13.14,-31.25
16:41:53.250,337.8,20.8,19.26,-7.86
16:41:53.250,22.8,38.1,35.12,14.76
16:41:53.334,66.4,56.0,22.42,51.32
16:41:53.334,111.4,107.5,-39.22,100.09
16:41:53.334,156.4,28.5,-26.12,11.41
16:41:53.334,201.4,18.0,-16.76,-6.57
16:41:53.334,246.4,24.9,-9.97,-22.82
16:41:53.334,291.4,37.5,13.68,-34.91
16:41:53.334,336.4,20.8,19.06,-8.33
16:41:53.334,21.4,37.2,34.64,13.57
16:41:53.416,65.0,56.8,24.0,51.48
16:41:53.416,110.0,77.0,-26.34,72.36
16:41:53.416,155.0,30.2,-27.37,12.76
16:41:53.416,200.0,17.0,-15.97,-5.81
16:41:53.416,245.0,24.9,-10.52,-22.57
16:41:53.416,290.0,52.6,17.99,-49.43
16:41:53.416,335.0,23.0,20.85,-9.72
16:41:53.416,20.0,36.7,34.49,12.55
16:41:53.500,63.5,57.1,25.48,51.1
16:41:53.500,108.5,76.1,-24.15,72.17
16:41:53.500,153.5,26.2,-23.45,11.69
16:41:53.500,198.5,18.0,-17.07,-5.71
16:41:53.500,243.5,25.7,-11.47,-23.0
16:41:53.500,288.5,52.9,16.79,-50.17
16:41:53.500,333.5,40.9,36.6,-18.25
16:41:53.500,18.5,68.6,65.06,21.77
16:41:53.582,62.1,56.6,26.48,50.02
16:41:53.582,107.1,75.6,-22.23,72.26
16:41:53.582,152.1,29.7,-26.25,13.9
16:41:53.582,197.1,34.9,-33.36,-10.26
16:41:53.582,242.1,22.8,-10.67,-20.15
16:41:53.582,287.1,52.0,15.29,-49.7
16:41:53.582,332.1,21.5,19.0,-10.06
16:41:53.582,17.1,48.2,46.07,14.17
16:41:53.663,60.7,57.5,28.14,50.14
16:41:53.663,105.7,75.9,-20.54,73.07
16:41:53.663,150.7,19.6,-17.09,9.59
16:41:53.663,195.7,17.3,-16.65,-4.68
16:41:53.663,240.7,16.4,-8.03,-14.3
16:41:53.663,285.7,45.8,12.39,-44.09
16:41:53.663,330.7,22.4,19.53,-10.96
16:41:53.663,15.7,46.4,44.67,12.56
16:41:53.744,59.3,56.7,28.95,48.75
16:41:53.744,104.3,75.0,-18.52,72.68
16:41:53.744,149.3,18.6,-15.99,9.5
16:41:53.744,194.3,17.3,-16.76,-4.27
16:41:53.744,239.3,16.4,-8.37,-14.1
16:41:53.744,284.3,46.6,11.51,-45.16
16:41:53.744,329.3,40.0,34.39,-20.42
16:41:53.744,14.3,49.8,48.26,12.3
16:41:53.826,57.9,65.3,34.7,55.32
16:41:53.826,102.9,75.4,-16.83,73.5
16:41:53.826,147.9,18.9,-16.01,10.04
16:41:53.826,192.9,17.3,-16.86,-3.86
16:41:53.826,237.9,16.4,-8.71,-13.89
16:41:53.826,282.9,44.4,9.91,-43.28
16:41:53.826,327.9,41.6,35.24,-22.11
16:41:53.826,12.9,36.2,35.29,8.08
16:41:53.917,56.5,197.5,109.01,164.69
16:41:53.917,101.5,74.9,-14.93,73.4
16:41:53.917,146.5,18.0,-15.01,9.93
16:41:53.917,191.5,18.3,-17.93,-3.65
16:41:53.917,236.5,24.3,-13.41,-20.26
16:41:53.917,281.5,45.2,9.01,-44.29
16:41:53.917,326.5,39.1,32.6,-21.58
16:41:53.917,11.5,36.2,35.47,7.22
16:41:54.006,55.0,197.9,113.51,162.11
16:41:54.006,100.0,74.0,-12.85,72.88
16:41:54.006,145.0,17.0,-13.93,9.75
16:41:54.006,190.0,19.6,-19.3,-3.4
16:41:54.006,235.0,16.1,-9.23,-13.19
16:41:54.006,280.0,46.0,7.99,-45.3
16:41:54.006,325.0,39.1,32.03,-22.43
16:41:54.006,10.0,36.2,35.65,6.29
16:41:54.089,53.4,68.3,40.72,54.83
16:41:54.089,98.4,75.3,-11.0,74.49
16:41:54.089,143.4,17.0,-13.65,10.14
16:41:54.089,188.4,19.2,-18.99,-2.8
16:41:54.089,233.4,24.9,-14.85,-19.99
16:41:54.089,278.4,37.9,5.54,-37.49
16:41:54.089,323.4,39.5,31.71,-23.55
16:41:54.089,8.4,36.2,35.81,5.29
16:41:54.179,52.0,197.6,121.65,155.71
16:41:54.179,97.0,74.0,-9.02,73.45
16:41:54.179,142.0,17.3,-13.63,10.65
16:41:54.179,187.0,18.0,-17.87,-2.19
16:41:54.179,232.0,23.7,-14.59,-18.68
16:41:54.179,277.0,21.6,2.63,-21.44
16:41:54.179,322.0,40.0,31.52,-24.63
16:41:54.179,7.0,36.2,35.93,4.41
16:41:54.268,50.5,110.5,70.29,85.26
16:41:54.268,95.5,73.5,-7.04,73.16
16:41:54.268,140.5,16.3,-12.58,10.37
16:41:54.268,185.5,16.7,-16.62,-1.6
16:41:54.268,230.5,23.7,-15.08,-18.29
16:41:54.268,275.5,22.8,2.19,-22.7
16:41:54.268,320.5,40.0,30.86,-25.44
16:41:54.268,5.5,36.7,36.53,3.52
16:41:54.349,49.0,108.2,70.99,81.66
16:41:54.349,94.0,74.0,-5.16,73.82
16:41:54.349,139.0,16.3,-12.3,10.69
16:41:54.349,184.0,16.7,-16.66,-1.16
16:41:54.349,229.0,23.7,-15.55,-17.89
16:41:54.349,274.0,23.1,1.61,-23.04
16:41:54.349,319.0,40.0,30.19,-26.24
16:41:54.349,4.0,37.2,37.11,2.59
16:41:54.430,47.6,108.1,72.89,79.83
16:41:54.430,92.6,74.9,-3.4,74.82
16:41:54.430,137.6,16.7,-12.33,11.26
16:41:54.430,182.6,16.7,-16.68,-0.76
16:41:54.430,227.6,24.6,-16.59,-18.17
16:41:54.430,272.6,20.9,0.95,-20.88
16:41:54.430,317.6,40.9,30.2,-27.58
16:41:54.430,2.6,37.2,37.16,1.69
16:41:54.523,46.2,108.0,74.75,77.95
16:41:54.523,91.2,74.8,-1.57,74.78
16:41:54.523,136.2,16.7,-12.05,11.56
16:41:54.523,181.2,16.7,-16.7,-0.35
16:41:54.523,226.2,25.5,-17.65,-18.4
16:41:54.523,271.2,20.9,0.44,-20.9
16:41:54.523,316.2,42.5,30.67,-29.42
16:41:54.523,1.2,37.6,37.59,0.79
16:41:54.597,44.8,107.5,76.28,75.75
16:41:54.597,89.8,75.3,0.26,75.3
16:41:54.597,134.8,16.7,-11.77,11.85
16:41:54.597,179.8,29.4,-29.4,0.1
16:41:54.597,224.8,26.0,-18.45,-18.32
16:41:54.597,269.8,20.0,-0.07,-20.0
16:41:54.597,314.8,41.4,29.17,-29.38
16:41:54.597,359.8,38.1,38.1,-0.13
16:41:54.682,43.3,107.8,78.45,73.93
16:41:54.682,88.3,75.3,2.23,75.27
16:41:54.682,133.3,16.7,-11.45,12.15
16:41:54.682,178.3,26.2,-26.19,0.78
16:41:54.682,223.3,26.0,-18.92,-17.83
16:41:54.682,268.3,20.0,-0.59,-19.99
16:41:54.682,313.3,41.8,28.67,-30.42
16:41:54.682,358.3,38.5,38.48,-1.14
16:41:54.766,41.8,106.9,79.69,71.25
16:41:54.766,86.8,75.4,4.21,75.28
16:41:54.766,131.8,16.7,-11.13,12.45
16:41:54.766,176.8,25.3,-25.26,1.41
16:41:54.766,221.8,25.7,-19.16,-17.13
16:41:54.766,266.8,20.0,-1.12,-19.97
16:41:54.766,311.8,42.3,28.19,-31.53
16:41:54.766,356.8,36.5,36.44,-2.04
16:41:54.851,40.4,106.9,81.41,69.28
16:41:54.851,85.4,75.8,6.08,75.56
16:41:54.851,130.4,17.0,-11.02,12.95
16:41:54.851,175.4,25.6,-25.52,2.05
16:41:54.851,220.4,26.6,-20.26,-17.24
16:41:54.851,265.4,21.2,-1.7,-21.13
16:41:54.851,310.4,44.2,28.65,-33.66
16:41:54.851,355.4,36.9,36.78,-2.96
16:41:54.934,38.9,106.9,83.19,67.13
16:41:54.934,83.9,76.3,8.11,75.87
16:41:54.934,128.9,17.0,-10.68,13.23
16:41:54.934,173.9,17.6,-17.5,1.87
16:41:54.934,218.9,26.3,-20.47,-16.52
16:41:54.934,263.9,21.2,-2.25,-21.08
16:41:54.934,308.9,42.1,26.44,-32.76
16:41:54.934,353.9,37.4,37.19,-3.97
16:41:55.017,37.5,106.8,84.73,65.02
16:41:55.017,82.5,76.4,9.97,75.75
16:41:55.017,127.5,17.0,-10.35,13.49
16:41:55.017,172.5,17.6,-17.45,2.3
16:41:55.017,217.5,26.3,-20.87,-16.01
16:41:55.017,262.5,21.2,-2.77,-21.02
16:41:55.017,307.5,42.1,25.63,-33.4
16:41:55.017,352.5,38.3,37.97,-5.0
16:41:55.124,36.1,106.8,86.29,62.93
16:41:55.124,81.1,76.8,11.88,75.88
16:41:55.124,126.1,17.0,-10.02,13.74
16:41:55.124,171.1,25.1,-24.8,3.88
16:41:55.124,216.1,26.0,-21.01,-15.32
16:41:55.124,261.1,19.9,-3.08,-19.66
16:41:55.124,351.1,53.0,52.36,-8.2
16:41:55.208,34.3,80.2,66.25,45.19
16:41:55.208,79.3,76.9,14.28,75.56
16:41:55.208,124.3,17.0,-9.58,14.04
16:41:55.208,169.3,25.9,-25.45,4.81
16:41:55.208,214.3,31.9,-26.35,-17.98
16:41:55.208,259.3,20.0,-3.71,-19.65
16:41:55.208,304.3,42.8,24.12,-35.36
16:41:55.208,349.3,53.0,52.08,-9.84
16:41:55.291,32.8,78.7,66.15,42.63
16:41:55.291,77.8,77.4,16.36,75.65
16:41:55.291,122.8,17.0,-9.21,14.29
16:41:55.291,167.8,17.0,-16.62,3.59
16:41:55.291,212.8,32.4,-27.23,-17.55
16:41:55.291,257.8,20.0,-4.23,-19.55
16:41:55.291,302.8,40.7,22.05,-34.21
16:41:55.291,347.8,53.0,51.8,-11.2
16:41:55.393,31.4,76.4,65.21,39.81
16:41:55.393,76.4,26.8,6.3,26.05
16:41:55.393,121.4,17.0,-8.86,14.51
16:41:55.393,166.4,17.0,-16.52,4.0
16:41:55.393,211.4,45.8,-39.09,-23.86
16:41:55.393,256.4,21.2,-4.99,-20.61
16:41:55.393,346.4,53.5,52.0,-12.58
16:41:55.476,29.7,75.8,65.84,37.56
16:41:55.476,74.7,29.4,7.76,28.36
16:41:55.476,119.7,18.3,-9.07,15.9
16:41:55.476,164.7,24.5,-23.63,6.46
16:41:55.476,209.7,33.4,-29.01,-16.55
16:41:55.476,254.7,20.9,-5.51,-20.16
16:41:55.476,299.7,43.6,21.6,-37.87
16:41:55.476,344.7,54.4,52.47,-14.35
16:41:55.557,28.3,75.4,66.39,35.75
16:41:55.557,73.3,77.6,22.3,74.33
16:41:55.557,118.3,17.6,-8.34,15.5
16:41:55.557,163.3,25.3,-24.23,7.27
16:41:55.557,208.3,34.0,-29.94,-16.12
16:41:55.557,253.3,20.9,-6.01,-20.02
16:41:55.557,298.3,47.0,22.28,-41.38
16:41:55.557,343.3,56.6,54.21,-16.26
16:41:55.643,26.8,74.8,66.77,33.73
16:41:55.643,71.8,79.4,24.8,75.43
16:41:55.643,116.8,17.6,-7.94,15.71
16:41:55.643,161.8,25.6,-24.32,8.0
16:41:55.643,206.8,46.4,-41.42,-20.92
16:41:55.643,251.8,41.8,-13.06,-39.71
16:41:55.643,296.8,38.6,17.4,-34.45
16:41:55.643,341.8,56.6,53.77,-17.68
16:41:55.726,25.4,74.3,67.12,31.87
16:41:55.726,70.4,23.0,7.72,21.67
16:41:55.726,115.4,25.9,-11.11,23.4
16:41:55.726,160.4,25.6,-24.12,8.59
16:41:55.726,205.4,51.2,-46.25,-21.96
16:41:55.726,250.4,22.8,-7.65,-21.48
16:41:55.726,295.4,37.7,16.17,-34.06
16:41:55.726,340.4,57.1,53.79,-19.15
16:41:55.809,24.0,73.8,67.42,30.02
16:41:55.809,69.0,20.9,7.49,19.51
16:41:55.809,114.0,17.0,-6.91,15.53
16:41:55.809,159.0,25.4,-23.71,9.1
16:41:55.809,204.0,49.1,-44.86,-19.97
16:41:55.809,249.0,21.6,-7.74,-20.17
16:41:55.809,294.0,65.7,26.72,-60.02
16:41:55.809,339.0,56.7,52.93,-20.32
16:41:55.902,22.5,73.8,68.18,28.24
16:41:55.902,67.5,19.9,7.62,18.39
16:41:55.902,112.5,17.0,-6.51,15.71
16:41:55.902,157.5,24.8,-22.91,9.49
16:41:55.902,202.5,44.0,-40.65,-16.84
16:41:55.902,247.5,40.0,-15.31,-36.96
16:41:55.902,292.5,53.8,20.59,-49.7
16:41:55.902,337.5,68.5,63.29,-26.21
16:41:55.976,21.1,73.7,68.76,26.53
16:41:55.976,66.1,18.9,7.66,17.28
16:41:55.976,111.1,16.7,-6.01,15.58
16:41:55.976,156.1,23.9,-21.85,9.68
16:41:55.976,201.1,37.2,-34.71,-13.39
16:41:55.976,246.1,40.0,-16.21,-36.57
16:41:55.976,291.1,46.6,16.78,-43.48
16:41:55.976,336.1,69.4,63.45,-28.12
16:41:56.059,19.7,73.7,69.39,24.84
16:41:56.059,64.7,18.9,8.08,17.09
16:41:56.059,109.7,16.7,-5.63,15.72
16:41:56.059,154.7,23.9,-21.61,10.21
16:41:56.059,199.7,45.7,-43.03,-15.41
16:41:56.059,244.7,40.0,-17.09,-36.16
16:41:56.059,289.7,49.6,16.72,-46.7
16:41:56.059,334.7,68.6,62.02,-29.32
16:41:56.140,18.3,73.2,69.5,22.98
16:41:56.140,63.3,18.3,8.22,16.35
16:41:56.140,108.3,18.0,-5.65,17.09
16:41:56.140,153.3,24.8,-22.16,11.14
16:41:56.140,198.3,46.1,-43.77,-14.48
16:41:56.140,243.3,40.0,-17.97,-35.73
16:41:56.140,288.3,61.4,19.28,-58.29
16:41:56.140,333.3,68.3,61.02,-30.69
16:41:56.222,16.9,72.3,69.18,21.02
16:41:56.222,61.9,17.0,8.01,15.0
16:41:56.222,106.9,18.9,-5.49,18.08
16:41:56.222,151.9,25.7,-22.67,12.11
16:41:56.222,196.9,36.5,-34.92,-10.61
16:41:56.222,241.9,40.0,-18.84,-35.29
16:41:56.222,286.9,36.1,10.49,-34.54
16:41:56.222,331.9,67.5,59.54,-31.79
16:41:56.313,15.4,72.7,70.09,19.31
16:41:56.313,60.4,17.3,8.55,15.04
16:41:56.313,105.4,18.9,-5.02,18.22
16:41:56.313,150.4,25.3,-22.0,12.5
16:41:56.313,195.4,36.5,-35.19,-9.69
16:41:56.313,240.4,40.0,-19.76,-34.78
16:41:56.313,285.4,36.1,9.59,-34.8
16:41:56.313,330.4,197.6,171.81,-97.6
16:41:56.404,13.9,73.1,70.96,17.56
16:41:56.404,58.9,16.4,8.47,14.04
16:41:56.404,103.9,17.6,-4.23,17.08
16:41:56.404,148.9,23.3,-19.95,12.04
16:41:56.404,193.9,23.1,-22.42,-5.55
16:41:56.404,238.9,40.0,-20.66,-34.25
16:41:56.404,283.9,36.1,8.67,-35.04
16:41:56.404,328.9,197.6,169.2,-102.07
16:41:56.486,12.4,72.7,71.0,15.61
16:41:56.486,57.4,16.4,8.84,13.82
16:41:56.486,102.4,17.3,-3.71,16.9
16:41:56.486,147.4,24.2,-20.39,13.04
16:41:56.486,192.4,22.2,-21.68,-4.77
16:41:56.486,237.4,40.4,-21.77,-34.04
16:41:56.486,282.4,36.1,7.75,-35.26
16:41:56.486,327.4,109.4,92.16,-58.94
16:41:56.572,10.9,73.2,71.88,13.84
16:41:56.572,55.9,16.7,9.36,13.83
16:41:56.572,100.9,16.0,-3.03,15.71
16:41:56.572,145.9,24.2,-20.04,13.57
16:41:56.572,190.9,23.4,-22.98,-4.42
16:41:56.572,235.9,40.9,-22.93,-33.87
16:41:56.572,280.9,36.1,6.83,-35.45
16:41:56.572,325.9,109.4,90.59,-61.33
16:41:56.651,9.5,73.6,72.59,12.15
16:41:56.651,54.5,16.7,9.7,13.6
16:41:56.651,99.5,16.0,-2.64,15.78
16:41:56.651,144.5,25.1,-20.43,14.58
16:41:56.651,189.5,22.5,-22.19,-3.71
16:41:56.651,234.5,41.4,-24.04,-33.7
16:41:56.651,279.5,38.1,6.29,-37.58
16:41:56.651,324.5,108.4,88.25,-62.95
16:41:56.735,8.1,72.7,71.97,10.24
16:41:56.735,53.1,17.0,10.21,13.59
16:41:56.735,98.1,16.0,-2.25,15.84
16:41:56.735,143.1,26.5,-21.19,15.91
16:41:56.735,188.1,20.3,-20.1,-2.86
16:41:56.735,233.1,41.8,-25.1,-33.43
16:41:56.735,278.1,38.6,5.44,-38.21
16:41:56.735,323.1,107.9,86.29,-64.79
16:41:56.822,6.7,72.7,72.2,8.48
16:41:56.822,51.7,17.0,10.54,13.34
16:41:56.822,96.7,26.5,-3.09,26.32
16:41:56.822,141.7,25.6,-20.09,15.87
16:41:56.822,186.7,20.3,-20.16,-2.37
16:41:56.822,231.7,41.8,-25.91,-32.8
16:41:56.822,276.7,39.1,4.56,-38.83
16:41:56.822,321.7,107.8,84.6,-66.81
16:41:56.905,5.2,74.0,73.7,6.71
16:41:56.905,50.2,17.0,10.88,13.06
16:41:56.905,95.2,18.9,-1.71,18.82
16:41:56.905,140.2,26.2,-20.13,16.77
16:41:56.905,185.2,20.3,-20.22,-1.84
16:41:56.905,230.2,42.3,-27.08,-32.5
16:41:56.905,275.2,37.0,3.35,-36.85
16:41:56.905,320.2,107.4,82.51,-68.75
16:41:56.989,3.7,73.2,73.05,4.72
16:41:56.989,48.7,16.0,10.56,12.02
16:41:56.989,93.7,25.1,-1.62,25.05
16:41:56.989,138.7,25.3,-19.01,16.7
16:41:56.989,183.7,20.3,-20.26,-1.31
16:41:56.989,228.7,43.2,-28.51,-32.45
16:41:56.989,273.7,37.0,2.39,-36.92
16:41:56.989,318.7,107.3,80.61,-70.82
16:41:57.074,2.3,74.1,74.04,2.97
16:41:57.074,47.3,16.1,10.92,11.83
16:41:57.074,92.3,25.1,-1.01,25.08
16:41:57.074,137.3,28.0,-20.58,18.99
16:41:57.074,182.3,20.3,-20.28,-0.81
16:41:57.074,227.3,43.0,-29.16,-31.6
16:41:57.074,272.3,37.9,1.52,-37.87
16:41:57.074,317.3,106.8,78.49,-72.43
16:41:57.159,0.8,74.6,74.59,1.04
16:41:57.159,45.8,16.0,11.15,11.47
16:41:57.159,90.8,18.3,-0.26,18.3
16:41:57.159,135.8,26.8,-19.21,18.68
16:41:57.159,180.8,20.6,-20.6,-0.29
16:41:57.159,225.8,42.5,-29.63,-30.47
16:41:57.159,270.8,38.8,0.54,-38.8
16:41:57.159,315.8,107.2,76.85,-74.74
16:41:57.245,0.0,74.7,74.7,0.0
16:41:57.245,45.0,16.0,11.31,11.31
16:41:57.245,90.0,25.3,0.0,25.3
16:41:57.245,135.0,25.6,-18.1,18.1
16:41:57.245,180.0,20.3,-20.3,0.0
16:41:57.245,225.0,60.2,-42.57,-42.57
16:41:57.245,270.0,36.8,-0.0,-36.8
16:41:57.245,315.0,106.3,75.17,-75.17
16:41:57.328,0.0,29.3,29.3,0.0
16:41:57.328,45.0,16.1,11.38,11.38
16:41:57.328,90.0,25.6,0.0,25.6
16:41:57.328,135.0,26.5,-18.74,18.74
16:41:57.328,180.0,20.3,-20.3,0.0
16:41:57.328,225.0,61.0,-43.13,-43.13
16:41:57.328,270.0,37.2,-0.0,-37.2
16:41:57.328,315.0,106.3,75.17,-75.17
16:41:57.410,0.0,29.3,29.3,0.0
16:41:57.410,45.0,16.0,11.31,11.31
16:41:57.410,90.0,25.6,0.0,25.6
16:41:57.410,135.0,26.5,-18.74,18.74
16:41:57.410,180.0,20.3,-20.3,0.0
16:41:57.410,225.0,62.9,-44.48,-44.48
16:41:57.410,270.0,37.2,-0.0,-37.2
16:41:57.410,315.0,106.3,75.17,-75.17
16:41:57.493,0.0,29.3,29.3,0.0
16:41:57.493,45.0,16.1,11.38,11.38
16:41:57.493,90.0,25.6,0.0,25.6
16:41:57.493,135.0,26.5,-18.74,18.74
16:41:57.493,180.0,20.3,-20.3,0.0
16:41:57.493,225.0,62.5,-44.19,-44.19
16:41:57.493,270.0,37.7,-0.0,-37.7
16:41:57.493,315.0,106.3,75.17,-75.17
16:41:57.576,0.0,29.2,29.2,0.0
16:41:57.576,45.0,16.1,11.38,11.38
16:41:57.576,90.0,25.6,0.0,25.6
16:41:57.576,135.0,26.5,-18.74,18.74
16:41:57.576,180.0,20.3,-20.3,0.0
16:41:57.576,225.0,63.7,-45.04,-45.04
16:41:57.576,270.0,37.7,-0.0,-37.7
16:41:57.576,315.0,106.3,75.17,-75.17
16:41:57.680,0.0,29.3,29.3,0.0
16:41:57.680,45.0,16.1,11.38,11.38
16:41:57.680,90.0,25.6,0.0,25.6
16:41:57.680,135.0,26.5,-18.74,18.74
16:41:57.680,180.0,20.3,-20.3,0.0
16:41:57.680,270.0,37.7,-0.0,-37.7
16:41:57.680,315.0,106.7,75.45,-75.45
16:41:57.763,0.0,29.2,29.2,0.0
16:41:57.763,45.0,16.0,11.31,11.31
16:41:57.763,90.0,25.6,0.0,25.6
16:41:57.763,135.0,26.5,-18.74,18.74
16:41:57.763,180.0,20.3,-20.3,0.0
16:41:57.763,225.0,43.0,-30.41,-30.41
16:41:57.763,270.0,38.1,-0.0,-38.1
16:41:57.763,315.0,106.3,75.17,-75.17
16:41:57.850,0.0,29.2,29.2,0.0
16:41:57.850,45.0,16.0,11.31,11.31
16:41:57.850,90.0,25.6,0.0,25.6
16:41:57.850,135.0,26.5,-18.74,18.74
16:41:57.850,180.0,20.3,-20.3,0.0
16:41:57.850,225.0,43.0,-30.41,-30.41
16:41:57.850,270.0,38.2,-0.0,-38.2
16:41:57.850,315.0,106.3,75.17,-75.17
16:41:57.944,0.0,29.3,29.3,0.0
16:41:57.944,45.0,16.0,11.31,11.31
16:41:57.944,90.0,25.6,0.0,25.6
16:41:57.944,135.0,26.5,-18.74,18.74
16:41:57.944,180.0,20.3,-20.3,0.0
16:41:57.944,225.0,44.4,-31.4,-31.4
16:41:57.944,270.0,38.2,-0.0,-38.2
16:41:57.944,315.0,106.7,75.45,-75.45
16:41:58.013,0.0,29.3,29.3,0.0
16:41:58.013,45.0,16.0,11.31,11.31
16:41:58.013,90.0,25.6,0.0,25.6
16:41:58.013,135.0,26.5,-18.74,18.74
16:41:58.013,180.0,20.3,-20.3,0.0
16:41:58.013,225.0,44.4,-31.4,-31.4
16:41:58.013,270.0,38.2,-0.0,-38.2
16:41:58.013,315.0,106.7,75.45,-75.45
16:41:58.089,0.0,29.2,29.2,0.0
16:41:58.089,45.0,16.0,11.31,11.31
16:41:58.089,90.0,25.6,0.0,25.6
16:41:58.089,135.0,26.5,-18.74,18.74
16:41:58.089,180.0,20.3,-20.3,0.0
16:41:58.089,225.0,44.4,-31.4,-31.4
16:41:58.089,270.0,38.6,-0.0,-38.6
16:41:58.089,315.0,106.7,75.45,-75.45
16:41:58.172,0.0,29.2,29.2,0.0
16:41:58.172,45.0,16.0,11.31,11.31
16:41:58.172,90.0,25.6,0.0,25.6
16:41:58.172,135.0,26.5,-18.74,18.74
16:41:58.172,180.0,20.3,-20.3,0.0
16:41:58.172,225.0,44.4,-31.4,-31.4
16:41:58.172,270.0,38.6,-0.0,-38.6
16:41:58.172,315.0,106.7,75.45,-75.45
16:41:58.253,0.0,29.3,29.3,0.0
16:41:58.253,45.0,16.1,11.38,11.38
16:41:58.253,90.0,25.6,0.0,25.6
16:41:58.253,135.0,26.5,-18.74,18.74
16:41:58.253,180.0,20.3,-20.3,0.0
16:41:58.253,225.0,44.8,-31.68,-31.68
16:41:58.253,270.0,38.2,-0.0,-38.2
16:41:58.253,315.0,106.7,75.45,-75.45
16:41:58.336,1.5,29.3,29.29,0.77
16:41:58.336,46.5,16.0,11.01,11.61
16:41:58.336,91.5,25.3,-0.66,25.29
16:41:58.336,136.5,26.5,-19.22,18.24
16:41:58.336,181.5,20.3,-20.29,-0.53
16:41:58.336,226.5,43.0,-29.6,-31.19
16:41:58.336,271.5,38.2,1.0,-38.19
16:41:58.336,316.5,106.7,77.4,-73.45
16:41:58.420,3.0,29.2,29.16,1.53
16:41:58.420,48.0,16.0,10.71,11.89
16:41:58.420,93.0,25.6,-1.34,25.56
16:41:58.420,138.0,26.5,-19.69,17.73
16:41:58.420,183.0,20.3,-20.27,-1.06
16:41:58.420,228.0,44.8,-29.98,-33.29
16:41:58.420,273.0,38.2,2.0,-38.15
16:41:58.420,318.0,106.7,79.29,-71.4
16:41:58.499,4.4,29.3,29.21,2.25
16:41:58.499,49.4,16.0,10.41,12.15
16:41:58.499,94.4,25.3,-1.94,25.23
16:41:58.499,139.4,25.6,-19.44,16.66
16:41:58.499,184.4,20.6,-20.54,-1.58
16:41:58.499,229.4,43.0,-27.98,-32.65
16:41:58.499,274.4,37.7,2.89,-37.59
16:41:58.499,319.4,107.2,81.39,-69.76
16:41:58.583,5.9,75.1,74.7,7.72
16:41:58.583,50.9,16.0,10.09,12.42
16:41:58.583,95.9,18.3,-1.88,18.2
16:41:58.583,140.9,27.7,-21.5,17.47
16:41:58.583,185.9,20.6,-20.49,-2.12
16:41:58.583,230.9,43.0,-27.12,-33.37
16:41:58.583,275.9,37.2,3.82,-37.0
16:41:58.583,320.9,107.2,83.19,-67.61
16:41:58.689,7.4,75.0,74.38,9.66
16:41:58.689,52.4,16.1,9.82,12.76
16:41:58.689,97.4,25.3,-3.26,25.09
16:41:58.689,142.4,26.8,-21.23,16.35
16:41:58.689,187.4,21.6,-21.42,-2.78
16:41:58.689,277.4,39.3,5.06,-38.97
16:41:58.689,322.4,107.3,85.01,-65.47
16:41:58.778,9.3,74.1,73.13,11.97
16:41:58.778,54.3,16.0,9.34,12.99
16:41:58.778,99.3,24.2,-3.91,23.88
16:41:58.778,144.3,26.2,-21.28,15.29
16:41:58.778,189.3,20.3,-20.03,-3.28
16:41:58.778,234.3,43.2,-25.21,-35.08
16:41:58.778,279.3,38.4,6.21,-37.9
16:41:58.778,324.3,107.4,87.22,-62.67
16:41:58.862,10.9,73.7,72.37,13.94
16:41:58.862,55.9,16.0,8.97,13.25
16:41:58.862,100.9,25.9,-4.9,25.43
16:41:58.862,145.9,26.2,-21.7,14.69
16:41:58.862,190.9,20.3,-19.93,-3.84
16:41:58.862,235.9,42.3,-23.72,-35.03
16:41:58.862,280.9,37.9,7.17,-37.22
16:41:58.862,325.9,107.4,88.93,-60.21
16:41:58.945,12.4,73.6,71.88,15.8
16:41:58.945,57.4,17.0,9.16,14.32
16:41:58.945,102.4,27.7,-5.95,27.05
16:41:58.945,147.4,25.6,-21.57,13.79
16:41:58.945,192.4,20.3,-19.83,-4.36
16:41:58.945,237.4,42.3,-22.79,-35.64
16:41:58.945,282.4,37.9,8.14,-37.02
16:41:58.945,327.4,107.9,90.9,-58.13
16:41:59.027,13.9,72.7,70.57,17.46
16:41:59.027,58.9,17.0,8.78,14.56
16:41:59.027,103.9,17.3,-4.16,16.79
16:41:59.027,148.9,26.5,-22.69,13.69
16:41:59.027,193.9,21.6,-20.97,-5.19
16:41:59.027,238.9,41.8,-21.59,-35.79
16:41:59.027,283.9,37.5,9.01,-36.4
16:41:59.027,328.9,108.0,92.48,-55.79
16:41:59.109,15.4,73.6,70.96,19.54
16:41:59.109,60.4,16.7,8.25,14.52
16:41:59.109,105.4,16.0,-4.25,15.43
16:41:59.109,150.4,25.1,-21.82,12.4
16:41:59.109,195.4,22.6,-21.79,-6.0
16:41:59.109,240.4,41.4,-20.45,-36.0
16:41:59.109,285.4,37.0,9.83,-35.67
16:41:59.109,330.4,108.5,94.34,-53.59
16:41:59.194,16.9,73.1,69.94,21.25
16:41:59.194,61.9,16.7,7.87,14.73
16:41:59.194,106.9,16.0,-4.65,15.31
16:41:59.194,151.9,24.2,-21.35,11.4
16:41:59.194,196.9,24.3,-23.25,-7.06
16:41:59.194,241.9,40.9,-19.26,-36.08
16:41:59.194,286.9,37.0,10.76,-35.4
16:41:59.194,331.9,108.6,95.8,-51.15
16:41:59.282,18.4,72.7,68.98,22.95
16:41:59.282,63.4,16.7,7.48,14.93
16:41:59.282,108.4,17.3,-5.46,16.42
16:41:59.282,153.4,23.3,-20.83,10.43
16:41:59.282,198.4,22.2,-21.07,-7.01
16:41:59.282,243.4,40.0,-17.91,-35.77
16:41:59.282,288.4,36.6,11.55,-34.73
16:41:59.282,333.4,197.6,176.68,-88.48
16:41:59.382,20.0,73.6,69.16,25.17
16:41:59.382,65.0,16.4,6.93,14.86
16:41:59.382,110.0,17.6,-6.02,16.54
16:41:59.382,155.0,23.3,-21.12,9.85
16:41:59.382,200.0,43.0,-40.41,-14.71
16:41:59.382,245.0,40.0,-16.9,-36.25
16:41:59.382,290.0,36.6,12.52,-34.39
16:41:59.382,335.0,197.6,179.09,-83.51
16:41:59.456,21.6,73.1,67.97,26.91
16:41:59.456,66.6,17.3,6.87,15.88
16:41:59.456,111.6,18.9,-6.96,17.57
16:41:59.456,156.6,25.3,-23.22,10.05
16:41:59.456,201.6,36.1,-33.56,-13.29
16:41:59.456,246.6,40.0,-15.89,-36.71
16:41:59.456,291.6,36.1,13.29,-33.56
16:41:59.456,336.6,67.5,61.95,-26.81
16:41:59.539,23.1,72.8,66.96,28.56
16:41:59.539,68.1,17.0,6.34,15.77
16:41:59.539,113.1,18.9,-7.42,17.38
16:41:59.539,158.1,24.8,-23.01,9.25
16:41:59.539,203.1,46.0,-42.31,-18.05
16:41:59.539,248.1,40.0,-14.92,-37.11
16:41:59.539,293.1,46.8,18.36,-43.05
16:41:59.539,338.1,67.3,62.44,-25.1
16:41:59.619,24.6,73.2,66.56,30.47
16:41:59.619,69.6,18.0,6.27,16.87
16:41:59.619,114.6,17.6,-7.33,16.0
16:41:59.619,159.6,23.9,-22.4,8.33
16:41:59.619,204.6,45.7,-41.55,-19.02
16:41:59.619,249.6,40.0,-13.94,-37.49
16:41:59.619,294.6,48.6,20.23,-44.19
16:41:59.619,339.6,69.0,64.67,-24.05
16:41:59.709,26.1,73.3,65.83,32.25
16:41:59.709,71.1,18.9,6.12,17.88
16:41:59.709,116.1,16.7,-7.35,15.0
16:41:59.709,161.1,23.9,-22.61,7.74
16:41:59.709,206.1,36.8,-33.05,-16.19
16:41:59.709,251.1,40.0,-12.96,-37.84
16:41:59.709,296.1,48.2,21.21,-43.28
16:41:59.709,341.1,197.5,186.85,-63.97
16:41:59.792,27.7,73.8,65.34,34.31
16:41:59.792,72.7,18.6,5.53,17.76
16:41:59.792,117.7,16.7,-7.76,14.79
16:41:59.792,162.7,24.8,-23.68,7.37
16:41:59.792,207.7,44.4,-39.31,-20.64
16:41:59.792,252.7,21.6,-6.42,-20.62
16:41:59.792,297.7,40.3,18.73,-35.68
16:41:59.792,342.7,58.7,56.04,-17.46
16:41:59.873,29.2,74.2,64.77,36.2
16:41:59.873,74.2,20.9,5.69,20.11
16:41:59.873,119.2,17.0,-8.29,14.84
16:41:59.873,164.2,25.3,-24.34,6.89
16:41:59.873,209.2,50.4,-44.0,-24.59
16:41:59.873,254.2,22.8,-6.21,-21.94
16:41:59.873,299.2,37.7,18.39,-32.91
16:41:59.873,344.2,58.3,56.1,-15.87
16:41:59.957,30.7,73.8,63.46,37.68
16:41:59.957,75.7,23.0,5.68,22.29
16:41:59.957,120.7,18.6,-9.5,15.99
16:41:59.957,165.7,25.6,-24.81,6.32
16:41:59.957,210.7,50.4,-43.34,-25.73
16:41:59.957,255.7,42.3,-10.45,-40.99
16:41:59.957,300.7,38.6,19.71,-33.19
16:41:59.957,345.7,60.4,58.53,-14.92
16:42:00.062,32.1,74.4,63.03,39.54
16:42:00.062,77.1,79.0,17.64,77.01
16:42:00.062,122.1,16.3,-8.66,13.81
16:42:00.062,167.1,25.6,-24.95,5.72
16:42:00.062,212.1,34.0,-28.8,-18.07
16:42:00.062,257.1,20.9,-4.67,-20.37
16:42:00.062,347.1,56.9,55.46,-12.7
16:42:00.163,34.0,75.4,62.51,42.16
16:42:00.163,79.0,30.2,5.76,29.65
16:42:00.163,124.0,18.6,-10.4,15.42
16:42:00.163,169.0,24.5,-24.05,4.67
16:42:00.163,214.0,33.4,-27.69,-18.68
16:42:00.163,259.0,20.9,-3.99,-20.52
16:42:00.163,349.0,49.9,48.98,-9.52
16:42:00.242,35.9,76.4,61.89,44.8
16:42:00.242,80.9,26.8,4.24,26.46
16:42:00.242,125.9,17.0,-9.97,13.77
16:42:00.242,170.9,17.0,-16.79,2.69
16:42:00.242,215.9,33.7,-27.3,-19.76
16:42:00.242,260.9,21.2,-3.35,-20.93
16:42:00.242,305.9,42.8,25.1,-34.67
16:42:00.242,350.9,57.3,56.58,-9.06
16:42:00.347,37.3,77.8,61.89,47.15
16:42:00.347,82.3,77.4,10.37,76.7
16:42:00.347,127.3,17.0,-10.3,13.52
16:42:00.347,172.3,26.2,-25.96,3.51
16:42:00.347,217.3,29.2,-23.23,-17.69
16:42:00.347,262.3,20.0,-2.68,-19.82
16:42:00.347,352.3,56.7,56.19,-7.6
16:42:00.430,39.2,81.1,62.85,51.26
16:42:00.430,84.2,76.0,7.68,75.61
16:42:00.430,129.2,17.0,-10.74,13.17
16:42:00.430,174.2,25.1,-24.97,2.54
16:42:00.430,219.2,26.0,-20.15,-16.43
16:42:00.430,264.2,20.0,-2.02,-19.9
16:42:00.430,309.2,43.0,27.18,-33.32
16:42:00.430,354.2,37.1,36.91,-3.75
16:42:00.514,40.7,106.8,80.97,69.64
16:42:00.514,85.7,76.4,5.73,76.18
16:42:00.514,130.7,17.0,-11.09,12.89
16:42:00.514,175.7,17.6,-17.55,1.32
16:42:00.514,220.7,26.3,-19.94,-17.15
16:42:00.514,265.7,21.2,-1.59,-21.14
16:42:00.514,310.7,42.1,27.45,-31.92
16:42:00.514,355.7,38.3,38.19,-2.87
16:42:00.598,42.2,107.2,79.41,72.01
16:42:00.598,87.2,76.3,3.73,76.21
16:42:00.598,132.2,17.0,-11.42,12.59
16:42:00.598,177.2,17.6,-17.58,0.86
16:42:00.598,222.2,26.3,-19.48,-17.67
16:42:00.598,267.2,21.2,-1.04,-21.17
16:42:00.598,312.2,45.0,30.23,-33.34
16:42:00.598,357.2,37.4,37.36,-1.83
16:42:00.682,43.7,106.8,77.21,73.79
16:42:00.682,88.7,75.8,1.72,75.78
16:42:00.682,133.7,17.0,-11.75,12.29
16:42:00.682,178.7,25.6,-25.59,0.58
16:42:00.682,223.7,25.7,-18.58,-17.76
16:42:00.682,268.7,20.0,-0.45,-19.99
16:42:00.682,313.7,42.3,29.22,-30.58
16:42:00.682,358.7,37.4,37.39,-0.85
16:42:00.769,45.2,107.4,75.68,76.21
16:42:00.769,90.2,75.7,-0.26,75.7
16:42:00.769,135.2,16.7,-11.85,11.77
16:42:00.769,180.2,25.3,-25.3,-0.09
16:42:00.769,225.2,25.7,-18.11,-18.24
16:42:00.769,270.2,20.0,0.07,-20.0
16:42:00.769,315.2,41.8,29.66,-29.45
16:42:00.769,0.2,52.8,52.8,0.18
16:42:00.852,46.7,107.4,73.66,78.16
16:42:00.852,91.7,75.7,-2.25,75.67
16:42:00.852,136.7,16.7,-12.15,11.45
16:42:00.852,181.7,30.2,-30.19,-0.9
16:42:00.852,226.7,26.0,-17.83,-18.92
16:42:00.852,271.7,20.0,0.59,-19.99
16:42:00.852,316.7,43.0,31.29,-29.49
16:42:00.852,1.7,39.5,39.48,1.17
16:42:00.935,48.2,108.0,71.99,80.51
16:42:00.935,93.2,74.8,-4.18,74.68
16:42:00.935,138.2,16.7,-12.45,11.13
16:42:00.935,183.2,16.7,-16.67,-0.93
16:42:00.935,228.2,25.5,-17.0,-19.01
16:42:00.935,273.2,20.9,1.17,-20.87
16:42:00.935,318.2,40.9,30.49,-27.26
16:42:00.935,3.2,36.9,36.84,2.06
16:42:01.019,49.7,108.0,69.85,82.37
16:42:01.019,94.7,74.9,-6.14,74.65
16:42:01.019,139.7,16.7,-12.74,10.8
16:42:01.019,184.7,16.7,-16.64,-1.37
16:42:01.019,229.7,24.6,-15.91,-18.76
16:42:01.019,274.7,22.2,1.82,-22.13
16:42:01.019,319.7,40.0,30.51,-25.87
16:42:01.019,4.7,36.5,36.38,2.99
16:42:01.103,51.3,108.6,67.9,84.75
16:42:01.103,96.3,74.9,-8.22,74.45
16:42:01.103,141.3,16.3,-12.72,10.19
16:42:01.103,186.3,16.7,-16.6,-1.83
16:42:01.103,231.3,23.7,-14.82,-18.5
16:42:01.103,276.3,21.9,2.4,-21.77
16:42:01.103,321.3,40.0,31.22,-25.01
16:42:01.103,6.3,36.0,35.78,3.95
16:42:01.187,52.8,109.1,65.96,86.9
16:42:01.187,97.8,74.4,-10.1,73.71
16:42:01.187,142.8,16.3,-12.98,9.85
16:42:01.187,187.8,16.7,-16.55,-2.27
16:42:01.187,232.8,23.7,-14.33,-18.88
16:42:01.187,277.8,21.6,2.93,-21.4
16:42:01.187,322.8,39.5,31.46,-23.88
16:42:01.187,7.8,36.0,35.67,4.89
16:42:01.277,54.3,197.2,115.07,160.14
16:42:01.277,99.3,74.4,-12.02,73.42
16:42:01.277,144.3,17.3,-14.05,10.1
16:42:01.277,189.3,19.2,-18.95,-3.1
16:42:01.277,234.3,24.9,-14.53,-20.22
16:42:01.277,279.3,37.4,6.04,-36.91
16:42:01.277,324.3,39.5,32.08,-23.05
16:42:01.277,9.3,36.0,35.53,5.82
16:42:01.369,55.9,197.6,110.78,163.62
16:42:01.369,100.9,74.5,-14.09,73.16
16:42:01.369,145.9,17.0,-14.08,9.53
16:42:01.369,190.9,19.6,-19.25,-3.71
16:42:01.369,235.9,25.2,-14.13,-20.87
16:42:01.369,280.9,45.2,8.55,-44.38
16:42:01.369,325.9,39.1,32.38,-21.92
16:42:01.369,10.9,36.4,35.74,6.88
16:42:01.452,57.6,69.7,37.35,58.85
16:42:01.452,102.6,74.9,-16.34,73.1
16:42:01.452,147.6,18.0,-15.2,9.64
16:42:01.452,192.6,18.3,-17.86,-3.99
16:42:01.452,237.6,16.4,-8.79,-13.85
16:42:01.452,282.6,44.8,9.77,-43.72
16:42:01.452,327.6,41.6,35.12,-22.29
16:42:01.452,12.6,56.4,55.04,12.3
16:42:01.534,59.1,67.9,34.87,58.26
16:42:01.534,104.1,75.4,-18.37,73.13
16:42:01.534,149.1,18.9,-16.22,9.71
16:42:01.534,194.1,17.3,-16.78,-4.21
16:42:01.534,239.1,16.4,-8.42,-14.07
16:42:01.534,284.1,44.4,10.82,-43.06
16:42:01.534,329.1,40.0,34.32,-20.54
16:42:01.534,14.1,44.3,42.97,10.79
16:42:01.615,60.5,58.5,28.81,50.92
16:42:01.615,105.5,75.5,-20.18,72.75
16:42:01.615,150.5,18.6,-16.19,9.16
16:42:01.615,195.5,17.3,-16.67,-4.62
16:42:01.615,240.5,16.4,-8.08,-14.27
16:42:01.615,285.5,45.8,12.24,-44.13
16:42:01.615,330.5,22.4,19.5,-11.03
16:42:01.615,15.5,44.0,42.4,11.76
16:42:01.700,62.0,68.2,32.02,60.22
16:42:01.700,107.0,75.1,-21.96,71.82
16:42:01.700,152.0,20.8,-18.37,9.77
16:42:01.700,197.0,18.6,-17.79,-5.44
16:42:01.700,242.0,22.8,-10.7,-20.13
16:42:01.700,287.0,52.1,15.23,-49.82
16:42:01.700,332.0,40.5,35.76,-19.01
16:42:01.700,17.0,57.7,55.18,16.87
16:42:01.802,63.5,56.7,25.3,50.74
16:42:01.802,108.5,75.6,-23.99,71.69
16:42:01.802,153.5,28.0,-25.06,12.49
16:42:01.802,198.5,18.0,-17.07,-5.71
16:42:01.802,243.5,25.8,-11.51,-23.09
16:42:01.802,288.5,50.8,16.12,-48.17
16:42:01.802,333.5,41.4,37.05,-18.47
16:42:01.883,65.4,53.1,22.1,48.28
16:42:01.883,110.4,80.1,-27.92,75.08
16:42:01.883,155.4,30.2,-27.46,12.57
16:42:01.883,200.4,18.0,-16.87,-6.27
16:42:01.883,245.4,24.9,-10.37,-22.64
16:42:01.883,290.4,37.4,13.04,-35.05
16:42:01.883,335.4,20.8,18.91,-8.66
16:42:01.883,20.4,42.9,40.21,14.95
16:42:01.964,66.8,54.0,21.27,49.63
16:42:01.964,111.8,81.1,-30.12,75.3
16:42:01.964,156.8,28.5,-26.2,11.23
16:42:01.964,201.8,17.6,-16.34,-6.54
16:42:01.964,246.8,24.9,-9.81,-22.89
16:42:01.964,291.8,34.0,12.63,-31.57
16:42:01.964,336.8,20.8,19.12,-8.19
16:42:01.964,21.8,49.9,46.33,18.53
16:42:02.046,68.3,53.5,19.78,49.71
16:42:02.046,113.3,107.5,-42.52,98.73
16:42:02.046,158.3,29.9,-27.78,11.06
16:42:02.046,203.3,16.4,-15.06,-6.49
16:42:02.046,248.3,16.1,-5.95,-14.96
16:42:02.046,293.3,44.2,17.48,-40.6
16:42:02.046,338.3,21.1,19.6,-7.8
16:42:02.046,23.3,43.5,39.95,17.21
16:42:02.127,69.7,54.7,18.98,51.3
16:42:02.127,114.7,107.5,-44.92,97.66
16:42:02.127,159.7,26.5,-24.85,9.19
16:42:02.127,204.7,16.3,-14.81,-6.81
16:42:02.127,249.7,25.5,-8.85,-23.92
16:42:02.127,294.7,31.1,13.0,-28.25
16:42:02.127,339.7,19.9,18.66,-6.9
16:42:02.127,24.7,44.3,40.25,18.51
16:42:02.235,71.2,54.6,17.6,51.69
16:42:02.235,116.2,107.6,-47.51,96.55
16:42:02.235,161.2,29.7,-28.12,9.57
16:42:02.235,206.2,16.3,-14.63,-7.2
16:42:02.235,251.2,25.5,-8.22,-24.14
16:42:02.235,296.2,30.1,13.29,-27.01
16:42:02.235,341.2,19.8,18.74,-6.38
16:42:02.316,73.1,43.2,12.56,41.33
16:42:02.316,118.1,107.2,-50.49,94.56
16:42:02.316,163.1,75.6,-72.34,21.98
16:42:02.316,208.1,16.3,-14.38,-7.68
16:42:02.316,253.1,24.6,-7.15,-23.54
16:42:02.316,298.1,26.0,12.25,-22.94
16:42:02.316,343.1,21.1,20.19,-6.13
16:42:02.316,28.1,43.1,38.02,20.3
16:42:02.402,74.6,37.9,10.06,36.54
16:42:02.402,119.6,37.5,-18.52,32.61
16:42:02.402,164.6,74.6,-71.92,19.81
16:42:02.402,209.6,16.4,-14.26,-8.1
16:42:02.402,254.6,19.3,-5.13,-18.61
16:42:02.402,299.6,27.2,13.44,-23.65
16:42:02.402,344.6,21.1,20.34,-5.6
16:42:02.402,29.6,149.7,130.16,73.94
16:42:02.502,76.2,37.0,8.83,35.93
16:42:02.502,121.2,38.0,-19.69,32.5
16:42:02.502,166.2,75.0,-72.84,17.89
16:42:02.502,211.2,16.4,-14.03,-8.5
16:42:02.502,256.2,24.0,-5.72,-23.31
16:42:02.502,301.2,26.6,13.78,-22.75
16:42:02.502,346.2,19.8,19.23,-4.72
16:42:02.502,31.2,44.3,37.89,22.95
16:42:02.570,77.6,39.1,8.4,38.19
16:42:02.570,122.6,107.4,-57.86,90.48
16:42:02.570,167.6,75.0,-73.25,16.11
16:42:02.570,212.6,16.3,-13.73,-8.78
16:42:02.570,257.6,18.7,-4.02,-18.26
16:42:02.570,302.6,25.7,13.85,-21.65
16:42:02.570,347.6,19.8,19.34,-4.25
16:42:02.570,32.6,40.9,34.46,22.04
16:42:02.656,79.1,38.6,7.3,37.9
16:42:02.656,124.1,107.8,-60.44,89.26
16:42:02.656,169.1,74.5,-73.16,14.09
16:42:02.656,214.1,16.0,-13.25,-8.97
16:42:02.656,259.1,20.3,-3.84,-19.93
16:42:02.656,304.1,26.0,14.58,-21.53
16:42:02.656,349.1,20.8,20.42,-3.93
16:42:02.656,34.1,42.0,34.78,23.55
16:42:02.736,80.7,38.2,6.17,37.7
16:42:02.736,125.7,108.3,-63.2,87.95
16:42:02.736,170.7,73.6,-72.63,11.89
16:42:02.736,215.7,16.0,-12.99,-9.34
16:42:02.736,260.7,17.1,-2.76,-16.88
16:42:02.736,305.7,25.2,14.71,-20.46
16:42:02.736,350.7,20.8,20.53,-3.36
16:42:02.736,35.7,41.6,33.78,24.28
16:42:02.822,82.2,38.1,5.17,37.75
16:42:02.822,127.2,108.5,-65.6,86.42
16:42:02.822,172.2,72.7,-72.03,9.87
16:42:02.822,217.2,16.0,-12.74,-9.67
16:42:02.822,262.2,17.1,-2.32,-16.94
16:42:02.822,307.2,25.2,15.24,-20.07
16:42:02.822,352.2,22.1,21.9,-3.0
16:42:02.822,37.2,41.1,32.74,24.85
16:42:02.906,83.7,37.7,4.14,37.47
16:42:02.906,128.7,109.0,-68.15,85.07
16:42:02.906,173.7,73.5,-73.06,8.07
16:42:02.906,218.7,16.0,-12.49,-10.0
16:42:02.906,263.7,17.1,-1.88,-17.0
16:42:02.906,308.7,24.6,15.38,-19.2
16:42:02.906,353.7,21.8,21.67,-2.39
16:42:02.906,38.7,40.6,31.69,25.38
16:42:02.993,85.2,37.7,3.15,37.57
16:42:02.993,130.2,198.5,-128.12,151.61
16:42:02.993,175.2,72.3,-72.05,6.05
16:42:02.993,220.2,16.7,-12.76,-10.78
16:42:02.993,265.2,17.1,-1.43,-17.04
16:42:02.993,310.2,24.6,15.88,-18.79
16:42:02.993,355.2,21.5,21.42,-1.8
16:42:02.993,40.2,40.1,30.63,25.88
16:42:03.083,86.8,37.2,2.08,37.14
16:42:03.083,131.8,197.6,-131.71,147.31
16:42:03.083,176.8,72.7,-72.59,4.06
16:42:03.083,221.8,16.7,-12.45,-11.13
16:42:03.083,266.8,18.4,-1.03,-18.37
16:42:03.083,311.8,24.6,16.4,-18.34
16:42:03.083,356.8,48.4,48.32,-2.7
16:42:03.083,41.8,39.7,29.6,26.46
16:42:03.173,88.4,37.2,1.04,37.19
16:42:03.173,133.4,197.6,-135.77,143.57
16:42:03.173,178.4,73.2,-73.17,2.04
16:42:03.173,223.4,16.4,-11.92,-11.27
16:42:03.173,268.4,18.7,-0.52,-18.69
16:42:03.173,313.4,24.9,17.11,-18.09
16:42:03.173,358.4,36.1,36.09,-1.01
16:42:03.173,43.4,39.7,28.85,27.28
16:42:03.265,90.1,37.7,-0.07,37.7
16:42:03.265,135.1,197.6,-139.97,139.48
16:42:03.265,180.1,74.1,-74.1,-0.13
16:42:03.265,225.1,17.3,-12.21,-12.25
16:42:03.265,270.1,17.4,0.03,-17.4
16:42:03.265,315.1,17.0,12.04,-12.0
16:42:03.265,0.1,45.6,45.6,0.08
16:42:03.265,45.1,39.7,28.02,28.12
16:42:03.353,91.7,46.2,-1.37,46.18
16:42:03.353,136.7,197.9,-144.03,135.72
16:42:03.353,181.7,74.1,-74.07,-2.2
16:42:03.353,226.7,18.3,-12.55,-13.32
16:42:03.353,271.7,16.4,0.49,-16.39
16:42:03.353,316.7,16.1,11.72,-11.04
16:42:03.353,1.7,45.2,45.18,1.34
16:42:03.353,46.7,36.7,25.17,26.71
16:42:03.442,93.3,49.9,-2.87,49.82
16:42:03.442,138.3,197.9,-147.76,131.65
16:42:03.442,183.3,74.6,-74.48,-4.29
16:42:03.442,228.3,18.0,-11.97,-13.44
16:42:03.442,273.3,16.4,0.94,-16.37
16:42:03.442,318.3,16.1,12.02,-10.71
16:42:03.442,3.3,51.1,51.02,2.94
16:42:03.442,48.3,39.7,26.41,29.64
16:42:03.533,94.9,44.0,-3.76,43.84
16:42:03.533,139.9,197.9,-151.38,127.47
16:42:03.533,184.9,74.7,-74.43,-6.38
16:42:03.533,229.9,20.2,-13.01,-15.45
16:42:03.533,274.9,17.7,1.51,-17.64
16:42:03.533,319.9,16.1,12.32,-10.37
16:42:03.533,4.9,50.7,50.51,4.33
16:42:03.533,49.9,20.9,13.46,15.99
16:42:03.621,96.5,47.0,-5.32,46.7
16:42:03.621,141.5,197.4,-154.49,122.88
16:42:03.621,186.5,75.2,-74.72,-8.51
16:42:03.621,231.5,29.9,-18.61,-23.4
16:42:03.621,276.5,27.5,3.11,-27.32
16:42:03.621,321.5,16.1,12.6,-10.02
16:42:03.621,6.5,52.4,52.06,5.93
16:42:03.621,51.5,22.2,13.82,17.37
16:42:03.713,98.1,57.0,-8.03,56.43
16:42:03.713,143.1,197.5,-157.94,118.58
16:42:03.713,188.1,74.9,-74.15,-10.55
16:42:03.713,233.1,25.6,-15.37,-20.47
16:42:03.713,278.1,16.1,2.27,-15.94
16:42:03.713,323.1,16.1,12.87,-9.67
16:42:03.713,8.1,56.5,55.94,7.96
16:42:03.713,53.1,40.4,24.26,32.31
16:42:03.796,99.8,43.0,-7.32,42.37
16:42:03.796,144.8,56.5,-46.17,32.57
16:42:03.796,189.8,75.8,-74.69,-12.9
16:42:03.796,234.8,26.5,-15.28,-21.65
16:42:03.796,279.8,16.1,2.74,-15.87
16:42:03.796,324.8,24.9,20.35,-14.35
16:42:03.796,9.8,34.8,34.29,5.92
16:42:03.796,54.8,21.5,12.39,17.57
16:42:03.876,101.2,40.5,-7.87,39.73
16:42:03.876,146.2,54.3,-45.12,30.21
16:42:03.876,191.2,80.3,-78.77,-15.6
16:42:03.876,236.2,27.1,-15.08,-22.52
16:42:03.876,281.2,16.7,3.24,-16.38
16:42:03.876,326.2,17.1,14.21,-9.51
16:42:03.876,11.2,56.6,55.52,10.99
16:42:03.876,56.2,20.3,11.29,16.87
16:42:03.957,102.7,41.4,-9.1,40.39
16:42:03.957,147.7,53.5,-45.22,28.59
16:42:03.957,192.7,80.0,-78.04,-17.59
16:42:03.957,237.7,29.4,-15.71,-24.85
16:42:03.957,282.7,16.4,3.61,-16.0
16:42:03.957,327.7,17.0,14.37,-9.08
16:42:03.957,12.7,56.8,55.41,12.49
16:42:03.957,57.7,20.6,11.01,17.41
16:42:04.039,104.1,41.8,-10.18,40.54
16:42:04.039,149.1,53.4,-45.82,27.42
16:42:04.039,194.1,106.7,-103.49,-25.99
16:42:04.039,239.1,26.8,-13.76,-23.0
16:42:04.039,284.1,16.4,4.0,-15.91
16:42:04.039,329.1,25.5,21.88,-13.1
16:42:04.039,14.1,32.7,31.71,7.97
16:42:04.039,59.1,20.6,10.58,17.68
16:42:04.126,105.6,59.1,-15.89,56.92
16:42:04.126,150.6,53.4,-46.52,26.21
16:42:04.126,195.6,106.3,-102.38,-28.59
16:42:04.126,240.6,76.3,-37.46,-66.47
16:42:04.126,285.6,16.4,4.41,-15.8
16:42:04.126,330.6,25.5,22.22,-12.52
16:42:04.126,15.6,34.8,33.52,9.36
16:42:04.126,60.6,19.6,9.62,17.08
16:42:04.211,107.2,44.2,-13.07,42.22
16:42:04.211,152.2,52.9,-46.79,24.67
16:42:04.211,197.2,106.8,-102.02,-31.58
16:42:04.211,242.2,76.2,-35.54,-67.41
16:42:04.211,287.2,16.4,4.85,-15.67
16:42:04.211,332.2,17.7,15.66,-8.26
16:42:04.211,17.2,25.6,24.46,7.57
16:42:04.211,62.2,19.6,9.14,17.34
16:42:04.295,108.7,45.0,-14.43,42.62
16:42:04.295,153.7,52.1,-46.71,23.08
16:42:04.295,198.7,107.3,-101.64,-34.4
16:42:04.295,243.7,74.9,-33.19,-67.15
16:42:04.295,288.7,16.4,5.26,-15.53
16:42:04.295,333.7,25.1,22.5,-11.12
16:42:04.295,18.7,25.9,24.53,8.3
16:42:04.295,63.7,19.6,8.68,17.57
16:42:04.381,110.2,50.7,-17.51,47.58
16:42:04.381,155.2,52.4,-47.57,21.98
16:42:04.381,200.2,107.3,-100.7,-37.05
16:42:04.381,245.2,74.3,-31.17,-67.45
16:42:04.381,290.2,16.4,5.66,-15.39
16:42:04.381,335.2,24.9,22.6,-10.44
16:42:04.381,20.2,27.0,25.34,9.32
16:42:04.381,65.2,20.9,8.77,18.97
16:42:04.466,111.8,43.0,-15.97,39.92
16:42:04.466,156.8,52.4,-48.16,20.64
16:42:04.466,201.8,107.4,-99.72,-39.88
16:42:04.466,246.8,74.3,-29.27,-68.29
16:42:04.466,291.8,16.4,6.09,-15.23
16:42:04.466,336.8,24.0,22.06,-9.45
16:42:04.466,21.8,25.3,23.49,9.4
16:42:04.466,66.8,20.6,8.12,18.93
16:42:04.549,113.3,42.5,-16.81,39.03
16:42:04.549,158.3,52.9,-49.15,19.56
16:42:04.549,203.3,107.0,-98.27,-42.32
16:42:04.549,248.3,73.4,-27.14,-68.2
16:42:04.549,293.3,16.4,6.49,-15.06
16:42:04.549,338.3,17.1,15.89,-6.32
16:42:04.549,23.3,25.3,23.24,10.01
16:42:04.549,68.3,19.3,7.14,17.93
16:42:04.635,114.8,42.6,-17.87,38.67
16:42:04.635,159.8,52.9,-49.65,18.27
16:42:04.635,204.8,107.9,-97.95,-45.26
16:42:04.635,249.8,73.9,-25.52,-69.35
16:42:04.635,294.8,16.4,6.88,-14.89
16:42:04.635,339.8,26.3,24.68,-9.08
16:42:04.635,24.8,25.6,23.24,10.74
16:42:04.635,69.8,19.3,6.66,18.11
16:42:04.723,116.3,41.6,-18.43,37.29
16:42:04.723,161.3,53.4,-50.58,17.12
16:42:04.723,206.3,108.0,-96.82,-47.85
16:42:04.723,251.3,73.8,-23.66,-69.9
16:42:04.723,296.3,16.4,7.27,-14.7
16:42:04.723,341.3,16.7,15.82,-5.35
16:42:04.723,26.3,25.9,23.22,11.48
16:42:04.723,71.3,20.6,6.6,19.51
16:42:04.803,117.9,41.2,-19.28,36.41
16:42:04.803,162.9,38.2,-36.51,11.23
16:42:04.803,207.9,109.8,-97.04,-51.38
16:42:04.803,252.9,73.0,-21.46,-69.77
16:42:04.803,297.9,16.1,7.53,-14.23
16:42:04.803,342.9,17.0,16.25,-5.0
16:42:04.803,27.9,25.0,22.09,11.7
16:42:04.803,72.9,21.6,6.35,20.65
16:42:04.887,119.4,41.2,-20.23,35.89
16:42:04.887,164.4,37.3,-35.93,10.03
16:42:04.887,209.4,110.8,-96.53,-54.39
16:42:04.887,254.4,73.3,-19.71,-70.6
16:42:04.887,299.4,16.1,7.9,-14.03
16:42:04.887,344.4,17.1,16.47,-4.6
16:42:04.887,29.4,24.2,21.08,11.88
16:42:04.887,74.4,25.4,6.83,24.46
16:42:04.976,120.9,40.2,-20.64,34.49
16:42:04.976,165.9,37.3,-36.18,9.09
16:42:04.976,210.9,198.5,-170.33,-101.94
16:42:04.976,255.9,73.0,-17.78,-70.8
16:42:04.976,300.9,16.1,8.27,-13.81
16:42:04.976,345.9,17.1,16.58,-4.17
16:42:04.976,30.9,23.3,19.99,11.97
16:42:04.976,75.9,21.2,5.16,20.56
16:42:05.060,122.5,39.3,-21.12,33.15
16:42:05.060,167.5,37.3,-36.42,8.07
16:42:05.060,212.5,110.1,-92.86,-59.16
16:42:05.060,257.5,73.0,-15.8,-71.27
16:42:05.060,302.5,17.1,9.19,-14.42
16:42:05.060,347.5,18.4,17.96,-3.98
16:42:05.060,32.5,23.3,19.65,12.52
16:42:05.060,77.5,20.9,4.52,20.4
16:42:05.150,124.0,39.3,-21.98,32.58
16:42:05.150,169.0,36.9,-36.22,7.04
16:42:05.150,214.0,197.1,-163.4,-110.22
16:42:05.150,259.0,73.4,-14.01,-72.05
16:42:05.150,304.0,16.8,9.39,-13.93
16:42:05.150,349.0,19.6,19.24,-3.74
16:42:05.150,34.0,25.3,20.97,14.15
16:42:05.150,79.0,37.6,7.17,36.91
16:42:05.240,125.6,39.3,-22.88,31.95
16:42:05.240,170.6,37.8,-37.29,6.17
16:42:05.240,215.6,197.2,-160.34,-114.79
16:42:05.240,260.6,73.5,-12.0,-72.51
16:42:05.240,305.6,16.4,9.55,-13.33
16:42:05.240,350.6,17.4,17.17,-2.84
16:42:05.240,35.6,24.7,20.08,14.38
16:42:05.240,80.6,44.9,7.33,44.3
16:42:05.322,127.2,39.3,-23.76,31.3
16:42:05.322,172.2,47.5,-47.06,6.45
16:42:05.322,217.2,56.4,-44.92,-34.1
16:42:05.322,262.2,73.9,-10.03,-73.22
16:42:05.322,307.2,17.4,10.52,-13.86
16:42:05.322,352.2,17.4,17.24,-2.36
16:42:05.322,37.2,24.7,19.67,14.93
16:42:05.322,82.2,44.6,6.05,44.19
16:42:05.426,128.7,39.3,-24.57,30.67
16:42:05.426,218.7,61.9,-48.31,-38.7
16:42:05.426,263.7,74.0,-8.12,-73.55
16:42:05.426,308.7,18.4,11.5,-14.36
16:42:05.426,353.7,16.4,16.3,-1.8
16:42:05.426,38.7,24.4,19.04,15.26
16:42:05.426,83.7,45.9,5.04,45.62
16:42:05.511,130.6,39.3,-25.58,29.84
16:42:05.511,175.6,43.1,-42.97,3.31
16:42:05.511,220.6,57.1,-43.35,-37.16
16:42:05.511,265.6,74.5,-5.72,-74.28
16:42:05.511,310.6,20.6,13.41,-15.64
16:42:05.511,355.6,17.7,17.65,-1.36
16:42:05.511,40.6,16.0,12.15,10.41
16:42:05.511,85.6,45.6,3.5,45.47
16:42:05.593,132.1,22.2,-14.88,16.47
16:42:05.593,177.1,47.3,-47.24,2.39
16:42:05.593,222.1,56.6,-42.0,-37.95
16:42:05.593,267.1,74.6,-3.77,-74.5
16:42:05.593,312.1,21.6,14.48,-16.03
16:42:05.593,357.1,19.3,19.28,-0.98
16:42:05.593,42.1,25.3,18.77,16.96
16:42:05.593,87.1,52.2,2.64,52.13
16:42:05.674,133.6,40.7,-28.07,29.47
16:42:05.674,178.6,49.8,-49.79,1.22
16:42:05.674,223.6,57.0,-41.28,-39.31
16:42:05.674,268.6,74.7,-1.83,-74.68
16:42:05.674,313.6,22.5,15.52,-16.29
16:42:05.674,358.6,17.0,16.99,-0.42
16:42:05.674,43.6,25.3,18.32,17.45
16:42:05.674,88.6,52.7,1.29,52.68
16:42:05.778,135.1,41.6,-29.47,29.36
16:42:05.778,225.1,57.8,-40.8,-40.94
16:42:05.778,270.1,74.8,0.13,-74.8
16:42:05.778,315.1,30.0,21.25,-21.18
16:42:05.778,0.1,18.0,18.0,0.03
16:42:05.778,45.1,24.4,17.22,17.28
16:42:05.778,90.1,37.6,-0.07,37.6
16:42:05.857,136.9,20.6,-15.04,14.08
16:42:05.857,181.9,49.8,-49.77,-1.65
16:42:05.857,226.9,56.4,-38.54,-41.18
16:42:05.857,271.9,74.9,2.48,-74.86
16:42:05.857,316.9,26.6,19.42,-18.18
16:42:05.857,1.9,17.7,17.69,0.59
16:42:05.857,46.9,17.0,11.62,12.41
16:42:05.857,91.9,35.0,-1.16,34.98
16:42:05.939,138.3,20.6,-15.38,13.7
16:42:05.939,183.3,42.2,-42.13,-2.43
16:42:05.939,228.3,55.1,-36.65,-41.14
16:42:05.939,273.3,78.9,4.54,-78.77
16:42:05.939,318.3,23.7,17.7,-15.77
16:42:05.939,3.3,16.4,16.37,0.94
16:42:05.939,48.3,26.2,17.43,19.56
16:42:05.939,93.3,47.4,-2.73,47.32
16:42:06.044,139.8,21.9,-16.73,14.14
16:42:06.044,229.8,54.2,-34.98,-41.4
16:42:06.044,274.8,80.0,6.69,-79.72
16:42:06.044,319.8,75.8,57.9,-48.93
16:42:06.044,4.8,16.4,16.34,1.37
16:42:06.044,49.8,25.0,16.14,19.09
16:42:06.044,94.8,32.1,-2.69,31.99
16:42:06.127,141.7,19.7,-15.46,12.21
16:42:06.127,186.7,44.1,-43.8,-5.15
16:42:06.127,231.7,37.3,-23.12,-29.27
16:42:06.127,276.7,82.8,9.66,-82.23
16:42:06.127,321.7,75.8,59.49,-46.98
16:42:06.127,6.7,16.4,16.29,1.91
16:42:06.127,51.7,25.0,15.49,19.62
16:42:06.127,96.7,26.3,-3.07,26.12
16:42:06.211,143.2,19.7,-15.77,11.8
16:42:06.211,188.2,44.1,-43.65,-6.29
16:42:06.211,233.2,39.4,-23.6,-31.55
16:42:06.211,278.2,107.0,15.26,-105.91
16:42:06.211,323.2,72.6,58.13,-43.49
16:42:06.211,8.2,16.4,16.23,2.34
16:42:06.211,53.2,18.9,11.32,15.13
16:42:06.211,98.2,26.6,-3.79,26.33
16:42:06.316,144.7,20.9,-17.06,12.08
16:42:06.316,234.7,52.5,-30.34,-42.85
16:42:06.316,279.7,107.1,18.05,-105.57
16:42:06.316,324.7,73.0,59.58,-42.18
16:42:06.316,9.7,16.4,16.17,2.76
16:42:06.316,54.7,25.6,14.79,20.89
16:42:06.316,99.7,26.9,-4.53,26.52
16:42:06.401,146.6,21.0,-17.53,11.56
16:42:06.401,191.6,41.7,-40.85,-8.38
16:42:06.401,236.6,52.5,-28.9,-43.83
16:42:06.401,281.6,107.2,21.56,-105.01
16:42:06.401,326.6,73.9,61.7,-40.68
16:42:06.401,11.6,16.4,16.07,3.3
16:42:06.401,56.6,25.3,13.93,21.12
16:42:06.401,101.6,26.0,-5.23,25.47
16:42:06.485,148.1,19.7,-16.72,10.41
16:42:06.485,193.1,42.9,-41.78,-9.72
16:42:06.485,238.1,53.4,-28.22,-45.34
16:42:06.485,283.1,107.7,24.41,-104.9
16:42:06.485,328.1,73.8,62.65,-39.0
16:42:06.485,13.1,16.4,15.97,3.72
16:42:06.485,58.1,27.0,14.27,22.92
16:42:06.485,103.1,26.3,-5.96,25.62
16:42:06.570,149.7,19.7,-17.01,9.94
16:42:06.570,194.7,41.9,-40.53,-10.63
16:42:06.570,239.7,53.0,-26.74,-45.76
16:42:06.570,284.7,107.8,27.36,-104.27
16:42:06.570,329.7,72.5,62.6,-36.58
16:42:06.570,14.7,16.1,15.57,4.09
16:42:06.570,59.7,16.7,8.43,14.42
16:42:06.570,104.7,26.3,-6.67,25.44
16:42:06.654,151.2,20.6,-18.05,9.92
16:42:06.654,196.2,43.7,-41.96,-12.19
16:42:06.654,241.2,37.1,-17.87,-32.51
16:42:06.654,286.2,108.3,30.21,-104.0
16:42:06.654,331.2,72.9,63.88,-35.12
16:42:06.654,16.2,16.1,15.46,4.49
16:42:06.654,61.2,16.7,8.05,14.63
16:42:06.654,106.2,24.8,-6.92,23.82
16:42:06.739,152.7,20.6,-18.31,9.45
16:42:06.739,197.7,41.5,-39.54,-12.62
16:42:06.739,242.7,36.1,-16.56,-32.08
16:42:06.739,287.7,110.2,33.5,-104.98
16:42:06.739,332.7,72.9,64.78,-33.44
16:42:06.739,17.7,16.1,15.34,4.89
16:42:06.739,62.7,16.7,7.66,14.84
16:42:06.739,107.7,24.8,-7.54,23.63
16:42:06.831,154.2,21.6,-19.45,9.4
16:42:06.831,199.2,41.0,-38.72,-13.48
16:42:06.831,244.2,36.1,-15.71,-32.5
16:42:06.831,289.2,198.4,65.25,-187.36
16:42:06.831,334.2,65.8,59.24,-28.64
16:42:06.831,19.2,17.0,16.05,5.59
16:42:06.831,64.2,17.9,7.79,16.12
16:42:06.831,109.2,24.0,-7.89,22.67
16:42:06.913,155.8,21.2,-19.34,8.69
16:42:06.913,200.8,40.6,-37.95,-14.42
16:42:06.913,245.8,36.1,-14.8,-32.93
16:42:06.913,290.8,197.9,70.28,-185.0
16:42:06.913,335.8,72.5,66.13,-29.72
16:42:06.913,20.8,16.7,15.61,5.93
16:42:06.913,65.8,18.2,7.46,16.6
16:42:06.913,110.8,25.1,-8.91,23.46
16:42:07.002,157.4,23.4,-21.6,8.99
16:42:07.002,202.4,40.5,-37.44,-15.43
16:42:07.002,247.4,36.1,-13.87,-33.33
16:42:07.002,292.4,197.8,75.38,-182.88
16:42:07.002,337.4,72.5,66.93,-27.86
16:42:07.002,22.4,17.7,16.36,6.74
16:42:07.002,67.4,19.5,7.49,18.0
16:42:07.002,112.4,26.0,-9.91,24.04
16:42:07.091,159.0,36.8,-34.36,13.19
16:42:07.091,204.0,40.1,-36.63,-16.31
16:42:07.091,249.0,36.1,-12.94,-33.7
16:42:07.091,294.0,197.8,80.45,-180.7
16:42:07.091,339.0,73.4,68.52,-26.3
16:42:07.091,24.0,17.4,15.9,7.08
16:42:07.091,69.0,18.2,6.52,16.99
16:42:07.091,114.0,24.5,-9.97,22.38
16:42:07.185,160.6,44.8,-42.26,14.88
16:42:07.185,205.6,40.5,-36.52,-17.5
16:42:07.185,250.6,50.0,-16.61,-47.16
16:42:07.185,295.6,197.4,85.29,-178.02
16:42:07.185,340.6,73.5,69.33,-24.41
16:42:07.185,25.6,18.4,16.59,7.95
16:42:07.185,70.6,17.3,5.75,16.32
16:42:07.185,115.6,16.7,-7.22,15.06
16:42:07.264,162.2,45.4,-43.23,13.88
16:42:07.264,207.2,41.0,-36.47,-18.74
16:42:07.264,252.2,44.0,-13.45,-41.89
16:42:07.264,297.2,59.7,27.29,-53.1
16:42:07.264,342.2,74.4,70.84,-22.74
16:42:07.264,27.2,19.3,17.17,8.82
16:42:07.264,72.2,17.3,5.29,16.47
16:42:07.264,117.2,16.7,-7.63,14.85
16:42:07.345,163.7,44.6,-42.81,12.52
16:42:07.345,208.7,36.2,-31.75,-17.38
16:42:07.345,253.7,44.4,-12.46,-42.62
16:42:07.345,298.7,61.0,29.29,-53.51
16:42:07.345,343.7,74.0,71.03,-20.77
16:42:07.345,28.7,29.5,25.88,14.17
16:42:07.345,73.7,16.3,4.57,15.64
16:42:07.345,118.7,16.7,-8.02,14.65
16:42:07.430,165.1,44.2,-42.71,11.37
16:42:07.430,210.1,39.4,-34.09,-19.76
16:42:07.430,255.1,57.4,-14.76,-55.47
16:42:07.430,300.1,56.6,28.39,-48.97
16:42:07.430,345.1,74.1,71.61,-19.05
16:42:07.430,30.1,26.0,22.49,13.04
16:42:07.430,75.1,36.1,9.28,34.89
16:42:07.430,120.1,16.7,-8.38,14.45
16:42:07.514,166.7,51.4,-50.02,11.82
16:42:07.514,211.7,41.9,-35.65,-22.02
16:42:07.514,256.7,43.0,-9.89,-41.85
16:42:07.514,301.7,59.1,31.06,-50.28
16:42:07.514,346.7,74.7,72.7,-17.18
16:42:07.514,31.7,25.2,21.44,13.24
16:42:07.514,76.7,17.0,3.91,16.54
16:42:07.514,121.7,23.1,-12.14,19.65
16:42:07.597,168.2,51.4,-50.31,10.51
16:42:07.597,213.2,40.8,-34.14,-22.34
16:42:07.597,258.2,36.6,-7.48,-35.83
16:42:07.597,303.2,56.4,30.88,-47.19
16:42:07.597,348.2,75.6,74.0,-15.46
16:42:07.597,33.2,26.6,22.26,14.57
16:42:07.597,78.2,17.9,3.66,17.52
16:42:07.597,123.2,25.4,-13.91,21.25
16:42:07.679,169.7,36.8,-36.21,6.58
16:42:07.679,214.7,21.8,-17.92,-12.41
16:42:07.679,259.7,40.1,-7.17,-39.45
16:42:07.679,304.7,53.7,30.57,-44.15
16:42:07.679,349.7,79.7,78.42,-14.25
16:42:07.679,34.7,29.2,24.01,16.62
16:42:07.679,79.7,17.6,3.15,17.32
16:42:07.679,124.7,16.7,-9.51,13.73
16:42:07.757,171.1,33.7,-33.29,5.21
16:42:07.757,216.1,21.8,-17.61,-12.84
16:42:07.757,261.1,41.0,-6.34,-40.51
16:42:07.757,306.1,50.3,29.64,-40.64
16:42:07.757,351.1,81.1,80.12,-12.55
16:42:07.757,36.1,28.1,22.7,16.56
16:42:07.757,81.1,16.3,2.52,16.1
16:42:07.757,126.1,16.7,-9.84,13.49
16:42:07.859,172.5,45.2,-44.81,5.9
16:42:07.859,217.5,23.0,-18.25,-14.0
16:42:07.859,262.5,44.4,-5.8,-44.02
16:42:07.859,307.5,56.7,34.52,-44.98
16:42:07.859,352.5,81.2,80.51,-10.6
16:42:07.859,37.5,29.5,23.4,17.96
16:42:07.859,82.5,16.3,2.13,16.16
16:42:07.859,127.5,22.8,-13.88,18.09
16:42:07.947,174.0,32.1,-31.92,3.36
16:42:07.947,219.0,20.9,-16.24,-13.15
16:42:07.947,309.0,59.0,37.13,-45.85
16:42:07.947,354.0,106.6,106.02,-11.14
16:42:07.947,39.0,29.5,22.93,18.56
16:42:07.947,84.0,16.3,1.7,16.21
16:42:07.947,129.0,25.7,-16.17,19.97
16:42:08.021,175.9,29.8,-29.72,2.13
16:42:08.021,220.9,20.9,-15.8,-13.68
16:42:08.021,265.9,42.4,-3.03,-42.29
16:42:08.021,310.9,50.3,32.93,-38.02
16:42:08.021,355.9,56.8,56.65,-4.06
16:42:08.021,40.9,74.9,56.61,49.04
16:42:08.021,85.9,16.3,1.17,16.26
16:42:08.021,130.9,16.1,-10.54,12.17
16:42:08.104,177.3,25.7,-25.67,1.21
16:42:08.104,222.3,20.9,-15.46,-14.07
16:42:08.104,267.3,41.9,-1.97,-41.85
16:42:08.104,312.3,50.3,33.85,-37.2
16:42:08.104,357.3,107.1,106.98,-5.05
16:42:08.104,42.3,73.5,54.36,49.47
16:42:08.104,87.3,16.3,0.77,16.28
16:42:08.104,132.3,17.4,-11.71,12.87
16:42:08.196,178.8,27.8,-27.79,0.58
16:42:08.196,223.8,20.9,-15.08,-14.47
16:42:08.196,268.8,43.0,-0.9,-42.99
16:42:08.196,313.8,53.9,37.31,-38.9
16:42:08.196,358.8,107.1,107.08,-2.24
16:42:08.196,43.8,74.3,53.63,51.43
16:42:08.196,88.8,16.3,0.34,16.3
16:42:08.196,133.8,25.4,-17.58,18.33
16:42:08.277,180.0,26.1,-26.1,0.0
16:42:08.277,225.0,20.9,-14.78,-14.78
16:42:08.277,270.0,41.7,-0.0,-41.7
16:42:08.277,315.0,53.0,37.48,-37.48
16:42:08.277,0.0,107.7,107.7,0.0
16:42:08.277,45.0,73.9,52.26,52.26
16:42:08.277,90.0,16.3,0.0,16.3
16:42:08.277,135.0,25.4,-17.96,17.96
16:42:08.363,180.0,25.5,-25.5,0.0
16:42:08.363,225.0,20.9,-14.78,-14.78
16:42:08.363,270.0,41.7,-0.0,-41.7
16:42:08.363,315.0,53.0,37.48,-37.48
16:42:08.363,0.0,107.3,107.3,0.0
16:42:08.363,45.0,73.9,52.26,52.26
16:42:08.363,90.0,16.3,0.0,16.3
16:42:08.363,135.0,19.3,-13.65,13.65
16:42:08.449,180.0,25.5,-25.5,0.0
16:42:08.449,225.0,20.9,-14.78,-14.78
16:42:08.449,270.0,41.2,-0.0,-41.2
16:42:08.449,315.0,53.0,37.48,-37.48
16:42:08.449,0.0,107.7,107.7,0.0
16:42:08.449,45.0,73.5,51.97,51.97
16:42:08.449,90.0,16.3,0.0,16.3
16:42:08.449,135.0,19.3,-13.65,13.65
16:42:08.533,180.0,25.5,-25.5,0.0
16:42:08.533,225.0,20.9,-14.78,-14.78
16:42:08.533,270.0,41.7,-0.0,-41.7
16:42:08.533,315.0,53.0,37.48,-37.48
16:42:08.533,0.0,107.7,107.7,0.0
16:42:08.533,45.0,73.4,51.9,51.9
16:42:08.533,90.0,16.3,0.0,16.3
16:42:08.533,135.0,19.3,-13.65,13.65
16:42:08.619,180.0,25.5,-25.5,0.0
16:42:08.619,225.0,20.9,-14.78,-14.78
16:42:08.619,270.0,41.7,-0.0,-41.7
16:42:08.619,315.0,53.0,37.48,-37.48
16:42:08.619,0.0,107.3,107.3,0.0
16:42:08.619,45.0,73.4,51.9,51.9
16:42:08.619,90.0,16.3,0.0,16.3
16:42:08.619,135.0,19.3,-13.65,13.65
16:42:08.704,180.0,25.5,-25.5,0.0
16:42:08.704,225.0,20.9,-14.78,-14.78
16:42:08.704,270.0,41.7,-0.0,-41.7
16:42:08.704,315.0,52.2,36.91,-36.91
16:42:08.704,0.0,107.3,107.3,0.0
16:42:08.704,45.0,74.2,52.47,52.47
16:42:08.704,90.0,16.3,0.0,16.3
16:42:08.704,135.0,19.3,-13.65,13.65
16:42:08.789,180.0,25.5,-25.5,0.0
16:42:08.789,225.0,20.9,-14.78,-14.78
16:42:08.789,270.0,41.7,-0.0,-41.7
16:42:08.789,315.0,52.2,36.91,-36.91
16:42:08.789,0.0,107.3,107.3,0.0
16:42:08.789,45.0,74.2,52.47,52.47
16:42:08.789,90.0,16.3,0.0,16.3
16:42:08.789,135.0,19.3,-13.65,13.65
16:42:08.875,180.0,25.5,-25.5,0.0
16:42:08.875,225.0,20.9,-14.78,-14.78
16:42:08.875,270.0,43.8,-0.0,-43.8
16:42:08.875,315.0,52.7,37.26,-37.26
16:42:08.875,0.0,107.7,107.7,0.0
16:42:08.875,45.0,74.3,52.54,52.54
16:42:08.875,90.0,16.3,0.0,16.3
16:42:08.875,135.0,19.3,-13.65,13.65
16:42:08.963,180.0,25.5,-25.5,0.0
16:42:08.963,225.0,20.9,-14.78,-14.78
16:42:08.963,270.0,41.7,-0.0,-41.7
16:42:08.963,315.0,52.7,37.26,-37.26
16:42:08.963,0.0,107.7,107.7,0.0
16:42:08.963,45.0,74.2,52.47,52.47
16:42:08.963,90.0,16.3,0.0,16.3
16:42:08.963,135.0,19.3,-13.65,13.65
16:42:09.045,180.0,25.5,-25.5,0.0
16:42:09.045,225.0,20.9,-14.78,-14.78
16:42:09.045,270.0,41.7,-0.0,-41.7
16:42:09.045,315.0,52.7,37.26,-37.26
16:42:09.045,0.0,107.8,107.8,0.0
16:42:09.045,45.0,74.2,52.47,52.47
16:42:09.045,90.0,16.3,0.0,16.3
16:42:09.045,135.0,19.3,-13.65,13.65
16:42:09.131,180.0,25.5,-25.5,0.0
16:42:09.131,225.0,20.9,-14.78,-14.78
16:42:09.131,270.0,41.7,-0.0,-41.7
16:42:09.131,315.0,52.7,37.26,-37.26
16:42:09.131,0.0,107.7,107.7,0.0
16:42:09.131,45.0,74.3,52.54,52.54
16:42:09.131,90.0,16.3,0.0,16.3
16:42:09.131,135.0,19.3,-13.65,13.65
16:42:09.216,180.0,25.5,-25.5,0.0
16:42:09.216,225.0,20.9,-14.78,-14.78
16:42:09.216,270.0,41.7,-0.0,-41.7
16:42:09.216,315.0,53.2,37.62,-37.62
16:42:09.216,0.0,107.3,107.3,0.0
16:42:09.216,45.0,73.9,52.26,52.26
16:42:09.216,90.0,16.3,0.0,16.3
16:42:09.216,135.0,19.3,-13.65,13.65
16:42:09.303,180.0,25.5,-25.5,0.0
16:42:09.303,225.0,20.9,-14.78,-14.78
16:42:09.303,270.0,41.7,-0.0,-41.7
16:42:09.303,315.0,53.2,37.62,-37.62
16:42:09.303,0.0,107.3,107.3,0.0
16:42:09.303,45.0,73.9,52.26,52.26
16:42:09.303,90.0,16.3,0.0,16.3
16:42:09.303,135.0,19.3,-13.65,13.65
16:42:09.388,178.5,25.5,-25.49,0.67
16:42:09.388,223.5,20.9,-15.16,-14.39
16:42:09.388,268.5,41.7,-1.09,-41.69
16:42:09.388,313.5,53.2,36.62,-38.59
16:42:09.388,358.5,107.3,107.26,-2.81
16:42:09.388,43.5,74.3,53.9,51.14
16:42:09.388,88.5,16.3,0.43,16.29
16:42:09.388,133.5,19.3,-13.29,14.0
16:42:09.473,177.1,25.5,-25.47,1.29
16:42:09.473,222.1,20.9,-15.51,-14.01
16:42:09.473,267.1,41.7,-2.11,-41.65
16:42:09.473,312.1,53.2,35.67,-39.47
16:42:09.473,357.1,107.7,107.56,-5.45
16:42:09.473,42.1,73.9,54.83,49.54
16:42:09.473,87.1,16.3,0.82,16.28
16:42:09.473,132.1,25.4,-17.03,18.85
16:42:09.560,175.6,26.3,-26.22,2.02
16:42:09.560,220.6,20.9,-15.87,-13.6
16:42:09.560,265.6,41.7,-3.2,-41.58
16:42:09.560,310.6,53.2,34.62,-40.39
16:42:09.560,355.6,107.2,106.88,-8.22
16:42:09.560,40.6,74.4,56.49,48.42
16:42:09.560,85.6,16.3,1.25,16.25
16:42:09.560,130.6,25.4,-16.53,19.29
16:42:09.644,174.1,26.1,-25.96,2.68
16:42:09.644,219.1,20.9,-16.22,-13.18
16:42:09.644,264.1,42.1,-4.33,-41.88
16:42:09.644,309.1,53.2,33.55,-41.29
16:42:09.644,354.1,107.1,106.53,-11.01
16:42:09.644,39.1,73.9,57.35,46.61
16:42:09.644,84.1,16.3,1.68,16.21
16:42:09.644,129.1,25.4,-16.02,19.71
16:42:09.729,172.7,27.8,-27.57,3.53
16:42:09.729,217.7,20.9,-16.54,-12.78
16:42:09.729,262.7,42.6,-5.41,-42.25
16:42:09.729,307.7,53.2,32.53,-42.09
16:42:09.729,352.7,107.2,106.33,-13.62
16:42:09.729,37.7,73.9,58.47,45.19
16:42:09.729,82.7,16.3,2.07,16.17
16:42:09.729,127.7,16.1,-9.85,12.74
16:42:09.815,171.2,25.8,-25.5,3.95
16:42:09.815,216.2,20.9,-16.87,-12.34
16:42:09.815,261.2,56.6,-8.66,-55.93
16:42:09.815,306.2,53.2,31.42,-42.93
16:42:09.815,351.2,106.7,105.44,-16.32
16:42:09.815,36.2,74.0,59.72,43.7
16:42:09.815,81.2,16.3,2.49,16.11
16:42:09.815,126.2,16.1,-9.51,12.99
16:42:09.896,169.7,25.7,-25.29,4.6
16:42:09.896,214.7,20.9,-17.18,-11.9
16:42:09.896,259.7,42.8,-7.65,-42.11
16:42:09.896,304.7,52.4,29.83,-43.08
16:42:09.896,349.7,56.8,55.88,-10.16
16:42:09.896,34.7,74.9,61.58,42.64
16:42:09.896,79.7,16.3,2.91,16.04
16:42:09.896,124.7,24.8,-14.12,20.39
16:42:09.978,168.3,29.8,-29.18,6.04
16:42:09.978,213.3,20.9,-17.47,-11.47
16:42:09.978,258.3,42.8,-8.68,-41.91
16:42:09.978,303.3,52.4,28.77,-43.8
16:42:09.978,348.3,106.6,104.39,-21.62
16:42:09.978,33.3,29.5,24.66,16.2
16:42:09.978,78.3,16.3,3.31,15.96
16:42:09.978,123.3,26.0,-14.27,21.73
16:42:10.061,166.9,32.1,-31.26,7.28
16:42:10.061,211.9,20.9,-17.74,-11.04
16:42:10.061,256.9,56.6,-12.83,-55.13
16:42:10.061,301.9,52.4,27.69,-44.49
16:42:10.061,346.9,106.1,103.34,-24.05
16:42:10.061,31.9,29.5,25.04,15.59
16:42:10.061,76.9,16.3,3.69,15.88
16:42:10.061,121.9,16.7,-8.82,14.18
16:42:10.141,165.5,36.1,-34.95,9.04
16:42:10.141,210.5,20.9,-18.01,-10.61
16:42:10.141,255.5,41.5,-10.39,-40.18
16:42:10.141,300.5,52.9,26.85,-45.58
16:42:10.141,345.5,83.0,80.36,-20.78
16:42:10.141,30.5,28.1,24.21,14.26
16:42:10.141,75.5,16.3,4.08,15.78
16:42:10.141,120.5,16.7,-8.48,14.39
16:42:10.223,164.1,46.0,-44.24,12.6
16:42:10.223,209.1,21.8,-19.05,-10.6
16:42:10.223,254.1,41.0,-11.23,-39.43
16:42:10.223,299.1,52.9,25.73,-46.22
16:42:10.223,344.1,80.6,77.52,-22.08
16:42:10.223,29.1,29.8,26.04,14.49
16:42:10.223,74.1,16.3,4.47,15.68
16:42:10.223,119.1,25.1,-12.21,21.93
16:42:10.304,162.7,35.0,-33.42,10.41
16:42:10.304,207.7,21.8,-19.3,-10.13
16:42:10.304,252.7,40.5,-12.04,-38.67
16:42:10.304,297.7,52.9,24.59,-46.84
16:42:10.304,342.7,80.1,76.48,-23.82
16:42:10.304,27.7,26.6,23.55,12.36
16:42:10.304,72.7,17.9,5.32,17.09
16:42:10.304,117.7,25.4,-11.81,22.49
16:42:10.384,161.4,37.2,-35.26,11.87
16:42:10.384,206.4,21.8,-19.53,-9.69
16:42:10.384,251.4,36.6,-11.67,-34.69
16:42:10.384,296.4,53.4,23.74,-47.83
16:42:10.384,341.4,75.6,71.65,-24.11
16:42:10.384,26.4,27.5,24.63,12.23
16:42:10.384,71.4,17.0,5.42,16.11
16:42:10.384,116.4,25.4,-11.29,22.75
16:42:10.467,160.0,50.5,-47.45,17.27
16:42:10.467,205.0,40.8,-36.98,-17.24
16:42:10.467,250.0,36.1,-12.35,-33.92
16:42:10.467,295.0,56.4,23.84,-51.12
16:42:10.467,340.0,75.1,70.57,-25.69
16:42:10.467,25.0,24.3,22.02,10.27
16:42:10.467,70.0,17.9,6.12,16.82
16:42:10.467,115.0,16.7,-7.06,15.14
16:42:10.550,158.6,50.5,-47.02,18.43
16:42:10.550,203.6,41.9,-38.4,-16.77
16:42:10.550,248.6,36.1,-13.17,-33.61
16:42:10.550,293.6,64.6,25.86,-59.2
16:42:10.550,338.6,74.6,69.46,-27.22
16:42:10.550,23.6,26.0,23.83,10.41
16:42:10.550,68.6,29.1,10.62,27.09
16:42:10.550,113.6,16.7,-6.69,15.3
16:42:10.632,157.1,44.2,-40.72,17.2
16:42:10.632,202.1,39.4,-36.51,-14.82
16:42:10.632,247.1,36.1,-14.05,-33.25
16:42:10.632,292.1,62.1,23.36,-57.54
16:42:10.632,337.1,74.5,68.63,-28.99
16:42:10.632,22.1,29.5,27.33,11.1
16:42:10.632,67.1,16.3,6.34,15.02
16:42:10.632,112.1,16.7,-6.28,15.47
16:42:10.713,155.7,44.2,-40.28,18.19
16:42:10.713,200.7,41.0,-38.35,-14.49
16:42:10.713,245.7,37.8,-15.56,-34.45
16:42:10.713,290.7,59.1,20.89,-55.28
16:42:10.713,335.7,74.9,68.26,-30.82
16:42:10.713,20.7,19.3,18.05,6.82
16:42:10.713,65.7,17.3,7.12,15.77
16:42:10.713,110.7,16.7,-5.9,15.62
16:42:10.796,154.3,45.1,-40.64,19.56
16:42:10.796,199.3,41.0,-38.7,-13.55
16:42:10.796,244.3,42.4,-18.39,-38.21
16:42:10.796,289.3,61.8,20.43,-58.33
16:42:10.796,334.3,73.5,66.23,-31.87
16:42:10.796,19.3,18.4,17.37,6.08
16:42:10.796,64.3,17.3,7.5,15.59
16:42:10.796,109.3,16.7,-5.52,15.76
16:42:10.884,152.9,43.6,-38.81,19.86
16:42:10.884,197.9,40.5,-38.54,-12.45
16:42:10.884,242.9,43.2,-19.68,-38.46
16:42:10.884,287.9,197.7,60.76,-188.13
16:42:10.884,332.9,73.5,65.43,-33.48
16:42:10.884,17.9,17.4,16.56,5.35
16:42:10.884,62.9,17.3,7.88,15.4
16:42:10.884,107.9,23.7,-7.28,22.55
16:42:10.977,151.4,44.8,-39.33,21.45
16:42:10.977,196.4,40.6,-38.95,-11.46
16:42:10.977,241.4,45.4,-21.73,-39.86
16:42:10.977,286.4,197.8,55.85,-189.75
16:42:10.977,331.4,73.4,64.44,-35.14
16:42:10.977,16.4,17.7,16.98,5.0
16:42:10.977,61.4,19.5,9.33,17.12
16:42:10.977,106.4,25.4,-7.17,24.37
16:42:11.067,149.8,36.8,-31.81,18.51
16:42:11.067,194.8,40.1,-38.77,-10.24
16:42:11.067,239.8,35.6,-17.91,-30.77
16:42:11.067,284.8,197.8,50.53,-191.24
16:42:11.067,329.8,72.9,63.01,-36.67
16:42:11.067,14.8,16.7,16.15,4.27
16:42:11.067,59.8,19.5,9.81,16.85
16:42:11.067,104.8,25.1,-6.41,24.27
16:42:11.154,148.3,23.4,-19.91,12.3
16:42:11.154,193.3,40.6,-39.51,-9.34
16:42:11.154,238.3,35.7,-18.76,-30.37
16:42:11.154,283.3,197.4,45.41,-192.11
16:42:11.154,328.3,66.5,56.58,-34.94
16:42:11.154,13.3,16.7,16.25,3.84
16:42:11.154,58.3,18.2,9.56,15.48
16:42:11.154,103.3,24.0,-5.52,23.36
16:42:11.246,146.8,21.3,-17.82,11.66
16:42:11.246,191.8,40.6,-39.74,-8.3
16:42:11.246,236.8,35.6,-19.49,-29.79
16:42:11.246,281.8,197.9,40.47,-193.72
16:42:11.246,326.8,73.3,61.33,-40.14
16:42:11.246,11.8,17.1,16.74,3.5
16:42:11.246,56.8,16.7,9.14,13.97
16:42:11.246,101.8,24.0,-4.91,23.49
16:42:11.330,145.3,21.6,-17.76,12.3
16:42:11.330,190.3,40.6,-39.95,-7.26
16:42:11.330,235.3,35.7,-20.32,-29.35
16:42:11.330,280.3,198.4,35.47,-195.2
16:42:11.330,325.3,72.5,59.61,-41.27
16:42:11.330,10.3,16.1,15.84,2.88
16:42:11.330,55.3,16.7,9.51,13.73
16:42:11.330,100.3,24.8,-4.43,24.4
16:42:11.414,143.8,21.9,-17.67,12.93
16:42:11.414,188.8,43.1,-42.59,-6.59
16:42:11.414,233.8,35.7,-21.08,-28.81
16:42:11.414,278.8,108.4,16.58,-107.12
16:42:11.414,323.8,72.9,58.83,-43.06
16:42:11.414,8.8,16.1,15.91,2.46
16:42:11.414,53.8,16.7,9.86,13.48
16:42:11.414,98.8,24.8,-3.79,24.51
16:42:11.497,142.3,20.6,-16.3,12.6
16:42:11.497,187.3,43.7,-43.35,-5.55
16:42:11.497,232.3,36.1,-22.08,-28.56
16:42:11.497,277.3,108.3,13.76,-107.42
16:42:11.497,322.3,72.5,57.36,-44.34
16:42:11.497,7.3,16.1,15.97,2.05
16:42:11.497,52.3,16.7,10.21,13.21
16:42:11.497,97.3,26.3,-3.34,26.09
16:42:11.582,140.9,20.6,-15.99,12.99
16:42:11.582,185.9,41.9,-41.68,-4.31
16:42:11.582,230.9,36.1,-22.77,-28.02
16:42:11.582,275.9,107.8,11.08,-107.23
16:42:11.582,320.9,73.3,56.88,-46.23
16:42:11.582,5.9,16.4,16.31,1.69
16:42:11.582,50.9,27.1,17.09,21.03
16:42:11.582,95.9,26.3,-2.7,26.16
16:42:11.666,139.4,19.6,-14.88,12.76
16:42:11.666,184.4,43.3,-43.17,-3.32
16:42:11.666,229.4,36.6,-23.82,-27.79
16:42:11.666,274.4,107.7,8.26,-107.38
16:42:11.666,319.4,74.2,56.34,-48.29
16:42:11.666,4.4,16.4,16.35,1.26
16:42:11.666,49.4,25.3,16.46,19.21
16:42:11.666,94.4,26.0,-1.99,25.92
16:42:11.750,138.0,19.6,-14.57,13.11
16:42:11.750,183.0,44.7,-44.64,-2.34
16:42:11.750,228.0,43.0,-28.77,-31.96
16:42:11.750,273.0,107.2,5.61,-107.05
16:42:11.750,318.0,74.3,55.22,-49.72
16:42:11.750,3.0,16.4,16.38,0.86
16:42:11.750,48.0,25.3,16.93,18.8
16:42:11.750,93.0,26.0,-1.36,25.96
16:42:11.835,136.6,20.9,-15.19,14.36
16:42:11.835,181.6,43.9,-43.88,-1.23
16:42:11.835,226.6,53.2,-36.55,-38.65
16:42:11.835,271.6,107.6,3.0,-107.56
16:42:11.835,316.6,73.8,53.62,-50.71
16:42:11.835,1.6,16.4,16.39,0.46
16:42:11.835,46.6,24.7,16.97,17.95
16:42:11.835,91.6,26.6,-0.74,26.59
16:42:11.941,135.1,20.9,-14.8,14.75
16:42:11.941,225.1,54.1,-38.19,-38.32
16:42:11.941,270.1,107.1,0.19,-107.1
16:42:11.941,315.1,73.5,52.06,-51.88
16:42:11.941,0.1,16.4,16.4,0.03
16:42:11.941,45.1,17.6,12.42,12.47
16:42:11.941,90.1,25.4,-0.04,25.4
16:42:12.026,133.3,19.6,-13.44,14.26
16:42:12.026,178.3,44.1,-44.08,1.31
16:42:12.026,223.3,54.6,-39.74,-37.45
16:42:12.026,268.3,107.0,-3.17,-106.95
16:42:12.026,313.3,71.8,49.24,-52.25
16:42:12.026,358.3,16.4,16.39,-0.49
16:42:12.026,43.3,25.0,18.19,17.15
16:42:12.026,88.3,34.2,1.01,34.18
16:42:12.108,131.8,19.6,-13.06,14.61
16:42:12.108,176.8,43.7,-43.63,2.44
16:42:12.108,221.8,54.6,-40.7,-36.39
16:42:12.108,266.8,80.5,-4.49,-80.37
16:42:12.108,311.8,75.8,50.52,-56.51
16:42:12.108,356.8,16.4,16.37,-0.92
16:42:12.108,41.8,25.0,18.64,16.66
16:42:12.108,86.8,32.1,1.79,32.05
16:42:12.212,130.4,20.9,-13.55,15.92
16:42:12.212,220.4,53.4,-40.67,-34.61
16:42:12.212,265.4,79.9,-6.41,-79.64
16:42:12.212,310.4,25.5,16.53,-19.42
16:42:12.212,355.4,16.4,16.35,-1.32
16:42:12.212,40.4,26.2,19.95,16.98
16:42:12.212,85.4,47.4,3.8,47.25
16:42:12.291,128.6,21.9,-13.66,17.12
16:42:12.291,173.6,43.1,-42.83,4.8
16:42:12.291,218.6,50.0,-39.08,-31.19
16:42:12.291,263.6,79.4,-8.85,-78.91
16:42:12.291,308.6,22.8,14.22,-17.82
16:42:12.291,353.6,16.4,16.3,-1.83
16:42:12.291,38.6,17.0,13.29,10.61
16:42:12.291,83.6,33.6,3.75,33.39
16:42:12.372,127.3,20.6,-12.48,16.39
16:42:12.372,172.3,42.7,-42.31,5.72
16:42:12.372,217.3,49.6,-39.46,-30.06
16:42:12.372,262.3,75.8,-10.16,-75.12
16:42:12.372,307.3,25.8,15.63,-20.52
16:42:12.372,352.3,18.0,17.84,-2.41
16:42:12.372,37.3,24.4,19.41,14.79
16:42:12.372,82.3,37.2,4.98,36.86
16:42:12.452,125.9,20.6,-12.08,16.69
16:42:12.452,170.9,49.9,-49.27,7.89
16:42:12.452,215.9,51.3,-41.56,-30.08
16:42:12.452,260.9,76.6,-12.11,-75.64
16:42:12.452,305.9,30.0,17.59,-24.3
16:42:12.452,350.9,17.1,16.88,-2.7
16:42:12.452,35.9,24.4,19.77,14.31
16:42:12.452,80.9,50.1,7.92,49.47
16:42:12.534,124.5,39.5,-22.37,32.55
16:42:12.534,169.5,38.3,-37.66,6.98
16:42:12.534,214.5,52.7,-43.43,-29.85
16:42:12.534,259.5,74.7,-13.61,-73.45
16:42:12.534,304.5,24.3,13.76,-20.03
16:42:12.534,349.5,17.1,16.81,-3.12
16:42:12.534,34.5,25.3,20.85,14.33
16:42:12.534,79.5,52.7,9.6,51.82
16:42:12.617,123.1,41.2,-22.5,34.51
16:42:12.617,168.1,37.3,-36.5,7.69
16:42:12.617,213.1,56.6,-47.41,-30.91
16:42:12.617,258.1,74.6,-15.38,-73.0
16:42:12.617,303.1,22.6,12.34,-18.93
16:42:12.617,348.1,17.1,16.73,-3.53
16:42:12.617,33.1,25.3,21.19,13.82
16:42:12.617,78.1,51.0,10.52,49.9
16:42:12.701,121.7,40.2,-21.12,34.2
16:42:12.701,166.7,36.9,-35.91,8.49
16:42:12.701,211.7,56.6,-48.16,-29.74
16:42:12.701,256.7,74.1,-17.05,-72.11
16:42:12.701,301.7,20.3,10.67,-17.27
16:42:12.701,346.7,34.5,33.57,-7.94
16:42:12.701,31.7,24.4,20.76,12.82
16:42:12.701,76.7,43.7,10.05,42.53
16:42:12.811,120.3,22.2,-11.2,19.17
16:42:12.811,165.3,36.4,-35.21,9.24
16:42:12.811,210.3,58.8,-50.77,-29.67
16:42:12.811,255.3,74.5,-18.9,-72.06
16:42:12.811,300.3,19.3,9.74,-16.66
16:42:12.811,345.3,16.4,15.86,-4.16
16:42:12.811,30.3,24.4,21.07,12.31
16:42:12.811,75.3,46.3,11.75,44.78
16:42:12.880,118.9,39.3,-18.99,34.41
16:42:12.880,163.9,35.9,-34.49,9.96
16:42:12.880,208.9,61.4,-53.75,-29.67
16:42:12.880,253.9,73.5,-20.38,-70.62
16:42:12.880,298.9,18.4,8.89,-16.11
16:42:12.880,343.9,16.1,15.47,-4.46
16:42:12.880,28.9,24.4,21.36,11.79
16:42:12.880,73.9,44.6,12.37,42.85
16:42:12.946,117.4,38.8,-17.86,34.45
16:42:12.946,162.4,35.9,-34.22,10.86
16:42:12.946,207.4,58.1,-51.58,-26.74
16:42:12.946,252.4,74.0,-22.38,-70.54
16:42:12.946,297.4,17.4,8.01,-15.45
16:42:12.946,342.4,17.4,16.59,-5.26
16:42:12.946,27.4,24.7,21.93,11.37
16:42:12.946,72.4,45.0,13.61,42.89
16:42:13.028,116.1,39.3,-17.29,35.29
16:42:13.028,161.1,36.4,-34.44,11.79
16:42:13.028,206.1,60.0,-53.88,-26.4
16:42:13.028,251.1,72.6,-23.52,-68.69
16:42:13.028,296.1,17.7,7.79,-15.9
16:42:13.028,341.1,17.4,16.46,-5.64
16:42:13.028,26.1,24.7,22.18,10.87
16:42:13.028,71.1,45.8,14.84,43.33
16:42:13.114,114.7,39.3,-16.42,35.7
16:42:13.114,159.7,54.6,-51.21,18.94
16:42:13.114,204.7,58.7,-53.33,-24.53
16:42:13.114,249.7,73.4,-25.47,-68.84
16:42:13.114,294.7,16.4,6.85,-14.9
16:42:13.114,339.7,18.7,17.54,-6.49
16:42:13.114,24.7,25.3,22.99,10.57
16:42:13.114,69.7,37.2,12.91,34.89
16:42:13.195,113.2,39.3,-15.48,36.12
16:42:13.195,158.2,53.8,-49.95,19.98
16:42:13.195,203.2,59.7,-54.87,-23.52
16:42:13.195,248.2,73.4,-27.26,-68.15
16:42:13.195,293.2,16.8,6.62,-15.44
16:42:13.195,338.2,19.6,18.2,-7.28
16:42:13.195,23.2,25.3,23.25,9.97
16:42:13.195,68.2,22.2,8.24,20.61
16:42:13.286,111.8,39.8,-14.78,36.95
16:42:13.286,156.8,56.6,-52.02,22.3
16:42:13.286,201.8,197.2,-183.1,-73.23
16:42:13.286,246.8,73.4,-28.92,-67.46
16:42:13.286,291.8,17.1,6.35,-15.88
16:42:13.286,336.8,18.3,16.82,-7.21
16:42:13.286,21.8,23.3,21.63,8.65
16:42:13.286,66.8,21.2,8.35,19.49
16:42:13.376,110.2,39.3,-13.57,36.88
16:42:13.376,155.2,53.6,-48.66,22.48
16:42:13.376,200.2,198.0,-185.82,-68.37
16:42:13.376,245.2,72.9,-30.58,-66.18
16:42:13.376,290.2,16.1,5.56,-15.11
16:42:13.376,335.2,17.1,15.52,-7.17
16:42:13.376,20.2,24.1,22.62,8.32
16:42:13.376,65.2,25.4,10.65,23.06
16:42:13.460,108.7,40.3,-12.92,38.17
16:42:13.460,153.7,52.2,-46.8,23.13
16:42:13.460,198.7,144.3,-136.68,-46.26
16:42:13.460,243.7,73.8,-32.7,-66.16
16:42:13.460,288.7,16.1,5.16,-15.25
16:42:13.460,333.7,17.1,15.33,-7.58
16:42:13.460,18.7,24.1,22.83,7.73
16:42:13.460,63.7,21.6,9.57,19.36
16:42:13.546,107.2,40.7,-12.04,38.88
16:42:13.546,152.2,38.3,-33.88,17.86
16:42:13.546,197.2,142.9,-136.51,-42.26
16:42:13.546,242.2,73.4,-34.23,-64.93
16:42:13.546,287.2,16.1,4.76,-15.38
16:42:13.546,332.2,17.1,15.13,-7.98
16:42:13.546,17.2,25.0,23.88,7.39
16:42:13.546,62.2,20.6,9.61,18.22
16:42:13.630,105.8,41.2,-11.22,39.64
16:42:13.630,150.8,36.2,-31.6,17.66
16:42:13.630,195.8,108.4,-104.3,-29.52
16:42:13.630,240.8,72.9,-35.56,-63.64
16:42:13.630,285.8,16.4,4.47,-15.78
16:42:13.630,330.8,16.8,14.67,-8.2
16:42:13.630,15.8,26.5,25.5,7.22
16:42:13.630,60.8,19.3,9.42,16.85
16:42:13.714,104.3,43.2,-10.67,41.86
16:42:13.714,149.3,36.2,-31.13,18.48
16:42:13.714,194.3,108.4,-105.04,-26.77
16:42:13.714,239.3,72.9,-37.22,-62.68
16:42:13.714,284.3,16.4,4.05,-15.89
16:42:13.714,329.3,26.3,22.61,-13.43
16:42:13.714,14.3,25.6,24.81,6.32
16:42:13.714,59.3,19.3,9.85,16.6
16:42:13.803,102.9,43.4,-9.69,42.3
16:42:13.803,147.9,36.6,-31.0,19.45
16:42:13.803,192.9,107.5,-104.79,-24.0
16:42:13.803,237.9,72.5,-38.53,-61.42
16:42:13.803,282.9,16.4,3.66,-15.99
16:42:13.803,327.9,17.1,14.49,-9.09
16:42:13.803,12.9,25.3,24.66,5.65
16:42:13.803,57.9,20.6,10.95,17.45
16:42:13.883,101.5,42.5,-8.47,41.65
16:42:13.883,146.5,37.1,-30.94,20.48
16:42:13.883,191.5,107.8,-105.64,-21.49
16:42:13.883,236.5,73.0,-40.29,-60.87
16:42:13.883,281.5,16.4,3.27,-16.07
16:42:13.883,326.5,18.4,15.34,-10.16
16:42:13.883,11.5,25.3,24.79,5.04
16:42:13.883,56.5,20.6,11.37,17.18
16:42:13.968,100.0,43.0,-7.47,42.35
16:42:13.968,145.0,38.0,-31.13,21.8
16:42:13.968,190.0,107.7,-106.06,-18.7
16:42:13.968,235.0,74.8,-42.9,-61.27
16:42:13.968,280.0,16.4,2.85,-16.15
16:42:13.968,325.0,24.9,20.4,-14.28
16:42:13.968,10.0,27.0,26.59,4.69
16:42:13.968,55.0,20.9,11.99,17.12
16:42:14.074,143.6,53.3,-42.9,31.63
16:42:14.074,188.6,107.3,-106.09,-16.05
16:42:14.074,233.6,74.0,-43.91,-59.56
16:42:14.074,278.6,16.4,2.45,-16.22
16:42:14.074,323.6,25.1,20.2,-14.89
16:42:14.074,8.6,25.9,25.61,3.87
16:42:14.074,53.6,19.6,11.63,15.78
16:42:14.160,96.7,42.8,-4.99,42.51
16:42:14.160,141.7,53.3,-41.83,33.03
16:42:14.160,186.7,107.2,-106.47,-12.51
16:42:14.160,231.7,74.9,-46.42,-58.78
16:42:14.160,276.7,16.4,1.91,-16.29
16:42:14.160,321.7,17.7,13.89,-10.97
16:42:14.160,6.7,26.5,26.32,3.09
16:42:14.160,51.7,19.6,12.15,15.38
16:42:14.245,95.3,43.2,-3.99,43.02
16:42:14.245,140.3,53.3,-41.01,34.05
16:42:14.245,185.3,106.8,-106.34,-9.87
16:42:14.245,230.3,75.3,-48.1,-57.94
16:42:14.245,275.3,16.4,1.51,-16.33
16:42:14.245,320.3,25.1,19.31,-16.03
16:42:14.245,5.3,29.1,28.98,2.69
16:42:14.245,50.3,19.6,12.52,15.08
16:42:14.332,93.8,60.9,-4.04,60.77
16:42:14.332,138.8,53.3,-40.1,35.11
16:42:14.332,183.8,106.7,-106.47,-7.07
16:42:14.332,228.8,76.3,-50.26,-57.41
16:42:14.332,273.8,16.4,1.09,-16.36
16:42:14.332,318.8,25.5,19.19,-16.8
16:42:14.332,3.8,32.7,32.63,2.17
16:42:14.332,48.8,20.6,13.57,15.5
16:42:14.425,92.3,44.4,-1.78,44.36
16:42:14.425,137.3,54.1,-39.76,36.69
16:42:14.425,182.3,106.7,-106.61,-4.28
16:42:14.425,227.3,29.4,-19.94,-21.61
16:42:14.425,272.3,16.4,0.66,-16.39
16:42:14.425,317.3,17.1,12.57,-11.6
16:42:14.425,2.3,57.2,57.15,2.3
16:42:14.425,47.3,20.6,13.97,15.14
16:42:14.499,90.8,45.6,-0.64,45.6
16:42:14.499,135.8,54.1,-38.78,37.72
16:42:14.499,180.8,80.8,-80.79,-1.13
16:42:14.499,225.8,28.0,-19.52,-20.07
16:42:14.499,270.8,16.4,0.23,-16.4
16:42:14.499,315.8,17.0,12.19,-11.85
16:42:14.499,0.8,57.5,57.49,0.8
16:42:14.499,45.8,20.2,14.08,14.48
16:42:14.583,89.4,37.0,0.39,37.0
16:42:14.583,134.4,50.4,-35.26,36.01
16:42:14.583,179.4,75.5,-75.5,0.79
16:42:14.583,224.4,27.1,-19.36,-18.96
16:42:14.583,269.4,18.0,-0.19,-18.0
16:42:14.583,314.4,17.0,11.89,-12.15
16:42:14.583,359.4,36.1,36.1,-0.38
16:42:14.583,44.4,21.6,15.43,15.11
16:42:14.659,88.1,36.5,1.21,36.48
16:42:14.659,133.1,50.4,-34.44,36.8
16:42:14.659,178.1,75.0,-74.96,2.49
16:42:14.659,223.1,29.7,-21.69,-20.29
16:42:14.659,268.1,18.0,-0.6,-17.99
16:42:14.659,313.1,24.0,16.4,-17.52
16:42:14.659,358.1,36.1,36.08,-1.2
16:42:14.659,43.1,21.6,15.77,14.76
16:42:14.741,86.7,36.1,2.08,36.04
16:42:14.741,131.7,51.2,-34.06,38.23
16:42:14.741,176.7,74.5,-74.38,4.29
16:42:14.741,221.7,25.7,-19.19,-17.1
16:42:14.741,266.7,16.1,-0.93,-16.07
16:42:14.741,311.7,24.9,16.56,-18.59
16:42:14.741,356.7,54.2,54.11,-3.12
16:42:14.741,41.7,42.5,31.73,28.27
16:42:14.822,85.3,36.0,2.95,35.88
16:42:14.822,130.3,58.2,-37.64,44.39
16:42:14.822,175.3,75.2,-74.95,6.16
16:42:14.822,220.3,25.6,-19.52,-16.56
16:42:14.822,265.3,19.7,-1.61,-19.63
16:42:14.822,310.3,16.1,10.41,-12.28
16:42:14.822,355.3,51.6,51.43,-4.23
16:42:14.822,40.3,22.2,16.93,14.36
16:42:14.903,83.9,35.5,3.77,35.3
16:42:14.903,128.9,59.0,-37.05,45.92
16:42:14.903,173.9,75.2,-74.77,7.99
16:42:14.903,218.9,29.9,-23.27,-18.78
16:42:14.903,263.9,20.3,-2.16,-20.19
16:42:14.903,308.9,16.1,10.11,-12.53
16:42:14.903,353.9,49.9,49.62,-5.3
16:42:14.903,38.9,20.9,16.27,13.12
16:42:14.984,82.5,36.8,4.8,36.49
16:42:14.984,127.5,62.2,-37.86,49.35
16:42:14.984,172.5,74.2,-73.57,9.69
16:42:14.984,217.5,20.2,-16.03,-12.3
16:42:14.984,262.5,17.7,-2.31,-17.55
16:42:14.984,307.5,16.1,9.8,-12.77
16:42:14.984,352.5,49.9,49.47,-6.51
16:42:14.984,37.5,23.1,18.33,14.06
16:42:15.078,81.1,36.3,5.62,35.86
16:42:15.078,126.1,60.9,-35.88,49.21
16:42:15.078,171.1,74.2,-73.31,11.48
16:42:15.078,216.1,18.0,-14.54,-10.61
16:42:15.078,261.1,16.4,-2.54,-16.2
16:42:15.078,306.1,16.1,9.49,-13.01
16:42:15.078,351.1,44.4,43.87,-6.87
16:42:15.078,36.1,40.1,32.4,23.63
16:42:15.152,79.8,36.3,6.43,35.73
16:42:15.152,124.8,197.9,-112.94,162.51
16:42:15.152,169.8,74.2,-73.03,13.14
16:42:15.152,214.8,18.0,-14.78,-10.27
16:42:15.152,259.8,16.4,-2.9,-16.14
16:42:15.152,304.8,16.1,9.19,-13.22
16:42:15.152,349.8,44.8,44.09,-7.93
16:42:15.152,34.8,37.1,30.46,21.17
16:42:15.241,78.2,36.3,7.42,35.53
16:42:15.241,123.2,197.9,-108.36,165.6
16:42:15.241,168.2,74.1,-72.53,15.15
16:42:15.241,213.2,18.3,-15.31,-10.02
16:42:15.241,258.2,17.4,-3.56,-17.03
16:42:15.241,303.2,16.1,8.82,-13.47
16:42:15.241,348.2,45.6,44.64,-9.33
16:42:15.241,33.2,39.7,33.22,21.74
16:42:15.331,76.7,36.8,8.47,35.81
16:42:15.331,121.7,197.9,-103.99,168.38
16:42:15.331,166.7,74.1,-72.11,17.05
16:42:15.331,211.7,17.3,-14.72,-9.09
16:42:15.331,256.7,18.7,-4.3,-18.2
16:42:15.331,301.7,24.9,13.08,-21.19
16:42:15.331,346.7,46.4,45.16,-10.67
16:42:15.331,31.7,39.7,33.78,20.86
16:42:15.423,75.2,55.9,14.28,54.05
16:42:15.423,120.2,197.6,-99.4,170.78
16:42:15.423,165.2,73.6,-71.16,18.8
16:42:15.423,210.2,16.3,-14.09,-8.2
16:42:15.423,255.2,18.7,-4.78,-18.08
16:42:15.423,300.2,25.7,12.93,-22.21
16:42:15.423,345.2,48.4,46.79,-12.36
16:42:15.423,30.2,40.2,34.74,20.22
16:42:15.515,73.6,46.8,13.21,44.9
16:42:15.515,118.6,197.5,-94.54,173.4
16:42:15.515,163.6,73.5,-70.51,20.75
16:42:15.515,208.6,16.7,-14.66,-7.99
16:42:15.515,253.6,17.1,-4.83,-16.4
16:42:15.515,298.6,23.7,11.34,-20.81
16:42:15.515,343.6,21.5,20.63,-6.07
16:42:15.515,28.6,40.1,35.21,19.2
16:42:15.601,72.1,49.3,15.15,46.91
16:42:15.601,117.1,198.4,-90.38,176.62
16:42:15.601,162.1,73.5,-69.94,22.59
16:42:15.601,207.1,16.7,-14.87,-7.61
16:42:15.601,252.1,17.1,-5.26,-16.27
16:42:15.601,297.1,24.6,11.21,-21.9
16:42:15.601,342.1,22.7,21.6,-6.98
16:42:15.601,27.1,40.6,36.14,18.5
16:42:15.679,70.6,36.1,11.99,34.05
16:42:15.679,115.6,44.5,-19.23,40.13
16:42:15.679,160.6,56.5,-53.29,18.77
16:42:15.679,205.6,17.0,-15.33,-7.35
16:42:15.679,250.6,17.1,-5.68,-16.13
16:42:15.679,295.6,24.6,10.63,-22.19
16:42:15.679,340.6,21.8,20.56,-7.24
16:42:15.679,25.6,39.0,35.17,16.85
16:42:15.759,69.2,36.5,12.96,34.12
16:42:15.759,114.2,45.1,-18.49,41.14
16:42:15.759,159.2,73.2,-68.43,25.99
16:42:15.759,204.2,16.0,-14.59,-6.56
16:42:15.759,249.2,17.1,-6.07,-15.99
16:42:15.759,294.2,26.0,10.66,-23.72
16:42:15.759,339.2,22.1,20.66,-7.85
16:42:15.759,24.2,41.6,37.94,17.05
16:42:15.837,67.9,36.5,13.73,33.82
16:42:15.837,112.9,44.7,-17.39,41.18
16:42:15.837,157.9,72.7,-67.36,27.35
16:42:15.837,202.9,16.0,-14.74,-6.23
16:42:15.837,247.9,17.1,-6.43,-15.84
16:42:15.837,292.9,25.1,9.77,-23.12
16:42:15.837,337.9,20.8,19.27,-7.83
16:42:15.837,22.9,42.0,38.69,16.34
16:42:15.920,66.5,37.5,14.95,34.39
16:42:15.920,111.5,109.2,-40.02,101.6
16:42:15.920,156.5,73.5,-67.4,29.31
16:42:15.920,201.5,16.0,-14.89,-5.86
16:42:15.920,246.5,26.3,-10.49,-24.12
16:42:15.920,291.5,26.1,9.57,-24.28
16:42:15.920,336.5,21.1,19.35,-8.41
16:42:15.920,21.5,40.4,37.59,14.81
16:42:16.005,65.1,37.5,15.79,34.01
16:42:16.005,110.1,108.3,-37.22,101.7
16:42:16.005,155.1,74.9,-67.94,31.54
16:42:16.005,200.1,16.0,-15.03,-5.5
16:42:16.005,245.1,18.7,-7.87,-16.96
16:42:16.005,290.1,25.7,8.83,-24.13
16:42:16.005,335.1,19.9,18.05,-8.38
16:42:16.005,20.1,42.5,39.91,14.61
16:42:16.086,63.6,36.3,16.14,32.51
16:42:16.086,108.6,43.3,-13.81,41.04
16:42:16.086,153.6,73.1,-65.48,32.5
16:42:16.086,198.6,16.3,-15.45,-5.2
16:42:16.086,243.6,20.0,-8.89,-17.91
16:42:16.086,288.6,25.7,8.2,-24.36
16:42:16.086,333.6,19.8,17.74,-8.8
16:42:16.086,18.6,44.3,41.99,14.13
16:42:16.165,62.2,36.8,17.16,32.55
16:42:16.165,107.2,43.3,-12.8,41.36
16:42:16.165,152.2,74.5,-65.9,34.75
16:42:16.165,197.2,16.3,-15.57,-4.82
16:42:16.165,242.2,24.0,-11.19,-21.23
16:42:16.165,287.2,27.2,8.04,-25.98
16:42:16.165,332.2,21.1,18.66,-9.84
16:42:16.165,17.2,42.2,40.31,12.48
16:42:16.249,60.9,51.6,25.09,45.09
16:42:16.249,105.9,107.3,-29.4,103.19
16:42:16.249,150.9,73.2,-63.96,35.6
16:42:16.249,195.9,16.4,-15.77,-4.49
16:42:16.249,240.9,19.3,-9.39,-16.86
16:42:16.249,285.9,27.2,7.45,-26.16
16:42:16.249,330.9,21.1,18.44,-10.26
16:42:16.249,15.9,42.7,41.07,11.7
16:42:16.337,59.4,52.9,26.93,45.53
16:42:16.337,104.4,107.2,-26.66,103.83
16:42:16.337,149.4,75.1,-64.64,38.23
16:42:16.337,194.4,16.3,-15.79,-4.05
16:42:16.337,239.4,24.6,-12.52,-21.17
16:42:16.337,284.4,26.0,6.47,-25.18
16:42:16.337,329.4,19.9,17.13,-10.13
16:42:16.337,14.4,56.6,54.82,14.08
16:42:16.423,57.9,53.5,28.43,45.32
16:42:16.423,102.9,106.3,-23.73,103.62
16:42:16.423,147.9,75.2,-63.7,39.96
16:42:16.423,192.9,16.3,-15.89,-3.64
16:42:16.423,237.9,24.6,-13.07,-20.84
16:42:16.423,282.9,30.1,6.72,-29.34
16:42:16.423,327.9,19.8,16.77,-10.52
16:42:16.423,12.9,58.7,57.22,13.1
16:42:16.506,56.5,53.5,29.53,44.61
16:42:16.506,101.5,107.1,-21.35,104.95
16:42:16.506,146.5,29.1,-24.27,16.06
16:42:16.506,191.5,16.4,-16.07,-3.27
16:42:16.506,236.5,25.5,-14.07,-21.26
16:42:16.506,281.5,31.9,6.36,-31.26
16:42:16.506,326.5,19.9,16.59,-10.98
16:42:16.506,11.5,44.3,43.41,8.83
16:42:16.608,55.0,52.6,30.17,43.09
16:42:16.608,100.0,107.1,-18.6,105.47
16:42:16.608,145.0,26.5,-21.71,15.2
16:42:16.608,190.0,16.3,-16.05,-2.83
16:42:16.608,235.0,16.1,-9.23,-13.19
16:42:16.608,280.0,32.4,5.63,-31.91
16:42:16.608,325.0,21.1,17.28,-12.1
16:42:16.688,53.3,50.5,30.18,40.49
16:42:16.688,98.3,81.2,-11.72,80.35
16:42:16.688,143.3,29.9,-23.97,17.87
16:42:16.688,188.3,16.4,-16.23,-2.37
16:42:16.688,233.3,16.1,-9.62,-12.91
16:42:16.688,278.3,36.0,5.2,-35.62
16:42:16.688,323.3,20.8,16.68,-12.43
16:42:16.688,8.3,45.6,45.12,6.58
16:42:16.771,51.9,49.7,30.67,39.11
16:42:16.771,96.9,107.0,-12.85,106.23
16:42:16.771,141.9,28.6,-22.51,17.65
16:42:16.771,186.9,18.0,-17.87,-2.16
16:42:16.771,231.9,24.9,-15.36,-19.59
16:42:16.771,276.9,37.4,4.49,-37.13
16:42:16.771,321.9,20.8,16.37,-12.83
16:42:16.771,6.9,36.9,36.63,4.43
16:42:16.853,50.5,51.1,32.5,39.43
16:42:16.853,95.5,80.6,-7.73,80.23
16:42:16.853,140.5,29.4,-22.69,18.7
16:42:16.853,185.5,17.0,-16.92,-1.63
16:42:16.853,230.5,24.9,-15.84,-19.21
16:42:16.853,275.5,50.5,4.84,-50.27
16:42:16.853,320.5,23.0,17.75,-14.63
16:42:16.853,5.5,36.0,35.83,3.45
16:42:16.934,49.1,52.8,34.57,39.91
16:42:16.934,94.1,75.6,-5.41,75.41
16:42:16.934,139.1,27.1,-20.48,17.74
16:42:16.934,184.1,18.0,-17.95,-1.29
16:42:16.934,229.1,25.8,-16.89,-19.5
16:42:16.934,274.1,53.8,3.85,-53.66
16:42:16.934,319.1,40.9,30.91,-26.78
16:42:16.934,4.1,36.0,35.91,2.57
16:42:17.020,47.7,53.6,36.07,39.64
16:42:17.020,92.7,75.6,-3.56,75.52
16:42:17.020,137.7,29.7,-21.97,19.99
16:42:17.020,182.7,36.1,-36.06,-1.7
16:42:17.020,227.7,22.8,-15.34,-16.86
16:42:17.020,272.7,52.9,2.49,-52.84
16:42:17.020,317.7,40.0,29.59,-26.92
16:42:17.020,2.7,37.2,37.16,1.75
16:42:17.101,46.2,56.7,39.24,40.92
16:42:17.101,91.2,74.7,-1.56,74.68
16:42:17.101,136.2,19.6,-14.15,13.57
16:42:17.101,181.2,17.3,-17.3,-0.36
16:42:17.101,226.2,16.4,-11.35,-11.84
16:42:17.101,271.2,43.6,0.91,-43.59
16:42:17.101,316.2,22.4,16.17,-15.5
16:42:17.101,1.2,35.5,35.49,0.74
16:42:17.186,44.8,57.7,40.94,40.66
16:42:17.186,89.8,74.1,0.26,74.1
16:42:17.186,134.8,18.6,-13.11,13.2
16:42:17.186,179.8,17.3,-17.3,0.06
16:42:17.186,224.8,16.4,-11.64,-11.56
16:42:17.186,269.8,46.6,-0.16,-46.6
16:42:17.186,314.8,40.0,28.19,-28.38
16:42:17.186,359.8,35.5,35.5,-0.12
16:42:17.265,43.4,67.3,48.9,46.24
16:42:17.265,88.4,74.6,2.08,74.57
16:42:17.265,133.4,18.9,-12.99,13.73
16:42:17.265,178.4,17.3,-17.29,0.48
16:42:17.265,223.4,16.4,-11.92,-11.27
16:42:17.265,268.4,44.4,-1.24,-44.38
16:42:17.265,313.4,39.5,27.14,-28.7
16:42:17.265,358.4,36.7,36.69,-1.02
16:42:17.347,42.0,68.3,50.76,45.7
16:42:17.347,87.0,74.9,3.92,74.8
16:42:17.347,132.0,18.0,-12.04,13.38
16:42:17.347,177.0,18.3,-18.27,0.96
16:42:17.347,222.0,24.3,-18.06,-16.26
16:42:17.347,267.0,45.2,-2.37,-45.14
16:42:17.347,312.0,39.1,26.16,-29.06
16:42:17.347,357.0,37.2,37.15,-1.95
16:42:17.431,40.6,67.0,50.87,43.6
16:42:17.431,85.6,74.0,5.68,73.78
16:42:17.431,130.6,17.0,-11.06,12.91
16:42:17.431,175.6,19.6,-19.54,1.5
16:42:17.431,220.6,25.8,-19.59,-16.79
16:42:17.431,265.6,46.0,-3.53,-45.86
16:42:17.431,310.6,39.1,25.45,-29.69
16:42:17.431,355.6,43.1,42.97,-3.31
16:42:17.513,39.2,68.4,53.01,43.23
16:42:17.513,84.2,74.4,7.52,74.02
16:42:17.513,129.2,17.0,-10.74,13.17
16:42:17.513,174.2,19.2,-19.1,1.94
16:42:17.513,219.2,24.9,-19.3,-15.74
16:42:17.513,264.2,37.9,-3.83,-37.71
16:42:17.513,309.2,39.5,24.97,-30.61
16:42:17.513,354.2,46.6,46.36,-4.71
16:42:17.595,37.7,66.7,52.77,40.79
16:42:17.595,82.7,73.5,9.34,72.9
16:42:17.595,127.7,17.3,-10.58,13.69
16:42:17.595,172.7,18.0,-17.85,2.29
16:42:17.595,217.7,23.7,-18.75,-14.49
16:42:17.595,262.7,21.6,-2.74,-21.42
16:42:17.595,307.7,39.5,24.16,-31.25
16:42:17.595,352.7,36.0,35.71,-4.57
16:42:17.683,36.4,197.6,159.05,117.26
16:42:17.683,81.4,74.0,11.07,73.17
16:42:17.683,126.4,16.3,-9.67,13.12
16:42:17.683,171.4,16.7,-16.51,2.5
16:42:17.683,216.4,23.7,-19.08,-14.06
16:42:17.683,261.4,21.9,-3.27,-21.65
16:42:17.683,306.4,40.0,23.74,-32.2
16:42:17.683,351.4,36.5,36.09,-5.46
16:42:17.779,34.9,109.5,89.81,62.65
16:42:17.779,79.9,74.9,13.13,73.74
16:42:17.779,124.9,16.3,-9.33,13.37
16:42:17.779,169.9,16.7,-16.44,2.93
16:42:17.779,214.9,24.6,-20.18,-14.07
16:42:17.779,259.9,23.1,-4.05,-22.74
16:42:17.779,304.9,40.5,23.17,-33.22
16:42:17.779,349.9,36.4,35.84,-6.38
16:42:17.856,33.4,108.1,90.25,59.51
16:42:17.856,78.4,74.9,15.06,73.37
16:42:17.856,123.4,16.7,-9.19,13.94
16:42:17.856,168.4,16.7,-16.36,3.36
16:42:17.856,213.4,25.5,-21.29,-14.04
16:42:17.856,258.4,20.9,-4.2,-20.47
16:42:17.856,303.4,40.5,22.29,-33.81
16:42:17.856,348.4,37.4,36.64,-7.52
16:42:17.934,32.0,108.0,91.59,57.23
16:42:17.934,77.0,74.9,16.85,72.98
16:42:17.934,122.0,16.7,-8.85,14.16
16:42:17.934,167.0,16.7,-16.27,3.76
16:42:17.934,212.0,26.0,-22.05,-13.78
16:42:17.934,257.0,20.9,-4.7,-20.36
16:42:17.934,302.0,41.4,21.94,-35.11
16:42:17.934,347.0,36.2,35.27,-8.14
16:42:18.019,30.5,107.5,92.63,54.56
16:42:18.019,75.5,75.3,18.85,72.9
16:42:18.019,120.5,16.7,-8.48,14.39
16:42:18.019,165.5,27.1,-26.24,6.79
16:42:18.019,210.5,26.1,-22.49,-13.25
16:42:18.019,255.5,20.0,-5.01,-19.36
16:42:18.019,300.5,41.9,21.27,-36.1
16:42:18.019,345.5,36.7,35.53,-9.19
16:42:18.106,29.1,107.4,93.84,52.23
16:42:18.106,74.1,75.3,20.63,72.42
16:42:18.106,119.1,16.7,-8.12,14.59
16:42:18.106,164.1,25.3,-24.33,6.93
16:42:18.106,209.1,25.8,-22.54,-12.55
16:42:18.106,254.1,20.0,-5.48,-19.23
16:42:18.106,299.1,41.9,20.38,-36.61
16:42:18.106,344.1,50.1,48.18,-13.73
16:42:18.195,27.6,107.3,95.09,49.71
16:42:18.195,72.6,76.2,22.79,72.71
16:42:18.195,117.6,16.7,-7.74,14.8
16:42:18.195,162.6,25.6,-24.43,7.66
16:42:18.195,207.6,25.8,-22.86,-11.95
16:42:18.195,252.6,19.9,-5.95,-18.99
16:42:18.195,297.6,42.8,19.83,-37.93
16:42:18.195,342.6,49.8,47.52,-14.89
16:42:18.275,26.2,106.8,95.83,47.15
16:42:18.275,71.2,76.3,24.59,72.23
16:42:18.275,116.2,17.0,-7.51,15.25
16:42:18.275,161.2,18.9,-17.89,6.09
16:42:18.275,206.2,26.3,-23.6,-11.61
16:42:18.275,251.2,21.3,-6.86,-20.16
16:42:18.275,296.2,56.4,24.9,-50.61
16:42:18.275,341.2,52.8,49.98,-17.02
16:42:18.360,24.7,107.3,97.48,44.84
16:42:18.360,69.7,76.3,26.47,71.56
16:42:18.360,114.7,17.0,-7.1,15.44
16:42:18.360,159.7,17.6,-16.51,6.11
16:42:18.360,204.7,26.3,-23.89,-10.99
16:42:18.360,249.7,19.9,-6.9,-18.66
16:42:18.360,294.7,43.0,17.97,-39.07
16:42:18.360,339.7,53.4,50.08,-18.53
16:42:18.444,23.2,106.8,98.16,42.07
16:42:18.444,68.2,76.4,28.37,70.94
16:42:18.444,113.2,17.0,-6.7,15.63
16:42:18.444,158.2,24.2,-22.47,8.99
16:42:18.444,203.2,25.2,-23.16,-9.93
16:42:18.444,248.2,19.9,-7.39,-18.48
16:42:18.444,293.2,43.0,16.94,-39.52
16:42:18.444,338.2,52.1,48.37,-19.35
16:42:18.549,21.8,81.1,75.3,30.12
16:42:18.549,66.8,76.5,30.14,70.31
16:42:18.549,111.8,17.0,-6.31,15.78
16:42:18.549,156.8,25.9,-23.81,10.2
16:42:18.549,201.8,30.0,-27.85,-11.14
16:42:18.549,246.8,19.9,-7.84,-18.29
16:42:18.549,336.8,50.5,46.42,-19.89
16:42:18.632,20.0,79.6,74.8,27.22
16:42:18.632,65.0,77.4,32.71,70.15
16:42:18.632,110.0,17.0,-5.81,15.97
16:42:18.632,155.0,17.0,-15.41,7.18
16:42:18.632,200.0,33.2,-31.2,-11.36
16:42:18.632,245.0,20.0,-8.45,-18.13
16:42:18.632,290.0,43.8,14.98,-41.16
16:42:18.632,335.0,50.4,45.68,-21.3
16:42:18.717,18.6,77.7,73.64,24.78
16:42:18.717,63.6,26.8,11.92,24.01
16:42:18.717,108.6,17.0,-5.42,16.11
16:42:18.717,153.6,17.0,-15.23,7.56
16:42:18.717,198.6,45.4,-43.03,-14.48
16:42:18.717,243.6,20.9,-9.29,-18.72
16:42:18.717,288.6,39.5,12.6,-37.44
16:42:18.717,333.6,50.1,44.88,-22.28
16:42:18.793,17.2,75.0,71.65,22.18
16:42:18.793,62.2,26.8,12.5,23.71
16:42:18.793,107.2,18.3,-5.41,17.48
16:42:18.793,152.2,24.5,-21.67,11.43
16:42:18.793,197.2,33.4,-31.91,-9.88
16:42:18.793,242.2,20.9,-9.75,-18.49
16:42:18.793,287.2,43.4,12.83,-41.46
16:42:18.793,332.2,51.0,45.11,-23.79
16:42:18.871,15.9,75.4,72.52,20.66
16:42:18.871,60.9,30.2,14.69,26.39
16:42:18.871,105.9,18.6,-5.1,17.89
16:42:18.871,150.9,25.3,-22.11,12.3
16:42:18.871,195.9,34.0,-32.7,-9.31
16:42:18.871,240.9,20.9,-10.16,-18.26
16:42:18.871,285.9,47.6,13.04,-45.78
16:42:18.871,330.9,50.1,43.78,-24.37
16:42:18.957,14.5,74.4,72.03,18.63
16:42:18.957,59.5,79.4,40.3,68.41
16:42:18.957,104.5,17.6,-4.41,17.04
16:42:18.957,149.5,25.6,-22.06,12.99
16:42:18.957,194.5,37.5,-36.31,-9.39
16:42:18.957,239.5,42.3,-21.47,-36.45
16:42:18.957,284.5,43.8,10.97,-42.4
16:42:18.957,329.5,53.7,46.27,-27.25
16:42:19.041,13.0,74.8,72.88,16.83
16:42:19.041,58.0,23.0,12.19,19.51
16:42:19.041,103.0,25.9,-5.83,25.24
16:42:19.041,148.0,25.3,-21.46,13.41
16:42:19.041,193.0,49.9,-48.62,-11.23
16:42:19.041,238.0,41.4,-21.94,-35.11
16:42:19.041,283.0,36.5,8.21,-35.56
16:42:19.041,328.0,56.7,48.08,-30.05
16:42:19.123,11.6,74.3,72.78,14.94
16:42:19.123,56.6,20.9,11.51,17.45
16:42:19.123,101.6,17.0,-3.42,16.65
16:42:19.123,146.6,24.5,-20.45,13.49
16:42:19.123,191.6,50.4,-49.37,-10.13
16:42:19.123,236.6,21.6,-11.89,-18.03
16:42:19.123,281.6,38.2,7.68,-37.42
16:42:19.123,326.6,66.2,55.27,-36.44
16:42:19.206,10.2,73.8,72.63,13.07
16:42:19.206,55.2,18.6,10.62,15.27
16:42:19.206,100.2,16.7,-2.96,16.44
16:42:19.206,145.2,24.5,-20.12,13.98
16:42:19.206,190.2,44.0,-43.3,-7.79
16:42:19.206,235.2,40.0,-22.83,-32.85
16:42:19.206,280.2,37.2,6.59,-36.61
16:42:19.206,325.2,56.9,46.72,-32.47
16:42:19.295,8.8,73.7,72.83,11.28
16:42:19.295,53.8,18.9,11.16,15.25
16:42:19.295,98.8,16.7,-2.55,16.5
16:42:19.295,143.8,24.5,-19.77,14.47
16:42:19.295,188.8,37.2,-36.76,-5.69
16:42:19.295,233.8,40.0,-23.62,-32.28
16:42:19.295,278.8,36.8,5.63,-36.37
16:42:19.295,323.8,197.4,159.29,-116.59
16:42:19.385,7.2,73.2,72.62,9.17
16:42:19.385,52.2,18.0,11.03,14.22
16:42:19.385,97.2,16.7,-2.09,16.57
16:42:19.385,142.2,23.9,-18.88,14.65
16:42:19.385,187.2,45.3,-44.94,-5.68
16:42:19.385,232.2,40.0,-24.52,-31.61
16:42:19.385,277.2,36.8,4.61,-36.51
16:42:19.385,322.2,197.6,156.13,-121.11
16:42:19.468,5.7,73.2,72.84,7.27
16:42:19.468,50.7,17.0,10.77,13.16
16:42:19.468,95.7,18.9,-1.88,18.81
16:42:19.468,140.7,24.8,-19.19,15.71
16:42:19.468,185.7,40.9,-40.7,-4.06
16:42:19.468,230.7,40.0,-25.34,-30.95
16:42:19.468,275.7,36.8,3.65,-36.62
16:42:19.468,320.7,67.9,52.54,-43.01
16:42:19.558,4.3,72.3,72.1,5.42
16:42:19.558,49.3,17.3,11.28,13.12
16:42:19.558,94.3,18.9,-1.42,18.85
16:42:19.558,139.3,25.3,-19.18,16.5
16:42:19.558,184.3,36.1,-36.0,-2.71
16:42:19.558,229.3,40.0,-26.08,-30.33
16:42:19.558,274.3,36.8,2.76,-36.7
16:42:19.558,319.3,197.2,149.5,-128.59
16:42:19.651,2.7,73.1,73.02,3.44
16:42:19.651,47.7,17.3,11.64,12.8
16:42:19.651,92.7,18.9,-0.89,18.88
16:42:19.651,137.7,23.3,-17.23,15.68
16:42:19.651,182.7,46.3,-46.25,-2.18
16:42:19.651,227.7,40.0,-26.92,-29.59
16:42:19.651,272.7,36.8,1.73,-36.76
16:42:19.651,317.7,197.6,146.15,-132.99
16:42:19.734,1.1,73.1,73.09,1.4
16:42:19.734,46.1,16.4,11.37,11.82
16:42:19.734,91.1,17.6,-0.34,17.6
16:42:19.734,136.1,23.3,-16.79,16.16
16:42:19.734,181.1,23.1,-23.1,-0.44
16:42:19.734,226.1,40.0,-27.74,-28.82
16:42:19.734,271.1,35.6,0.68,-35.59
16:42:19.734,316.1,109.1,78.61,-75.65
16:42:19.818,0.0,72.2,72.2,0.0
16:42:19.818,45.0,16.7,11.81,11.81
16:42:19.818,90.0,17.3,0.0,17.3
16:42:19.818,135.0,24.2,-17.11,17.11
16:42:19.818,180.0,24.3,-24.3,0.0
16:42:19.818,225.0,40.9,-28.92,-28.92
16:42:19.818,270.0,35.6,-0.0,-35.6
16:42:19.818,315.0,108.5,76.72,-76.72
16:42:19.900,0.0,72.7,72.7,0.0
16:42:19.900,45.0,16.7,11.81,11.81
16:42:19.900,90.0,16.0,0.0,16.0
16:42:19.900,135.0,25.1,-17.75,17.75
16:42:19.900,180.0,22.6,-22.6,0.0
16:42:19.900,225.0,41.4,-29.27,-29.27
16:42:19.900,270.0,36.1,-0.0,-36.1
16:42:19.900,315.0,108.5,76.72,-76.72
16:42:19.983,0.0,73.1,73.1,0.0
16:42:19.983,45.0,16.7,11.81,11.81
16:42:19.983,90.0,16.0,0.0,16.0
16:42:19.983,135.0,25.1,-17.75,17.75
16:42:19.983,180.0,22.6,-22.6,0.0
16:42:19.983,225.0,41.4,-29.27,-29.27
16:42:19.983,270.0,36.1,-0.0,-36.1
16:42:19.983,315.0,108.5,76.72,-76.72
16:42:20.068,0.0,72.7,72.7,0.0
16:42:20.068,45.0,16.7,11.81,11.81
16:42:20.068,90.0,16.0,0.0,16.0
16:42:20.068,135.0,25.1,-17.75,17.75
16:42:20.068,180.0,22.6,-22.6,0.0
16:42:20.068,225.0,41.4,-29.27,-29.27
16:42:20.068,270.0,36.1,-0.0,-36.1
16:42:20.068,315.0,108.5,76.72,-76.72
16:42:20.154,0.0,73.6,73.6,0.0
16:42:20.154,45.0,16.7,11.81,11.81
16:42:20.154,90.0,16.0,0.0,16.0
16:42:20.154,135.0,25.1,-17.75,17.75
16:42:20.154,180.0,22.5,-22.5,0.0
16:42:20.154,225.0,41.4,-29.27,-29.27
16:42:20.154,270.0,36.8,-0.0,-36.8
16:42:20.154,315.0,108.9,77.0,-77.0
16:42:20.235,0.0,73.1,73.1,0.0
16:42:20.235,45.0,16.7,11.81,11.81
16:42:20.235,90.0,16.0,0.0,16.0
16:42:20.235,135.0,25.0,-17.68,17.68
16:42:20.235,180.0,22.6,-22.6,0.0
16:42:20.235,225.0,41.4,-29.27,-29.27
16:42:20.235,270.0,36.3,-0.0,-36.3
16:42:20.235,315.0,108.5,76.72,-76.72
16:42:20.318,0.0,73.1,73.1,0.0
16:42:20.318,45.0,16.7,11.81,11.81
16:42:20.318,90.0,16.0,0.0,16.0
16:42:20.318,135.0,25.1,-17.75,17.75
16:42:20.318,180.0,22.5,-22.5,0.0
16:42:20.318,225.0,41.4,-29.27,-29.27
16:42:20.318,270.0,36.3,-0.0,-36.3
16:42:20.318,315.0,108.5,76.72,-76.72
16:42:20.401,0.0,73.1,73.1,0.0
16:42:20.401,45.0,16.7,11.81,11.81
16:42:20.401,90.0,16.0,0.0,16.0
16:42:20.401,135.0,25.0,-17.68,17.68
16:42:20.401,180.0,22.5,-22.5,0.0
16:42:20.401,225.0,41.4,-29.27,-29.27
16:42:20.401,270.0,36.3,-0.0,-36.3
16:42:20.401,315.0,108.9,77.0,-77.0
16:42:20.487,0.0,73.6,73.6,0.0
16:42:20.487,45.0,16.7,11.81,11.81
16:42:20.487,90.0,16.0,0.0,16.0
16:42:20.487,135.0,25.1,-17.75,17.75
16:42:20.487,180.0,22.5,-22.5,0.0
16:42:20.487,225.0,41.4,-29.27,-29.27
16:42:20.487,270.0,35.9,-0.0,-35.9
16:42:20.487,315.0,108.5,76.72,-76.72
16:42:20.571,0.0,73.6,73.6,0.0
16:42:20.571,45.0,16.7,11.81,11.81
16:42:20.571,90.0,16.0,0.0,16.0
16:42:20.571,135.0,25.1,-17.75,17.75
16:42:20.571,180.0,22.5,-22.5,0.0
16:42:20.571,225.0,41.4,-29.27,-29.27
16:42:20.571,270.0,36.3,-0.0,-36.3
16:42:20.571,315.0,108.5,76.72,-76.72
16:42:20.653,0.0,72.7,72.7,0.0
16:42:20.653,45.0,16.7,11.81,11.81
16:42:20.653,90.0,16.0,0.0,16.0
16:42:20.653,135.0,25.1,-17.75,17.75
16:42:20.653,180.0,22.6,-22.6,0.0
16:42:20.653,225.0,41.4,-29.27,-29.27
16:42:20.653,270.0,36.3,-0.0,-36.3
16:42:20.653,315.0,108.5,76.72,-76.72
16:42:20.737,0.0,72.7,72.7,0.0
16:42:20.737,45.0,16.7,11.81,11.81
16:42:20.737,90.0,16.0,0.0,16.0
16:42:20.737,135.0,25.1,-17.75,17.75
16:42:20.737,180.0,22.6,-22.6,0.0
16:42:20.737,225.0,41.4,-29.27,-29.27
16:42:20.737,270.0,36.3,-0.0,-36.3
16:42:20.737,315.0,108.5,76.72,-76.72
16:42:20.819,0.0,73.1,73.1,0.0
16:42:20.819,45.0,16.7,11.81,11.81
16:42:20.819,90.0,16.0,0.0,16.0
16:42:20.819,135.0,25.1,-17.75,17.75
16:42:20.819,180.0,22.5,-22.5,0.0
16:42:20.819,225.0,41.4,-29.27,-29.27
16:42:20.819,270.0,37.2,-0.0,-37.2
16:42:20.819,315.0,109.3,77.29,-77.29
16:42:20.903,1.5,73.2,73.17,1.92
16:42:20.903,46.5,16.7,11.5,12.11
16:42:20.903,91.5,16.0,-0.42,15.99
16:42:20.903,136.5,25.1,-18.21,17.28
16:42:20.903,181.5,22.5,-22.49,-0.59
16:42:20.903,226.5,41.4,-28.5,-30.03
16:42:20.903,271.5,37.2,0.97,-37.19
16:42:20.903,316.5,108.9,78.99,-74.96
16:42:20.986,3.0,72.7,72.6,3.8
16:42:20.986,48.0,16.7,11.17,12.41
16:42:20.986,93.0,16.0,-0.84,15.98
16:42:20.986,138.0,25.1,-18.65,16.8
16:42:20.986,183.0,22.5,-22.47,-1.18
16:42:20.986,228.0,40.9,-27.37,-30.39
16:42:20.986,273.0,36.1,1.89,-36.05
16:42:20.986,318.0,109.0,81.0,-72.94
16:42:21.069,4.5,72.7,72.48,5.7
16:42:21.069,49.5,16.7,10.85,12.7
16:42:21.069,94.5,16.0,-1.26,15.95
16:42:21.069,139.5,24.2,-18.4,15.72
16:42:21.069,184.5,23.4,-23.33,-1.84
16:42:21.069,229.5,40.9,-26.56,-31.1
16:42:21.069,274.5,36.8,2.89,-36.69
16:42:21.069,319.5,109.0,82.88,-70.79
16:42:21.157,6.0,73.1,72.7,7.64
16:42:21.157,51.0,16.7,10.51,12.98
16:42:21.157,96.0,17.3,-1.81,17.21
16:42:21.157,141.0,24.2,-18.81,15.23
16:42:21.157,186.0,22.2,-22.08,-2.32
16:42:21.157,231.0,40.5,-25.49,-31.47
16:42:21.157,276.0,36.3,3.79,-36.1
16:42:21.157,321.0,198.1,153.95,-124.67
16:42:21.246,7.6,72.7,72.06,9.62
16:42:21.246,52.6,16.4,9.96,13.03
16:42:21.246,97.6,17.6,-2.33,17.45
16:42:21.246,142.6,23.3,-18.51,14.15
16:42:21.246,187.6,23.1,-22.9,-3.06
16:42:21.246,232.6,40.0,-24.3,-31.78
16:42:21.246,277.6,36.3,4.8,-35.98
16:42:21.246,322.6,197.2,156.66,-119.77
16:42:21.336,9.2,73.1,72.16,11.69
16:42:21.336,54.2,17.3,10.12,14.03
16:42:21.336,99.2,18.9,-3.02,18.66
16:42:21.336,144.2,25.3,-20.52,14.8
16:42:21.336,189.2,36.5,-36.03,-5.84
16:42:21.336,234.2,40.0,-23.4,-32.44
16:42:21.336,279.2,36.3,5.8,-35.83
16:42:21.336,324.2,197.6,160.27,-115.59
16:42:21.428,10.8,73.1,71.81,13.7
16:42:21.428,55.8,17.3,9.72,14.31
16:42:21.428,100.8,18.9,-3.54,18.57
16:42:21.428,145.8,25.3,-20.93,14.22
16:42:21.428,190.8,36.5,-35.85,-6.84
16:42:21.428,235.8,40.0,-22.48,-33.08
16:42:21.428,280.8,35.9,6.73,-35.26
16:42:21.428,325.8,197.6,163.43,-111.07
16:42:21.518,12.4,73.2,71.49,15.72
16:42:21.518,57.4,17.0,9.16,14.32
16:42:21.518,102.4,18.0,-3.87,17.58
16:42:21.518,147.4,24.8,-20.89,13.36
16:42:21.518,192.4,45.7,-44.63,-9.81
16:42:21.518,237.4,40.0,-21.55,-33.7
16:42:21.518,282.4,36.3,7.79,-35.45
16:42:21.518,327.4,197.6,166.47,-106.46
16:42:21.608,14.1,73.2,70.99,17.83
16:42:21.608,59.1,18.0,9.24,15.45
16:42:21.608,104.1,16.7,-4.07,16.2
16:42:21.608,149.1,23.9,-20.51,12.27
16:42:21.608,194.1,37.2,-36.08,-9.06
16:42:21.608,239.1,40.0,-20.54,-34.32
16:42:21.608,284.1,36.3,8.84,-35.21
16:42:21.608,329.1,197.5,169.47,-101.42
16:42:21.691,15.7,73.3,70.57,19.84
16:42:21.691,60.7,18.6,9.1,16.22
16:42:21.691,105.7,16.7,-4.52,16.08
16:42:21.691,150.7,24.8,-21.63,12.14
16:42:21.691,195.7,44.0,-42.36,-11.91
16:42:21.691,240.7,40.4,-19.77,-35.23
16:42:21.691,285.7,36.3,9.82,-34.95
16:42:21.691,330.7,65.3,56.95,-31.96
16:42:21.773,17.2,74.2,70.88,21.94
16:42:21.773,62.2,19.9,9.28,17.6
16:42:21.773,107.2,17.0,-5.03,16.24
16:42:21.773,152.2,24.5,-21.67,11.43
16:42:21.773,197.2,52.4,-50.06,-15.5
16:42:21.773,242.2,21.6,-10.07,-19.11
16:42:21.773,287.2,36.8,10.88,-35.15
16:42:21.773,332.2,56.7,50.16,-26.44
16:42:21.855,18.7,73.8,69.9,23.66
16:42:21.855,63.7,22.2,9.84,19.9
16:42:21.855,108.7,18.3,-5.87,17.33
16:42:21.855,153.7,25.3,-22.68,11.21
16:42:21.855,198.7,51.2,-48.5,-16.42
16:42:21.855,243.7,41.8,-18.52,-37.47
16:42:21.855,288.7,36.8,11.8,-34.86
16:42:21.855,333.7,51.5,46.17,-22.82
16:42:21.940,20.1,74.4,69.87,25.57
16:42:21.940,65.1,79.4,33.43,72.02
16:42:21.940,110.1,18.6,-6.39,17.47
16:42:21.940,155.1,25.6,-23.22,10.78
16:42:21.940,200.1,37.0,-34.75,-12.72
16:42:21.940,245.1,20.9,-8.8,-18.96
16:42:21.940,290.1,37.2,12.78,-34.93
16:42:21.940,335.1,51.0,46.26,-21.47
16:42:22.024,21.7,74.9,69.59,27.69
16:42:22.024,66.7,78.1,30.89,71.73
16:42:22.024,111.7,18.6,-6.88,17.28
16:42:22.024,156.7,24.5,-22.5,9.69
16:42:22.024,201.7,34.0,-31.59,-12.57
16:42:22.024,246.7,20.9,-8.27,-19.2
16:42:22.024,291.7,36.1,13.35,-33.54
16:42:22.024,336.7,51.0,46.84,-20.17
16:42:22.105,23.2,75.0,68.94,29.55
16:42:22.105,68.2,29.4,10.92,27.3
16:42:22.105,113.2,18.3,-7.21,16.82
16:42:22.105,158.2,17.0,-15.78,6.31
16:42:22.105,203.2,45.9,-42.19,-18.08
16:42:22.105,248.2,20.9,-7.76,-19.41
16:42:22.105,293.2,37.0,14.58,-34.01
16:42:22.105,338.2,50.1,46.52,-18.61
16:42:22.184,24.6,76.4,69.47,31.8
16:42:22.184,69.6,26.8,9.34,25.12
16:42:22.184,114.6,17.0,-7.08,15.46
16:42:22.184,159.6,17.0,-15.93,5.93
16:42:22.184,204.6,32.4,-29.46,-13.49
16:42:22.184,249.6,20.0,-6.97,-18.75
16:42:22.184,294.6,42.8,17.82,-38.92
16:42:22.184,339.6,50.4,47.24,-17.57
16:42:22.289,26.1,80.0,71.84,35.2
16:42:22.289,71.1,76.9,24.91,72.75
16:42:22.289,116.1,17.0,-7.48,15.27
16:42:22.289,161.1,26.2,-24.79,8.49
16:42:22.289,206.1,31.9,-28.65,-14.03
16:42:22.289,251.1,20.0,-6.48,-18.92
16:42:22.289,341.1,53.0,50.14,-17.17
16:42:22.372,27.9,79.7,70.44,37.29
16:42:22.372,72.9,76.5,22.49,73.12
16:42:22.372,117.9,17.0,-7.95,15.02
16:42:22.372,162.9,25.1,-23.99,7.38
16:42:22.372,207.9,26.1,-23.07,-12.21
16:42:22.372,252.9,20.0,-5.88,-19.12
16:42:22.372,297.9,42.5,19.89,-37.56
16:42:22.372,342.9,53.4,51.04,-15.7
16:42:22.462,29.4,106.7,92.96,52.38
16:42:22.462,74.4,76.4,20.55,73.59
16:42:22.462,119.4,17.0,-8.35,14.81
16:42:22.462,164.4,17.6,-16.95,4.73
16:42:22.462,209.4,26.3,-22.91,-12.91
16:42:22.462,254.4,21.2,-5.7,-20.42
16:42:22.462,299.4,154.2,75.7,-134.34
16:42:22.462,344.4,45.3,43.63,-12.18
16:42:22.546,31.0,106.8,91.55,55.01
16:42:22.546,76.0,75.8,18.34,73.55
16:42:22.546,121.0,17.0,-8.76,14.57
16:42:22.546,166.0,25.6,-24.84,6.19
16:42:22.546,211.0,25.8,-22.11,-13.29
16:42:22.546,256.0,21.2,-5.13,-20.57
16:42:22.546,301.0,42.8,22.04,-36.69
16:42:22.546,346.0,49.8,48.32,-12.05
16:42:22.631,32.6,107.3,90.4,57.81
16:42:22.631,77.6,75.8,16.28,74.03
16:42:22.631,122.6,15.7,-8.46,13.23
16:42:22.631,167.6,25.3,-24.71,5.43
16:42:22.631,212.6,25.8,-21.74,-13.9
16:42:22.631,257.6,20.0,-4.29,-19.53
16:42:22.631,302.6,42.3,22.79,-35.64
16:42:22.631,347.6,37.2,36.33,-7.99
16:42:22.717,34.1,106.9,88.52,59.93
16:42:22.717,79.1,75.7,14.31,74.33
16:42:22.717,124.1,16.7,-9.36,13.83
16:42:22.717,169.1,26.2,-25.73,4.95
16:42:22.717,214.1,26.1,-21.61,-14.63
16:42:22.717,259.1,19.9,-3.76,-19.54
16:42:22.717,304.1,44.0,24.67,-36.43
16:42:22.717,349.1,52.8,51.85,-9.98
16:42:22.803,35.7,107.9,87.62,62.96
16:42:22.803,80.7,74.8,12.09,73.82
16:42:22.803,125.7,16.7,-9.75,13.56
16:42:22.803,170.7,27.7,-27.34,4.48
16:42:22.803,215.7,26.1,-21.2,-15.23
16:42:22.803,260.7,20.0,-3.23,-19.74
16:42:22.803,305.7,40.9,23.87,-33.21
16:42:22.803,350.7,52.5,51.81,-8.48
16:42:22.888,37.2,108.0,86.03,65.3
16:42:22.888,82.2,74.9,10.17,74.21
16:42:22.888,127.2,16.7,-10.1,13.3
16:42:22.888,172.2,16.7,-16.55,2.27
16:42:22.888,217.2,24.6,-19.59,-14.87
16:42:22.888,262.2,22.2,-3.01,-21.99
16:42:22.888,307.2,40.5,24.49,-32.26
16:42:22.888,352.2,49.2,48.74,-6.68
16:42:22.973,38.7,108.6,84.75,67.9
16:42:22.973,83.7,74.9,8.22,74.45
16:42:22.973,128.7,16.3,-10.19,12.72
16:42:22.973,173.7,16.7,-16.6,1.83
16:42:22.973,218.7,23.7,-18.5,-14.82
16:42:22.973,263.7,21.9,-2.4,-21.77
16:42:22.973,308.7,40.0,25.01,-31.22
16:42:22.973,353.7,47.0,46.72,-5.16
16:42:23.053,40.2,108.6,82.95,70.1
16:42:23.053,85.2,74.9,6.27,74.64
16:42:23.053,130.2,16.4,-10.59,12.53
16:42:23.053,175.2,16.7,-16.64,1.4
16:42:23.053,220.2,23.7,-18.1,-15.3
16:42:23.053,265.2,22.8,-1.91,-22.72
16:42:23.053,310.2,39.5,25.5,-30.17
16:42:23.053,355.2,46.6,46.44,-3.9
16:42:23.144,41.7,197.1,147.16,131.12
16:42:23.144,86.7,74.4,4.28,74.28
16:42:23.144,131.7,17.3,-11.51,12.92
16:42:23.144,176.7,18.0,-17.97,1.04
16:42:23.144,221.7,23.7,-17.7,-15.77
16:42:23.144,266.7,37.9,-2.18,-37.84
16:42:23.144,311.7,39.5,26.28,-29.49
16:42:23.144,356.7,56.6,56.51,-3.26
16:42:23.234,43.3,197.6,143.81,135.52
16:42:23.234,88.3,74.5,2.21,74.47
16:42:23.234,133.3,17.0,-11.66,12.37
16:42:23.234,178.3,19.6,-19.59,0.58
16:42:23.234,223.3,16.1,-11.72,-11.04
16:42:23.234,268.3,45.6,-1.35,-45.58
16:42:23.234,313.3,39.1,26.82,-28.46
16:42:23.234,358.3,49.6,49.58,-1.47
16:42:23.323,45.0,197.6,139.72,139.72
16:42:23.323,90.0,74.9,0.0,74.9
16:42:23.323,135.0,16.7,-11.81,11.81
16:42:23.323,180.0,18.3,-18.3,0.0
16:42:23.323,225.0,16.4,-11.6,-11.6
16:42:23.323,270.0,44.4,-0.0,-44.4
16:42:23.323,315.0,39.5,27.93,-27.93
16:42:23.323,0.0,36.0,36.0,0.0
16:42:23.413,46.6,197.5,135.7,143.5
16:42:23.413,91.6,74.9,-2.09,74.87
16:42:23.413,136.6,18.9,-13.73,12.99
16:42:23.413,181.6,17.3,-17.29,-0.48
16:42:23.413,226.6,16.4,-11.27,-11.92
16:42:23.413,271.6,44.0,1.23,-43.98
16:42:23.413,316.6,40.0,29.06,-27.48
16:42:23.413,1.6,35.5,35.49,0.99
16:42:23.494,48.2,63.2,42.12,47.11
16:42:23.494,93.2,75.0,-4.19,74.88
16:42:23.494,138.2,18.6,-13.87,12.4
16:42:23.494,183.2,17.3,-17.27,-0.97
16:42:23.494,228.2,16.4,-10.93,-12.23
16:42:23.494,273.2,45.8,2.56,-45.73
16:42:23.494,318.2,22.4,16.7,-14.93
16:42:23.494,3.2,36.0,35.94,2.01
16:42:23.577,49.6,56.7,36.75,43.18
16:42:23.577,94.6,74.7,-5.99,74.46
16:42:23.577,139.6,20.9,-15.92,13.55
16:42:23.577,184.6,19.9,-19.84,-1.6
16:42:23.577,229.6,22.8,-14.78,-17.36
16:42:23.577,274.6,51.2,4.11,-51.04
16:42:23.577,319.6,40.5,30.84,-26.25
16:42:23.577,4.6,36.0,35.88,2.89
16:42:23.662,51.1,51.9,32.59,40.39
16:42:23.662,96.1,76.5,-8.13,76.07
16:42:23.662,141.1,28.0,-21.79,17.58
16:42:23.662,186.1,18.0,-17.9,-1.91
16:42:23.662,231.1,25.7,-16.14,-20.0
16:42:23.662,276.1,50.9,5.41,-50.61
16:42:23.662,321.1,41.4,32.22,-26.0
16:42:23.662,6.1,36.0,35.8,3.83
16:42:23.740,52.6,51.4,31.22,40.83
16:42:23.740,97.6,75.7,-10.01,75.04
16:42:23.740,142.6,30.2,-23.99,18.34
16:42:23.740,187.6,17.0,-16.85,-2.25
16:42:23.740,232.6,24.9,-15.12,-19.78
16:42:23.740,277.6,38.3,5.07,-37.96
16:42:23.740,322.6,20.8,16.52,-12.63
16:42:23.740,7.6,36.0,35.68,4.76
16:42:23.819,54.1,50.5,29.61,40.91
16:42:23.819,99.1,80.7,-12.76,79.68
16:42:23.819,144.1,28.5,-23.09,16.71
16:42:23.819,189.1,17.6,-17.38,-2.78
16:42:23.819,234.1,24.9,-14.6,-20.17
16:42:23.819,279.1,34.0,5.38,-33.57
16:42:23.819,324.1,20.8,16.85,-12.2
16:42:23.819,9.1,36.9,36.44,5.84
16:42:23.902,55.5,50.5,28.6,41.62
16:42:23.902,100.5,107.1,-19.52,105.31
16:42:23.902,145.5,29.9,-24.64,16.94
16:42:23.902,190.5,16.4,-16.13,-2.99
16:42:23.902,235.5,16.1,-9.12,-13.27
16:42:23.902,280.5,44.2,8.05,-43.46
16:42:23.902,325.5,21.1,17.39,-11.95
16:42:23.902,10.5,43.5,42.77,7.93
16:42:23.984,57.0,50.5,27.5,42.35
16:42:23.984,102.0,107.1,-22.27,104.76
16:42:23.984,147.0,25.6,-21.47,13.94
16:42:23.984,192.0,16.3,-15.94,-3.39
16:42:23.984,237.0,25.5,-13.89,-21.39
16:42:23.984,282.0,31.1,6.47,-30.42
16:42:23.984,327.0,19.8,16.61,-10.78
16:42:23.984,12.0,43.9,42.94,9.13
16:42:24.090,58.4,52.6,27.56,44.8
16:42:24.090,103.4,107.6,-24.94,104.67
16:42:24.090,148.4,75.6,-64.39,39.61
16:42:24.090,193.4,16.3,-15.86,-3.78
16:42:24.090,238.4,25.5,-13.36,-21.72
16:42:24.090,283.4,27.5,6.37,-26.75
16:42:24.090,328.4,19.9,16.95,-10.43
16:42:24.174,60.4,52.9,26.13,46.0
16:42:24.174,105.4,107.7,-28.6,103.83
16:42:24.174,150.4,75.5,-65.65,37.29
16:42:24.174,195.4,16.4,-15.81,-4.36
16:42:24.174,240.4,25.5,-12.6,-22.17
16:42:24.174,285.4,26.0,6.9,-25.07
16:42:24.174,330.4,21.1,18.35,-10.42
16:42:24.174,15.4,42.7,41.17,11.34
16:42:24.260,61.9,52.4,24.68,46.22
16:42:24.260,106.9,107.7,-31.31,103.05
16:42:24.260,151.9,74.2,-65.45,34.95
16:42:24.260,196.9,16.4,-15.69,-4.77
16:42:24.260,241.9,25.2,-11.87,-22.23
16:42:24.260,286.9,27.2,7.91,-26.03
16:42:24.260,331.9,21.1,18.61,-9.94
16:42:24.260,16.9,43.1,41.24,12.53
16:42:24.340,63.4,36.5,16.34,32.64
16:42:24.340,108.4,43.5,-13.73,41.28
16:42:24.340,153.4,74.1,-66.26,33.18
16:42:24.340,198.4,16.3,-15.47,-5.15
16:42:24.340,243.4,24.0,-10.75,-21.46
16:42:24.340,288.4,25.7,8.11,-24.39
16:42:24.340,333.4,19.9,17.79,-8.91
16:42:24.340,18.4,42.9,40.71,13.54
16:42:24.424,64.9,37.2,15.78,33.69
16:42:24.424,109.9,107.4,-36.56,100.99
16:42:24.424,154.9,73.6,-66.65,31.22
16:42:24.424,199.9,16.3,-15.33,-5.55
16:42:24.424,244.9,18.7,-7.93,-16.93
16:42:24.424,289.9,25.7,8.75,-24.17
16:42:24.424,334.9,19.9,18.02,-8.44
16:42:24.424,19.9,40.9,38.46,13.92
16:42:24.507,66.4,36.3,14.53,33.26
16:42:24.507,111.4,108.3,-39.52,100.83
16:42:24.507,156.4,74.4,-68.18,29.79
16:42:24.507,201.4,16.0,-14.9,-5.84
16:42:24.507,246.4,26.3,-10.53,-24.1
16:42:24.507,291.4,26.0,9.49,-24.21
16:42:24.507,336.4,20.8,19.06,-8.33
16:42:24.507,21.4,41.5,38.64,15.14
16:42:24.588,67.9,36.3,13.66,33.63
16:42:24.588,112.9,38.5,-14.98,35.47
16:42:24.588,157.9,71.8,-66.52,27.01
16:42:24.588,202.9,16.0,-14.74,-6.23
16:42:24.588,247.9,17.1,-6.43,-15.84
16:42:24.588,292.9,25.2,9.81,-23.21
16:42:24.588,337.9,22.1,20.48,-8.31
16:42:24.588,22.9,41.5,38.23,16.15
16:42:24.667,69.3,36.3,12.83,33.96
16:42:24.667,114.3,43.1,-17.74,39.28
16:42:24.667,159.3,73.2,-68.47,25.87
16:42:24.667,204.3,16.0,-14.58,-6.58
16:42:24.667,249.3,17.1,-6.04,-16.0
16:42:24.667,294.3,25.5,10.49,-23.24
16:42:24.667,339.3,23.0,21.52,-8.13
16:42:24.667,24.3,41.1,37.46,16.91
16:42:24.755,70.8,37.5,12.33,35.41
16:42:24.755,115.8,199.0,-86.61,179.16
16:42:24.755,160.8,73.1,-69.03,24.04
16:42:24.755,205.8,17.0,-15.31,-7.4
16:42:24.755,250.8,17.1,-5.62,-16.15
16:42:24.755,295.8,24.6,10.71,-22.15
16:42:24.755,340.8,22.7,21.44,-7.47
16:42:24.755,25.8,40.6,36.55,17.67
16:42:24.844,72.3,37.4,11.37,35.63
16:42:24.844,117.3,198.5,-91.04,176.39
16:42:24.844,162.3,73.6,-70.12,22.38
16:42:24.844,207.3,16.7,-14.84,-7.66
16:42:24.844,252.3,17.1,-5.2,-16.29
16:42:24.844,297.3,24.6,11.28,-21.86
16:42:24.844,342.3,47.0,44.78,-14.29
16:42:24.844,27.3,40.1,35.63,18.39
16:42:24.938,73.9,52.8,14.64,50.73
16:42:24.938,118.9,197.6,-95.5,172.99
16:42:24.938,163.9,73.6,-70.71,20.41
16:42:24.938,208.9,16.7,-14.62,-8.07
16:42:24.938,253.9,18.7,-5.19,-17.97
16:42:24.938,298.9,25.7,12.42,-22.5
16:42:24.938,343.9,36.1,34.68,-10.01
16:42:24.938,28.9,40.2,35.19,19.43
16:42:25.018,75.6,47.2,11.74,45.72
16:42:25.018,120.6,58.7,-29.88,50.53
16:42:25.018,165.6,73.6,-71.29,18.3
16:42:25.018,210.6,16.4,-14.12,-8.35
16:42:25.018,255.6,18.7,-4.65,-18.11
16:42:25.018,300.6,24.9,12.68,-21.43
16:42:25.018,345.6,46.4,44.94,-11.54
16:42:25.018,30.6,39.7,34.17,20.21
16:42:25.106,77.1,37.7,8.42,36.75
16:42:25.106,122.1,197.6,-105.0,167.39
16:42:25.106,167.1,74.1,-72.23,16.54
16:42:25.106,212.1,18.3,-15.5,-9.72
16:42:25.106,257.1,17.4,-3.88,-16.96
16:42:25.106,302.1,16.1,8.56,-13.64
16:42:25.106,347.1,45.2,44.06,-10.09
16:42:25.106,32.1,37.2,31.51,19.77
16:42:25.196,78.7,37.2,7.29,36.48
16:42:25.196,123.7,66.2,-36.73,55.08
16:42:25.196,168.7,75.0,-73.55,14.7
16:42:25.196,213.7,18.0,-14.98,-9.99
16:42:25.196,258.7,16.4,-3.21,-16.08
16:42:25.196,303.7,16.1,8.93,-13.39
16:42:25.196,348.7,44.8,43.93,-8.78
16:42:25.196,33.7,40.1,33.36,22.25
16:42:25.266,80.1,36.8,6.33,36.25
16:42:25.266,125.1,66.5,-38.24,54.41
16:42:25.266,170.1,74.2,-73.1,12.76
16:42:25.266,215.1,18.9,-15.46,-10.87
16:42:25.266,260.1,17.7,-3.04,-17.44
16:42:25.266,305.1,16.1,9.26,-13.17
16:42:25.266,350.1,51.1,50.34,-8.79
16:42:25.266,35.1,22.2,18.16,12.77
16:42:25.349,81.6,37.2,5.43,36.8
16:42:25.349,126.6,65.4,-38.99,52.5
16:42:25.349,171.6,74.7,-73.9,10.91
16:42:25.349,216.6,22.4,-17.98,-13.36
16:42:25.349,261.6,19.0,-2.78,-18.8
16:42:25.349,306.6,16.1,9.6,-12.93
16:42:25.349,351.6,51.6,51.05,-7.54
16:42:25.349,36.6,20.9,16.78,12.46
16:42:25.436,83.0,37.2,4.53,36.92
16:42:25.436,128.0,55.7,-34.29,43.89
16:42:25.436,173.0,74.3,-73.75,9.05
16:42:25.436,218.0,27.4,-21.59,-16.87
16:42:25.436,263.0,25.7,-3.13,-25.51
16:42:25.436,308.0,16.1,9.91,-12.69
16:42:25.436,353.0,50.8,50.42,-6.19
16:42:25.436,38.0,43.7,34.44,26.9
16:42:25.512,84.5,37.7,3.61,37.53
16:42:25.512,129.5,52.6,-33.46,40.59
16:42:25.512,174.5,75.3,-74.95,7.22
16:42:25.512,219.5,24.8,-19.14,-15.77
16:42:25.512,264.5,16.1,-1.54,-16.03
16:42:25.512,309.5,24.9,15.84,-19.21
16:42:25.512,354.5,36.6,36.43,-3.51
16:42:25.512,39.5,21.5,16.59,13.68
16:42:25.595,86.0,42.5,2.96,42.4
16:42:25.595,131.0,52.9,-34.71,39.92
16:42:25.595,176.0,76.2,-76.01,5.32
16:42:25.595,221.0,29.7,-22.41,-19.48
16:42:25.595,266.0,18.0,-1.26,-17.96
16:42:25.595,311.0,17.1,11.22,-12.91
16:42:25.595,356.0,36.1,36.01,-2.52
16:42:25.595,41.0,20.3,15.32,13.32
16:42:25.675,87.4,40.7,1.85,40.66
16:42:25.675,132.4,53.3,-35.94,39.36
16:42:25.675,177.4,80.3,-80.22,3.64
16:42:25.675,222.4,27.1,-20.01,-18.27
16:42:25.675,267.4,16.4,-0.74,-16.38
16:42:25.675,312.4,16.1,10.86,-11.89
16:42:25.675,357.4,57.5,57.44,-2.61
16:42:25.675,42.4,20.6,15.21,13.89
16:42:25.756,88.9,36.8,0.71,36.79
16:42:25.756,133.9,53.3,-36.96,38.41
16:42:25.756,178.9,81.7,-81.68,1.57
16:42:25.756,223.9,25.9,-18.66,-17.96
16:42:25.756,268.9,16.4,-0.31,-16.4
16:42:25.756,313.9,17.0,11.79,-12.25
16:42:25.756,358.9,37.0,36.99,-0.71
16:42:25.756,43.9,20.6,14.84,14.28
16:42:25.837,90.3,37.2,-0.19,37.2
16:42:25.837,135.3,52.8,-37.53,37.14
16:42:25.837,180.3,106.7,-106.7,-0.56
16:42:25.837,225.3,29.4,-20.68,-20.9
16:42:25.837,270.3,16.4,0.09,-16.4
16:42:25.837,315.3,25.4,18.05,-17.87
16:42:25.837,0.3,34.0,34.0,0.18
16:42:25.837,45.3,20.6,14.49,14.64
16:42:25.922,91.8,40.7,-1.28,40.68
16:42:25.922,136.8,53.1,-38.71,36.35
16:42:25.922,181.8,106.8,-106.75,-3.35
16:42:25.922,226.8,75.8,-51.89,-55.26
16:42:25.922,271.8,16.4,0.52,-16.39
16:42:25.922,316.8,25.2,18.37,-17.25
16:42:25.922,1.8,26.5,26.49,0.83
16:42:25.922,46.8,19.6,13.42,14.29
16:42:26.008,93.3,41.2,-2.37,41.13
16:42:26.008,138.3,54.0,-40.32,35.92
16:42:26.008,183.3,106.8,-106.62,-6.15
16:42:26.008,228.3,75.3,-50.09,-56.22
16:42:26.008,273.3,16.4,0.94,-16.37
16:42:26.008,318.3,25.2,18.82,-16.76
16:42:26.008,3.3,25.9,25.86,1.49
16:42:26.008,48.3,19.6,13.04,14.63
16:42:26.096,94.9,45.8,-3.91,45.63
16:42:26.096,139.9,50.0,-38.25,32.21
16:42:26.096,184.9,107.3,-106.91,-9.17
16:42:26.096,229.9,74.9,-48.24,-57.29
16:42:26.096,274.9,16.4,1.4,-16.34
16:42:26.096,319.9,25.7,19.66,-16.55
16:42:26.096,4.9,25.9,25.81,2.21
16:42:26.096,49.9,20.9,13.46,15.99
16:42:26.186,96.4,150.1,-16.73,149.16
16:42:26.186,141.4,53.6,-41.89,33.44
16:42:26.186,186.4,107.4,-106.73,-11.97
16:42:26.186,231.4,74.3,-46.35,-58.07
16:42:26.186,276.4,16.4,1.83,-16.3
16:42:26.186,321.4,24.0,18.76,-14.97
16:42:26.186,6.4,25.3,25.14,2.82
16:42:26.186,51.4,20.6,12.85,16.1
16:42:26.269,98.1,43.0,-6.06,42.57
16:42:26.269,143.1,37.1,-29.67,22.28
16:42:26.269,188.1,107.8,-106.72,-15.19
16:42:26.269,233.1,72.5,-43.53,-57.98
16:42:26.269,278.1,16.4,2.31,-16.24
16:42:26.269,323.1,17.1,13.67,-10.27
16:42:26.269,8.1,25.3,25.05,3.56
16:42:26.269,53.1,19.3,11.59,15.43
16:42:26.353,99.6,41.6,-6.94,41.02
16:42:26.353,144.6,36.2,-29.51,20.97
16:42:26.353,189.6,107.5,-105.99,-17.93
16:42:26.353,234.6,72.5,-42.0,-59.1
16:42:26.353,279.6,16.4,2.74,-16.17
16:42:26.353,324.6,26.3,21.44,-15.24
16:42:26.353,9.6,25.6,25.24,4.27
16:42:26.353,54.6,19.3,11.18,15.73
16:42:26.435,101.1,43.8,-8.43,42.98
16:42:26.435,146.1,38.3,-31.79,21.36
16:42:26.435,191.1,108.5,-106.47,-20.89
16:42:26.435,236.1,73.4,-40.94,-60.92
16:42:26.435,281.1,16.4,3.16,-16.09
16:42:26.435,326.1,16.7,13.86,-9.31
16:42:26.435,11.1,25.9,25.42,4.99
16:42:26.435,56.1,20.6,11.49,17.1
16:42:26.520,102.6,42.8,-9.34,41.77
16:42:26.520,147.6,52.1,-43.99,27.92
16:42:26.520,192.6,109.8,-107.16,-23.95
16:42:26.520,237.6,72.9,-39.06,-61.55
16:42:26.520,282.6,16.1,3.51,-15.71
16:42:26.520,327.6,17.1,14.44,-9.16
16:42:26.520,12.6,25.0,24.4,5.45
16:42:26.520,57.6,21.5,11.52,18.15
16:42:26.606,104.1,40.7,-9.92,39.47
16:42:26.606,149.1,52.6,-45.13,27.01
16:42:26.606,194.1,107.8,-104.55,-26.26
16:42:26.606,239.1,72.9,-37.44,-62.55
16:42:26.606,284.1,16.1,3.92,-15.61
16:42:26.606,329.1,17.1,14.67,-8.78
16:42:26.606,14.1,24.1,23.37,5.87
16:42:26.606,59.1,36.5,18.74,31.32
16:42:26.692,105.7,40.2,-10.88,38.7
16:42:26.692,150.7,53.1,-46.31,25.99
16:42:26.692,195.7,142.3,-136.99,-38.51
16:42:26.692,240.7,72.9,-35.68,-63.57
16:42:26.692,285.7,17.1,4.63,-16.46
16:42:26.692,330.7,17.0,14.83,-8.32
16:42:26.692,15.7,23.3,22.43,6.3
16:42:26.692,60.7,21.2,10.37,18.49
16:42:26.784,107.2,39.3,-11.62,37.54
16:42:26.784,152.2,38.0,-33.61,17.72
16:42:26.784,197.2,197.2,-188.38,-58.31
16:42:26.784,242.2,72.9,-34.0,-64.49
16:42:26.784,287.2,16.7,4.94,-15.95
16:42:26.784,332.2,19.6,17.34,-9.14
16:42:26.784,17.2,25.3,24.17,7.48
16:42:26.784,62.2,20.9,9.75,18.49
16:42:26.874,108.9,39.8,-12.89,37.65
16:42:26.874,153.9,37.1,-33.32,16.32
16:42:26.874,198.9,197.2,-186.57,-63.88
16:42:26.874,243.9,73.9,-32.51,-66.36
16:42:26.874,288.9,16.4,5.31,-15.52
16:42:26.874,333.9,18.7,16.79,-8.23
16:42:26.874,18.9,25.6,24.22,8.29
16:42:26.874,63.9,45.8,20.15,41.13
16:42:26.964,110.5,39.3,-13.76,36.81
16:42:26.964,155.5,35.4,-32.21,14.68
16:42:26.964,200.5,198.0,-185.46,-69.34
16:42:26.964,245.5,73.5,-30.48,-66.88
16:42:26.964,290.5,17.4,6.09,-16.3
16:42:26.964,335.5,17.4,15.83,-7.22
16:42:26.964,20.5,24.7,23.14,8.65
16:42:26.964,65.5,45.0,18.66,40.95
16:42:27.046,112.1,39.3,-14.79,36.41
16:42:27.046,157.1,35.9,-33.07,13.97
16:42:27.046,202.1,56.4,-52.26,-21.22
16:42:27.046,247.1,73.5,-28.6,-67.71
16:42:27.046,292.1,18.4,6.92,-17.05
16:42:27.046,337.1,16.1,14.83,-6.26
16:42:27.046,22.1,24.7,22.89,9.29
16:42:27.046,67.1,44.5,17.32,40.99
16:42:27.130,113.6,39.3,-15.73,36.01
16:42:27.130,158.6,35.9,-33.42,13.1
16:42:27.130,203.6,56.4,-51.68,-22.58
16:42:27.130,248.6,74.0,-27.0,-68.9
16:42:27.130,293.6,19.3,7.73,-17.69
16:42:27.130,338.6,16.4,15.27,-5.98
16:42:27.130,23.6,24.4,22.36,9.77
16:42:27.130,68.6,45.9,16.75,42.74
16:42:27.213,115.1,39.8,-16.88,36.04
16:42:27.213,160.1,35.9,-33.76,12.22
16:42:27.213,205.1,54.6,-49.44,-23.16
16:42:27.213,250.1,74.6,-25.39,-70.15
16:42:27.213,295.1,19.0,8.06,-17.21
16:42:27.213,340.1,34.5,32.44,-11.74
16:42:27.213,25.1,24.4,22.1,10.35
16:42:27.213,70.1,52.2,17.77,49.08
16:42:27.297,116.6,40.2,-18.0,35.95
16:42:27.297,161.6,36.0,-34.16,11.36
16:42:27.297,206.6,53.2,-47.57,-23.82
16:42:27.297,251.6,74.6,-23.55,-70.79
16:42:27.297,296.6,22.6,10.12,-20.21
16:42:27.297,341.6,17.1,16.23,-5.4
16:42:27.297,26.6,25.3,22.62,11.33
16:42:27.297,71.6,50.9,16.07,48.3
16:42:27.377,118.1,41.6,-19.59,36.7
16:42:27.377,163.1,36.9,-35.31,10.73
16:42:27.377,208.1,50.1,-44.19,-23.6
16:42:27.377,253.1,76.0,-22.09,-72.72
16:42:27.377,298.1,26.1,12.29,-23.02
16:42:27.377,343.1,17.0,16.27,-4.94
16:42:27.377,28.1,24.4,21.52,11.49
16:42:27.377,73.1,50.6,14.71,48.41
16:42:27.457,119.5,22.8,-11.23,19.84
16:42:27.457,164.5,37.3,-35.94,9.97
16:42:27.457,209.5,51.3,-44.65,-25.26
16:42:27.457,254.5,76.5,-20.44,-73.72
16:42:27.457,299.5,30.0,14.77,-26.11
16:42:27.457,344.5,18.0,17.35,-4.81
16:42:27.457,29.5,24.4,21.24,12.02
16:42:27.457,74.5,36.7,9.81,35.37
16:42:27.537,121.0,20.6,-10.61,17.66
16:42:27.537,166.0,36.2,-35.12,8.76
16:42:27.537,211.0,51.3,-43.97,-26.42
16:42:27.537,256.0,75.3,-18.22,-73.06
16:42:27.537,301.0,23.7,12.21,-20.31
16:42:27.537,346.0,16.4,15.91,-3.97
16:42:27.537,31.0,17.0,14.57,8.76
16:42:27.537,76.0,36.2,8.76,35.12
16:42:27.617,122.4,20.6,-11.04,17.39
16:42:27.617,167.4,39.2,-38.26,8.55
16:42:27.617,212.4,51.3,-43.31,-27.49
16:42:27.617,257.4,76.3,-16.64,-74.46
16:42:27.617,302.4,24.6,13.18,-20.77
16:42:27.617,347.4,16.4,16.01,-3.58
16:42:27.617,32.4,26.2,22.12,14.04
16:42:27.617,77.4,32.6,7.11,31.81
16:42:27.699,123.8,20.9,-11.63,17.37
16:42:27.699,168.8,39.7,-38.94,7.71
16:42:27.699,213.8,51.7,-42.96,-28.76
16:42:27.699,258.8,80.9,-15.71,-79.36
16:42:27.699,303.8,75.8,42.17,-62.99
16:42:27.699,348.8,16.4,16.09,-3.19
16:42:27.699,33.8,25.0,20.77,13.91
16:42:27.699,78.8,32.1,6.23,31.49
16:42:27.784,125.3,19.7,-11.38,16.08
16:42:27.784,170.3,56.7,-55.89,9.55
16:42:27.784,215.3,52.0,-42.44,-30.05
16:42:27.784,260.3,106.6,-17.96,-105.08
16:42:27.784,305.3,75.8,43.8,-61.86
16:42:27.784,350.3,16.4,16.17,-2.76
16:42:27.784,35.3,25.0,20.4,14.45
16:42:27.784,80.3,26.3,4.43,25.92
16:42:27.898,126.8,19.6,-11.74,15.69
16:42:27.898,171.8,44.5,-44.05,6.35
16:42:27.898,216.8,49.8,-39.88,-29.83
16:42:27.898,261.8,107.0,-15.26,-105.91
16:42:27.898,306.8,75.2,45.05,-60.21
16:42:27.898,351.8,16.4,16.23,-2.34
16:42:27.898,36.8,18.9,15.13,11.32
16:42:27.898,81.8,26.6,3.79,26.33
16:42:27.975,128.4,20.9,-12.98,16.38
16:42:27.975,218.4,37.7,-29.55,-23.42
16:42:27.975,263.4,107.1,-12.31,-106.39
16:42:27.975,308.4,73.0,45.34,-57.21
16:42:27.975,353.4,16.4,16.29,-1.88
16:42:27.975,38.4,25.6,20.06,15.9
16:42:27.975,83.4,26.0,2.99,25.83
16:42:28.058,130.3,20.9,-13.52,15.94
16:42:28.058,175.3,44.3,-44.15,3.63
16:42:28.058,220.3,36.4,-27.76,-23.54
16:42:28.058,265.3,107.6,-8.82,-107.24
16:42:28.058,310.3,74.7,48.32,-56.97
16:42:28.058,355.3,16.4,16.34,-1.34
16:42:28.058,40.3,25.3,19.3,16.36
16:42:28.058,85.3,26.0,2.13,25.91
16:42:28.143,131.8,19.7,-13.13,14.69
16:42:28.143,176.8,45.5,-45.43,2.54
16:42:28.143,221.8,35.9,-26.76,-23.93
16:42:28.143,266.8,108.6,-6.06,-108.43
16:42:28.143,311.8,73.3,48.86,-54.64
16:42:28.143,356.8,16.4,16.37,-0.92
16:42:28.143,41.8,27.9,20.8,18.6
16:42:28.143,86.8,26.3,1.47,26.26
16:42:28.225,133.3,20.6,-14.13,14.99
16:42:28.225,178.3,43.3,-43.28,1.28
16:42:28.225,223.3,37.5,-27.29,-25.72
16:42:28.225,268.3,108.6,-3.22,-108.55
16:42:28.225,313.3,72.5,49.72,-52.76
16:42:28.225,358.3,16.1,16.09,-0.48
16:42:28.225,43.3,16.7,12.15,11.45
16:42:28.225,88.3,26.3,0.78,26.29
16:42:28.309,134.8,20.6,-14.52,14.62
16:42:28.309,179.8,41.9,-41.9,0.15
16:42:28.309,224.8,36.1,-25.62,-25.44
16:42:28.309,269.8,109.2,-0.38,-109.2
16:42:28.309,314.8,72.5,51.09,-51.44
16:42:28.309,359.8,16.1,16.1,-0.06
16:42:28.309,44.8,16.7,11.85,11.77
16:42:28.309,89.8,24.8,0.09,24.8
16:42:28.396,136.3,22.0,-15.91,15.2
16:42:28.396,181.3,44.1,-44.09,-1.0
16:42:28.396,226.3,36.1,-24.94,-26.1
16:42:28.396,271.3,198.4,4.5,-198.35
16:42:28.396,316.3,72.9,52.7,-50.37
16:42:28.396,1.3,16.1,16.1,0.37
16:42:28.396,46.3,16.7,11.54,12.07
16:42:28.396,91.3,24.0,-0.54,23.99
16:42:28.486,137.9,24.6,-18.25,16.49
16:42:28.486,182.9,41.0,-40.95,-2.07
16:42:28.486,227.9,37.8,-25.34,-28.05
16:42:28.486,272.9,197.8,10.01,-197.55
16:42:28.486,317.9,72.5,53.79,-48.61
16:42:28.486,2.9,17.1,17.08,0.87
16:42:28.486,47.9,18.2,12.2,13.5
16:42:28.486,92.9,23.1,-1.17,23.07
16:42:28.578,139.5,21.3,-16.2,13.83
16:42:28.578,184.5,40.6,-40.47,-3.19
16:42:28.578,229.5,36.4,-23.64,-27.68
16:42:28.578,274.5,197.8,15.52,-197.19
16:42:28.578,319.5,72.5,55.13,-47.08
16:42:28.578,4.5,16.7,16.65,1.31
16:42:28.578,49.5,19.5,12.66,14.83
16:42:28.578,94.5,25.1,-1.97,25.02
16:42:28.666,141.1,36.8,-28.64,23.11
16:42:28.666,186.1,40.5,-40.27,-4.3
16:42:28.666,231.1,35.1,-22.04,-27.32
16:42:28.666,276.1,197.8,21.02,-196.68
16:42:28.666,321.1,73.0,56.81,-45.84
16:42:28.666,6.1,17.7,17.6,1.88
16:42:28.666,51.1,18.3,11.49,14.24
16:42:28.666,96.1,25.4,-2.7,25.26
16:42:28.753,142.7,46.6,-37.07,28.24
16:42:28.753,187.7,40.6,-40.23,-5.44
16:42:28.753,232.7,35.1,-21.27,-27.92
16:42:28.753,277.7,197.8,26.5,-196.02
16:42:28.753,322.7,73.0,58.07,-44.24
16:42:28.753,7.7,17.4,17.24,2.33
16:42:28.753,52.7,17.0,10.3,13.52
16:42:28.753,97.7,23.7,-3.18,23.49
16:42:28.833,144.3,45.8,-37.19,26.73
16:42:28.833,189.3,41.0,-40.46,-6.63
16:42:28.833,234.3,35.1,-20.48,-28.5
16:42:28.833,279.3,56.6,9.15,-55.86
16:42:28.833,324.3,73.9,60.01,-43.12
16:42:28.833,9.3,19.3,19.05,3.12
16:42:28.833,54.3,17.3,10.1,14.05
16:42:28.833,99.3,16.7,-2.7,16.48
16:42:28.915,145.7,45.1,-37.26,25.42
16:42:28.915,190.7,36.2,-35.57,-6.72
16:42:28.915,235.7,35.1,-19.78,-29.0
16:42:28.915,280.7,56.6,10.51,-55.62
16:42:28.915,325.7,74.0,61.13,-41.7
16:42:28.915,10.7,20.6,20.24,3.82
16:42:28.915,55.7,16.3,9.19,13.47
16:42:28.915,100.7,16.7,-3.1,16.41
16:42:28.996,147.2,43.8,-36.82,23.73
16:42:28.996,192.2,39.4,-38.51,-8.33
16:42:28.996,237.2,36.8,-19.93,-30.93
16:42:28.996,282.2,56.4,11.92,-55.13
16:42:28.996,327.2,74.5,62.62,-40.36
16:42:28.996,12.2,27.8,27.17,5.87
16:42:28.996,57.2,16.3,8.83,13.7
16:42:28.996,102.2,16.7,-3.53,16.32
16:42:29.077,148.7,51.7,-44.18,26.86
16:42:29.077,193.7,39.9,-38.76,-9.45
16:42:29.077,238.7,36.8,-19.12,-31.44
16:42:29.077,283.7,52.5,12.43,-51.01
16:42:29.077,328.7,74.7,63.83,-38.81
16:42:29.077,13.7,25.1,24.39,5.94
16:42:29.077,58.7,17.9,9.3,15.29
16:42:29.077,103.7,16.7,-3.96,16.22
16:42:29.158,150.1,52.2,-45.25,26.02
16:42:29.158,195.1,40.8,-39.39,-10.63
16:42:29.158,240.1,36.1,-18.0,-31.29
16:42:29.158,285.1,50.3,13.1,-48.56
16:42:29.158,330.1,57.0,49.41,-28.41
16:42:29.158,15.1,27.5,26.55,7.16
16:42:29.158,60.1,17.0,8.47,14.74
16:42:29.158,105.1,25.4,-6.62,24.52
16:42:29.242,151.6,50.2,-44.16,23.88
16:42:29.242,196.6,21.8,-20.89,-6.23
16:42:29.242,241.6,36.1,-17.17,-31.76
16:42:29.242,286.6,49.8,14.23,-47.72
16:42:29.242,331.6,76.5,67.29,-36.39
16:42:29.242,16.6,26.6,25.49,7.6
16:42:29.242,61.6,18.9,8.99,16.63
16:42:29.242,106.6,25.1,-7.17,24.05
16:42:29.320,153.1,36.3,-32.37,16.42
16:42:29.320,198.1,21.8,-20.72,-6.77
16:42:29.320,243.1,37.1,-16.79,-33.09
16:42:29.320,288.1,49.8,15.47,-47.34
16:42:29.320,333.1,80.2,71.52,-36.29
16:42:29.320,18.1,29.8,28.33,9.26
16:42:29.320,63.1,16.3,7.37,14.54
16:42:29.320,108.1,16.4,-5.1,15.59
16:42:29.401,154.5,48.7,-43.96,20.97
16:42:29.401,199.5,23.0,-21.68,-7.68
16:42:29.401,244.5,40.1,-17.26,-36.19
16:42:29.401,289.5,49.8,16.62,-46.94
16:42:29.401,334.5,80.3,72.48,-34.57
16:42:29.401,19.5,30.3,28.56,10.11
16:42:29.401,64.5,16.3,7.02,14.71
16:42:29.401,109.5,16.7,-5.57,15.74
16:42:29.481,156.0,32.2,-29.42,13.1
16:42:29.481,201.0,20.9,-19.51,-7.49
16:42:29.481,246.0,43.0,-17.49,-39.28
16:42:29.481,291.0,51.5,18.46,-48.08
16:42:29.481,336.0,80.4,73.45,-32.7
16:42:29.481,21.0,26.9,25.11,9.64
16:42:29.481,66.0,16.3,6.63,14.89
16:42:29.481,111.0,26.0,-9.32,24.27
16:42:29.562,157.4,31.6,-29.17,12.14
16:42:29.562,202.4,19.6,-18.12,-7.47
16:42:29.562,247.4,49.6,-19.06,-45.79
16:42:29.562,292.4,52.4,19.97,-48.45
16:42:29.562,337.4,56.8,52.44,-21.83
16:42:29.562,22.4,73.2,67.68,27.89
16:42:29.562,67.4,16.3,6.26,15.05
16:42:29.562,112.4,16.1,-6.14,14.89
16:42:29.643,158.9,26.6,-24.82,9.58
16:42:29.643,203.9,20.9,-19.11,-8.47
16:42:29.643,248.9,43.6,-15.7,-40.68
16:42:29.643,293.9,49.6,20.1,-45.35
16:42:29.643,338.9,59.1,55.14,-21.28
16:42:29.643,23.9,73.1,66.83,29.62
16:42:29.643,68.9,16.3,5.87,15.21
16:42:29.643,113.9,16.1,-6.52,14.72
16:42:29.725,160.3,25.7,-24.2,8.66
16:42:29.725,205.3,20.9,-18.9,-8.93
16:42:29.725,250.3,40.5,-13.65,-38.13
16:42:29.725,295.3,49.6,21.2,-44.84
16:42:29.725,340.3,57.0,53.66,-19.21
16:42:29.725,25.3,73.1,66.09,31.24
16:42:29.725,70.3,16.3,5.49,15.35
16:42:29.725,115.3,25.4,-10.85,22.96
16:42:29.815,161.8,26.9,-25.55,8.4
16:42:29.815,206.8,20.9,-18.66,-9.42
16:42:29.815,251.8,45.7,-14.27,-43.41
16:42:29.815,296.8,47.9,21.6,-42.75
16:42:29.815,341.8,106.8,101.46,-33.36
16:42:29.815,26.8,73.9,65.96,33.32
16:42:29.815,71.8,16.3,5.09,15.48
16:42:29.815,116.8,25.4,-11.45,22.67
16:42:29.894,163.3,26.3,-25.19,7.56
16:42:29.894,208.3,20.9,-18.4,-9.91
16:42:29.894,253.3,41.2,-11.84,-39.46
16:42:29.894,298.3,37.5,17.78,-33.02
16:42:29.894,343.3,106.9,102.39,-30.72
16:42:29.894,28.3,73.4,64.63,34.8
16:42:29.894,73.3,16.3,4.68,15.61
16:42:29.894,118.3,19.3,-9.15,16.99
16:42:29.978,164.9,26.3,-25.39,6.85
16:42:29.978,209.9,21.8,-18.9,-10.87
16:42:29.978,254.9,40.8,-10.63,-39.39
16:42:29.978,299.9,36.1,18.0,-31.29
16:42:29.978,344.9,107.8,104.08,-28.08
16:42:29.978,29.9,73.4,63.63,36.59
16:42:29.978,74.9,16.0,4.17,15.45
16:42:29.978,119.9,16.4,-8.18,14.22
16:42:30.061,166.4,25.8,-25.08,6.07
16:42:30.061,211.4,21.8,-18.61,-11.36
16:42:30.061,256.4,40.8,-9.59,-39.66
16:42:30.061,301.4,36.1,18.81,-30.81
16:42:30.061,346.4,108.3,105.26,-25.47
16:42:30.061,31.4,73.8,62.99,38.45
16:42:30.061,76.4,16.0,3.76,15.55
16:42:30.061,121.4,16.4,-8.54,14.0
16:42:30.145,167.9,25.8,-25.23,5.41
16:42:30.145,212.9,22.8,-19.14,-12.38
16:42:30.145,257.9,41.9,-8.78,-40.97
16:42:30.145,302.9,37.3,20.26,-31.32
16:42:30.145,347.9,108.4,105.99,-22.72
16:42:30.145,32.9,73.8,61.96,40.09
16:42:30.145,77.9,17.0,3.56,16.62
16:42:30.145,122.9,16.4,-8.91,13.77
16:42:30.229,169.3,25.2,-24.76,4.68
16:42:30.229,214.3,36.4,-30.07,-20.51
16:42:30.229,259.3,39.4,-7.32,-38.71
16:42:30.229,304.3,36.8,20.74,-30.4
16:42:30.229,349.3,109.4,107.5,-20.31
16:42:30.229,34.3,73.8,60.97,41.59
16:42:30.229,79.3,16.7,3.1,16.41
16:42:30.229,124.3,16.4,-9.24,13.55
16:42:30.318,170.9,24.3,-23.99,3.84
16:42:30.318,215.9,48.1,-38.96,-28.2
16:42:30.318,260.9,39.8,-6.29,-39.3
16:42:30.318,305.9,53.9,31.61,-43.66
16:42:30.318,350.9,167.8,165.69,-26.54
16:42:30.318,35.9,73.0,59.13,42.81
16:42:30.318,80.9,16.7,2.64,16.49
16:42:30.318,125.9,17.7,-10.38,14.34
16:42:30.408,172.5,24.3,-24.09,3.17
16:42:30.408,217.5,46.5,-36.89,-28.31
16:42:30.408,262.5,39.4,-5.14,-39.06
16:42:30.408,307.5,36.6,22.28,-29.04
16:42:30.408,352.5,63.8,63.25,-8.33
16:42:30.408,37.5,73.9,58.63,44.99
16:42:30.408,82.5,16.3,2.13,16.16
16:42:30.408,127.5,20.3,-12.36,16.11
16:42:30.483,174.0,25.5,-25.36,2.67
16:42:30.483,219.0,44.9,-34.89,-28.26
16:42:30.483,264.0,41.0,-4.29,-40.78
16:42:30.483,309.0,36.1,22.72,-28.05
16:42:30.483,354.0,56.8,56.49,-5.94
16:42:30.483,39.0,74.3,57.74,46.76
16:42:30.483,84.0,17.3,1.81,17.21
16:42:30.483,129.0,18.0,-11.33,13.99
16:42:30.570,175.4,24.6,-24.52,1.97
16:42:30.570,220.4,44.5,-33.89,-28.84
16:42:30.570,265.4,41.0,-3.29,-40.87
16:42:30.570,310.4,36.1,23.4,-27.49
16:42:30.570,355.4,56.7,56.52,-4.55
16:42:30.570,40.4,74.4,56.66,48.22
16:42:30.570,85.4,18.2,1.46,18.14
16:42:30.570,130.4,18.0,-11.67,13.71
16:42:30.646,176.9,23.7,-23.67,1.28
16:42:30.646,221.9,45.9,-34.16,-30.65
16:42:30.646,266.9,41.0,-2.22,-40.94
16:42:30.646,311.9,36.1,24.11,-26.87
16:42:30.646,356.9,56.5,56.42,-3.06
16:42:30.646,41.9,74.9,55.75,50.02
16:42:30.646,86.9,17.9,0.97,17.87
16:42:30.646,131.9,17.0,-11.35,12.65
16:42:30.729,178.4,23.7,-23.69,0.66
16:42:30.729,223.4,45.5,-33.06,-31.26
16:42:30.729,268.4,41.5,-1.16,-41.48
16:42:30.729,313.4,36.1,24.8,-26.23
16:42:30.729,358.4,52.6,52.58,-1.47
16:42:30.729,43.4,75.0,54.49,51.53
16:42:30.729,88.4,20.2,0.56,20.19
16:42:30.729,133.4,17.0,-11.68,12.35
16:42:30.812,179.9,24.6,-24.6,0.04
16:42:30.812,224.9,51.7,-36.62,-36.49
16:42:30.812,269.9,23.0,-0.04,-23.0
16:42:30.812,314.9,36.1,25.48,-25.57
16:42:30.812,359.9,52.1,52.1,-0.09
16:42:30.812,44.9,75.5,53.48,53.29
16:42:30.812,89.9,29.9,0.05,29.9
16:42:30.812,134.9,26.0,-18.35,18.42
16:42:30.894,180.0,25.5,-25.5,0.0
16:42:30.894,225.0,52.2,-36.91,-36.91
16:42:30.894,270.0,40.8,-0.0,-40.8
16:42:30.894,315.0,36.1,25.53,-25.53
16:42:30.894,0.0,49.9,49.9,0.0
16:42:30.894,45.0,75.2,53.17,53.17
16:42:30.894,90.0,29.1,0.0,29.1
16:42:30.894,135.0,17.7,-12.52,12.52
16:42:30.973,180.0,23.1,-23.1,0.0
16:42:30.973,225.0,52.2,-36.91,-36.91
16:42:30.973,270.0,23.3,-0.0,-23.3
16:42:30.973,315.0,36.6,25.88,-25.88
16:42:30.973,0.0,50.2,50.2,0.0
16:42:30.973,45.0,74.8,52.89,52.89
16:42:30.973,90.0,29.1,0.0,29.1
16:42:30.973,135.0,16.4,-11.6,11.6
16:42:31.060,180.0,25.5,-25.5,0.0
16:42:31.060,225.0,56.8,-40.16,-40.16
16:42:31.060,270.0,41.2,-0.0,-41.2
16:42:31.060,315.0,36.2,25.6,-25.6
16:42:31.060,0.0,50.2,50.2,0.0
16:42:31.060,45.0,74.3,52.54,52.54
16:42:31.060,90.0,29.1,0.0,29.1
16:42:31.060,135.0,16.4,-11.6,11.6
16:42:31.138,180.0,25.5,-25.5,0.0
16:42:31.138,225.0,51.1,-36.13,-36.13
16:42:31.138,270.0,22.4,-0.0,-22.4
16:42:31.138,315.0,36.1,25.53,-25.53
16:42:31.138,0.0,50.2,50.2,0.0
16:42:31.138,45.0,56.6,40.02,40.02
16:42:31.138,90.0,29.1,0.0,29.1
16:42:31.138,135.0,16.4,-11.6,11.6
16:42:31.218,180.0,25.5,-25.5,0.0
16:42:31.218,225.0,54.0,-38.18,-38.18
16:42:31.218,270.0,41.2,-0.0,-41.2
16:42:31.218,315.0,36.1,25.53,-25.53
16:42:31.218,0.0,48.5,48.5,0.0
16:42:31.218,45.0,74.3,52.54,52.54
16:42:31.218,90.0,29.1,0.0,29.1
16:42:31.218,135.0,16.4,-11.6,11.6
16:42:31.301,180.0,25.5,-25.5,0.0
16:42:31.301,225.0,54.0,-38.18,-38.18
16:42:31.301,270.0,41.2,-0.0,-41.2
16:42:31.301,315.0,36.1,25.53,-25.53
16:42:31.301,0.0,48.5,48.5,0.0
16:42:31.301,45.0,74.3,52.54,52.54
16:42:31.301,90.0,29.1,0.0,29.1
16:42:31.301,135.0,16.4,-11.6,11.6
16:42:31.381,180.0,25.5,-25.5,0.0
16:42:31.381,225.0,56.6,-40.02,-40.02
16:42:31.381,270.0,23.3,-0.0,-23.3
16:42:31.381,315.0,36.1,25.53,-25.53
16:42:31.381,0.0,49.9,49.9,0.0
16:42:31.381,45.0,57.5,40.66,40.66
16:42:31.381,90.0,29.1,0.0,29.1
16:42:31.381,135.0,16.4,-11.6,11.6
16:42:31.465,180.0,25.5,-25.5,0.0
16:42:31.465,225.0,54.0,-38.18,-38.18
16:42:31.465,270.0,41.2,-0.0,-41.2
16:42:31.465,315.0,36.1,25.53,-25.53
16:42:31.465,0.0,50.2,50.2,0.0
16:42:31.465,45.0,74.3,52.54,52.54
16:42:31.465,90.0,29.1,0.0,29.1
16:42:31.465,135.0,16.4,-11.6,11.6
16:42:31.547,180.0,25.5,-25.5,0.0
16:42:31.547,225.0,56.8,-40.16,-40.16
16:42:31.547,270.0,41.2,-0.0,-41.2
16:42:31.547,315.0,36.1,25.53,-25.53
16:42:31.547,0.0,49.9,49.9,0.0
16:42:31.547,45.0,74.3,52.54,52.54
16:42:31.547,90.0,29.1,0.0,29.1
16:42:31.547,135.0,16.4,-11.6,11.6
16:42:31.632,180.0,25.5,-25.5,0.0
16:42:31.632,225.0,53.9,-38.11,-38.11
16:42:31.632,270.0,41.2,-0.0,-41.2
16:42:31.632,315.0,36.6,25.88,-25.88
16:42:31.632,0.0,49.9,49.9,0.0
16:42:31.632,45.0,74.8,52.89,52.89
16:42:31.632,90.0,29.1,0.0,29.1
16:42:31.632,135.0,16.4,-11.6,11.6
16:42:31.711,180.0,25.5,-25.5,0.0
16:42:31.711,225.0,54.0,-38.18,-38.18
16:42:31.711,270.0,22.4,-0.0,-22.4
16:42:31.711,315.0,36.6,25.88,-25.88
16:42:31.711,0.0,49.9,49.9,0.0
16:42:31.711,45.0,74.8,52.89,52.89
16:42:31.711,90.0,29.1,0.0,29.1
16:42:31.711,135.0,16.4,-11.6,11.6
16:42:31.793,180.0,25.5,-25.5,0.0
16:42:31.793,225.0,54.0,-38.18,-38.18
16:42:31.793,270.0,22.4,-0.0,-22.4
16:42:31.793,315.0,37.1,26.23,-26.23
16:42:31.793,0.0,49.9,49.9,0.0
16:42:31.793,45.0,75.2,53.17,53.17
16:42:31.793,90.0,29.1,0.0,29.1
16:42:31.793,135.0,16.4,-11.6,11.6
16:42:31.876,180.0,25.5,-25.5,0.0
16:42:31.876,225.0,56.8,-40.16,-40.16
16:42:31.876,270.0,41.2,-0.0,-41.2
16:42:31.876,315.0,50.0,35.36,-35.36
16:42:31.876,0.0,49.9,49.9,0.0
16:42:31.876,45.0,74.7,52.82,52.82
16:42:31.876,90.0,29.1,0.0,29.1
16:42:31.876,135.0,16.4,-11.6,11.6
16:42:31.960,180.0,25.5,-25.5,0.0
16:42:31.960,225.0,56.8,-40.16,-40.16
16:42:31.960,270.0,41.2,-0.0,-41.2
16:42:31.960,315.0,36.4,25.74,-25.74
16:42:31.960,0.0,49.9,49.9,0.0
16:42:31.960,45.0,74.7,52.82,52.82
16:42:31.960,90.0,29.1,0.0,29.1
16:42:31.960,135.0,16.4,-11.6,11.6
16:42:32.041,178.6,25.5,-25.49,0.62
16:42:32.041,223.6,56.6,-40.99,-39.03
16:42:32.041,268.6,23.3,-0.57,-23.29
16:42:32.041,313.6,36.4,25.1,-26.36
16:42:32.041,358.6,49.9,49.89,-1.22
16:42:32.041,43.6,75.2,54.46,51.86
16:42:32.041,88.6,29.1,0.71,29.09
16:42:32.041,133.6,16.4,-11.31,11.88
16:42:32.122,177.2,25.5,-25.47,1.25
16:42:32.122,222.2,56.8,-42.08,-38.15
16:42:32.122,267.2,22.4,-1.09,-22.37
16:42:32.122,312.2,36.4,24.45,-26.97
16:42:32.122,357.2,49.9,49.84,-2.44
16:42:32.122,42.2,75.2,55.71,50.51
16:42:32.122,87.2,29.1,1.42,29.07
16:42:32.122,132.2,17.7,-11.89,13.11
16:42:32.210,175.8,23.1,-23.04,1.69
16:42:32.210,220.8,53.1,-40.2,-34.7
16:42:32.210,265.8,41.2,-3.02,-41.09
16:42:32.210,310.8,36.4,23.78,-27.55
16:42:32.210,355.8,49.9,49.77,-3.65
16:42:32.210,40.8,75.2,56.93,49.14
16:42:32.210,85.8,78.4,5.74,78.19
16:42:32.210,130.8,30.3,-19.8,22.94
16:42:32.293,174.3,25.5,-25.37,2.53
16:42:32.293,219.3,53.5,-41.4,-33.89
16:42:32.293,264.3,40.7,-4.04,-40.5
16:42:32.293,309.3,35.9,22.74,-27.78
16:42:32.293,354.3,53.8,53.53,-5.34
16:42:32.293,39.3,74.6,57.73,47.25
16:42:32.293,84.3,29.9,2.97,29.75
16:42:32.293,129.3,18.3,-11.59,14.16
16:42:32.375,172.9,24.6,-24.41,3.04
16:42:32.375,217.9,49.9,-39.38,-30.65
16:42:32.375,262.9,23.0,-2.84,-22.82
16:42:32.375,307.9,35.9,22.05,-28.33
16:42:32.375,352.9,54.3,53.88,-6.71
16:42:32.375,37.9,74.1,58.47,45.52
16:42:32.375,82.9,21.5,2.66,21.34
16:42:32.375,127.9,17.0,-10.44,13.41
16:42:32.456,171.5,24.6,-24.33,3.64
16:42:32.456,216.5,49.7,-39.95,-29.56
16:42:32.456,261.5,23.0,-3.4,-22.75
16:42:32.456,306.5,35.9,21.35,-28.86
16:42:32.456,351.5,57.0,56.37,-8.43
16:42:32.456,36.5,74.1,59.57,44.08
16:42:32.456,81.5,18.9,2.79,18.69
16:42:32.456,126.5,17.0,-10.11,13.67
16:42:32.541,170.1,23.7,-23.35,4.07
16:42:32.541,215.1,45.5,-37.23,-26.16
16:42:32.541,260.1,41.5,-7.14,-40.88
16:42:32.541,305.1,35.9,20.64,-29.37
16:42:32.541,350.1,56.7,55.86,-9.75
16:42:32.541,35.1,74.0,60.54,42.55
16:42:32.541,80.1,17.9,3.08,17.63
16:42:32.541,125.1,16.7,-9.6,13.66
16:42:32.623,168.7,23.7,-23.24,4.64
16:42:32.623,213.7,46.3,-38.52,-25.69
16:42:32.623,258.7,41.0,-8.03,-40.21
16:42:32.623,303.7,37.1,20.58,-30.87
16:42:32.623,348.7,64.3,63.05,-12.6
16:42:32.623,33.7,73.1,60.82,40.56
16:42:32.623,78.7,18.2,3.57,17.85
16:42:32.623,123.7,18.0,-9.99,14.98
16:42:32.704,167.2,24.6,-23.99,5.45
16:42:32.704,212.2,44.5,-37.66,-23.71
16:42:32.704,257.2,38.9,-8.62,-37.93
16:42:32.704,302.2,37.1,19.77,-31.39
16:42:32.704,347.2,63.5,61.92,-14.07
16:42:32.704,32.2,72.6,61.43,38.69
16:42:32.704,77.2,17.3,3.83,16.87
16:42:32.704,122.2,19.3,-10.28,16.33
16:42:32.787,165.8,24.6,-23.85,6.03
16:42:32.787,210.8,44.9,-38.57,-22.99
16:42:32.787,255.8,39.4,-9.67,-38.2
16:42:32.787,300.8,38.0,19.46,-32.64
16:42:32.787,345.8,64.8,62.82,-15.9
16:42:32.787,30.8,72.5,62.27,37.12
16:42:32.787,75.8,16.3,4.0,15.8
16:42:32.787,120.8,20.3,-10.39,17.44
16:42:32.868,164.4,25.5,-24.56,6.86
16:42:32.868,209.4,45.7,-39.81,-22.43
16:42:32.868,254.4,39.4,-10.6,-37.95
16:42:32.868,299.4,49.3,24.2,-42.95
16:42:32.868,344.4,65.3,62.89,-17.56
16:42:32.868,29.4,72.1,62.81,35.39
16:42:32.868,74.4,16.7,4.49,16.08
16:42:32.868,119.4,17.7,-8.69,15.42
16:42:32.976,163.0,24.3,-23.24,7.1
16:42:32.976,208.0,47.3,-41.76,-22.21
16:42:32.976,253.0,39.4,-11.52,-37.68
16:42:32.976,298.0,36.4,17.09,-32.14
16:42:32.976,343.0,109.9,105.1,-32.13
16:42:32.976,28.0,73.4,64.81,34.46
16:42:32.976,73.0,16.7,4.88,15.97
16:42:32.976,118.0,16.4,-7.7,14.48
16:42:33.032,161.5,24.3,-23.04,7.71
16:42:33.032,206.5,22.5,-20.14,-10.04
16:42:33.032,251.5,39.4,-12.5,-37.36
16:42:33.032,296.5,35.9,16.02,-32.13
16:42:33.032,341.5,66.9,63.44,-21.23
16:42:33.032,26.5,72.9,65.24,32.53
16:42:33.032,71.5,17.0,5.39,16.12
16:42:33.032,116.5,16.4,-7.32,14.68
16:42:33.116,160.2,25.2,-23.71,8.54
16:42:33.116,205.2,24.5,-22.17,-10.43
16:42:33.116,250.2,39.8,-13.48,-37.45
16:42:33.116,295.2,36.4,15.5,-32.94
16:42:33.116,340.2,108.8,102.37,-36.85
16:42:33.116,25.2,73.4,66.41,31.25
16:42:33.116,70.2,16.0,5.42,15.05
16:42:33.116,115.2,16.4,-6.98,14.84
16:42:33.200,158.7,24.9,-23.2,9.04
16:42:33.200,203.7,22.8,-20.88,-9.16
16:42:33.200,248.7,41.9,-15.22,-39.04
16:42:33.200,293.7,37.3,14.99,-34.15
16:42:33.200,338.7,108.3,100.9,-39.34
16:42:33.200,23.7,73.8,67.58,29.66
16:42:33.200,68.7,16.0,5.81,14.91
16:42:33.200,113.7,16.4,-6.59,15.02
16:42:33.284,157.3,25.8,-23.8,9.96
16:42:33.284,202.3,21.8,-20.17,-8.27
16:42:33.284,247.3,42.4,-16.36,-39.12
16:42:33.284,292.3,37.7,14.31,-34.88
16:42:33.284,337.3,107.8,99.45,-41.6
16:42:33.284,22.3,74.2,68.65,28.16
16:42:33.284,67.3,16.0,6.17,14.76
16:42:33.284,112.3,16.4,-6.22,15.17
16:42:33.369,155.9,26.3,-24.01,10.74
16:42:33.369,200.9,21.8,-20.37,-7.78
16:42:33.369,245.9,40.7,-16.62,-37.15
16:42:33.369,290.9,36.2,12.91,-33.82
16:42:33.369,335.9,107.3,97.95,-43.81
16:42:33.369,20.9,74.2,69.32,26.47
16:42:33.369,65.9,16.3,6.66,14.88
16:42:33.369,110.9,19.3,-6.89,18.03
16:42:33.454,154.4,25.5,-23.0,11.02
16:42:33.454,199.4,20.9,-19.71,-6.94
16:42:33.454,244.4,41.7,-18.02,-37.61
16:42:33.454,289.4,36.6,12.16,-34.52
16:42:33.454,334.4,106.8,96.32,-46.15
16:42:33.454,19.4,73.9,69.7,24.55
16:42:33.454,64.4,16.3,7.04,14.7
16:42:33.454,109.4,25.4,-8.44,23.96
16:42:33.540,153.0,26.1,-23.26,11.85
16:42:33.540,198.0,20.9,-19.88,-6.46
16:42:33.540,243.0,43.0,-19.52,-38.31
16:42:33.540,288.0,49.0,15.14,-46.6
16:42:33.540,333.0,107.1,95.43,-48.62
16:42:33.540,18.0,73.9,70.28,22.84
16:42:33.540,63.0,16.3,7.4,14.52
16:42:33.540,108.0,25.4,-7.85,24.16
16:42:33.618,151.5,27.8,-24.43,13.27
16:42:33.618,196.5,20.9,-20.04,-5.94
16:42:33.618,241.5,40.5,-19.32,-35.59
16:42:33.618,286.5,49.5,14.06,-47.46
16:42:33.618,331.5,57.4,50.44,-27.39
16:42:33.618,16.5,74.8,71.72,21.24
16:42:33.618,61.5,16.3,7.78,14.32
16:42:33.618,106.5,16.1,-4.57,15.44
16:42:33.698,150.2,25.8,-22.39,12.82
16:42:33.698,195.2,20.9,-20.17,-5.48
16:42:33.698,240.2,49.5,-24.6,-42.95
16:42:33.698,285.2,49.4,12.95,-47.67
16:42:33.698,330.2,56.8,49.29,-28.23
16:42:33.698,15.2,74.9,72.28,19.64
16:42:33.698,60.2,16.3,8.1,14.14
16:42:33.698,105.2,16.1,-4.22,15.54
16:42:33.777,148.7,27.5,-23.5,14.29
16:42:33.777,193.7,20.9,-20.31,-4.95
16:42:33.777,238.7,40.7,-21.14,-34.78
16:42:33.777,283.7,46.8,11.08,-45.47
16:42:33.777,328.7,56.8,48.53,-29.51
16:42:33.777,13.7,30.1,29.24,7.13
16:42:33.777,58.7,16.3,8.47,13.93
16:42:33.777,103.7,25.7,-6.09,24.97
16:42:33.857,147.4,31.6,-26.62,17.03
16:42:33.857,192.4,19.6,-19.14,-4.21
16:42:33.857,237.4,42.8,-23.06,-36.06
16:42:33.857,282.4,50.3,10.8,-49.13
16:42:33.857,327.4,59.0,49.7,-31.79
16:42:33.857,12.4,29.5,28.81,6.33
16:42:33.857,57.4,16.3,8.78,13.73
16:42:33.857,102.4,22.8,-4.9,22.27
16:42:33.958,146.0,32.1,-26.61,17.95
16:42:33.958,191.0,20.9,-20.52,-3.99
16:42:33.958,281.0,53.9,10.28,-52.91
16:42:33.958,326.0,81.6,67.65,-45.63
16:42:33.958,11.0,30.3,29.74,5.78
16:42:33.958,56.0,16.3,9.11,13.51
16:42:33.958,101.0,16.7,-3.19,16.39
16:42:34.039,144.3,45.3,-36.79,26.43
16:42:34.039,189.3,23.0,-22.7,-3.72
16:42:34.039,234.3,43.6,-25.44,-35.41
16:42:34.039,279.3,52.7,8.52,-52.01
16:42:34.039,324.3,76.7,62.29,-44.76
16:42:34.039,9.3,29.8,29.41,4.82
16:42:34.039,54.3,16.3,9.51,13.24
16:42:34.039,99.3,17.7,-2.86,17.47
16:42:34.119,142.9,35.0,-27.92,21.11
16:42:34.119,187.9,21.8,-21.59,-3.0
16:42:34.119,232.9,46.3,-27.93,-36.93
16:42:34.119,277.9,48.9,6.72,-48.44
16:42:34.119,322.9,80.5,64.21,-48.56
16:42:34.119,7.9,26.6,26.35,3.66
16:42:34.119,52.9,17.9,10.8,14.28
16:42:34.119,97.9,25.1,-3.45,24.86
16:42:34.199,141.5,37.2,-29.11,23.16
16:42:34.199,186.5,21.8,-21.66,-2.47
16:42:34.199,231.5,36.1,-22.47,-28.25
16:42:34.199,276.5,49.8,5.64,-49.48
16:42:34.199,321.5,75.1,58.77,-46.75
16:42:34.199,6.5,26.6,26.43,3.01
16:42:34.199,51.5,17.0,10.58,13.3
16:42:34.199,96.5,25.4,-2.88,25.24
16:42:34.280,140.2,52.3,-40.18,33.48
16:42:34.280,185.2,40.8,-40.63,-3.7
16:42:34.280,230.2,37.7,-24.13,-28.96
16:42:34.280,275.2,50.7,4.6,-50.49
16:42:34.280,320.2,74.7,57.39,-47.82
16:42:34.280,5.2,24.3,24.2,2.2
16:42:34.280,50.2,17.9,11.46,13.75
16:42:34.280,95.2,16.7,-1.51,16.63
16:42:34.362,138.8,52.6,-39.58,34.65
16:42:34.362,183.8,39.9,-39.81,-2.64
16:42:34.362,228.8,37.3,-24.57,-28.07
16:42:34.362,273.8,52.5,3.48,-52.38
16:42:34.362,318.8,56.9,42.81,-37.48
16:42:34.362,3.8,26.0,25.94,1.72
16:42:34.362,48.8,29.1,19.17,21.9
16:42:34.362,93.8,16.7,-1.11,16.66
16:42:34.451,137.4,44.2,-32.54,29.92
16:42:34.451,182.4,39.4,-39.37,-1.65
16:42:34.451,227.4,36.8,-24.91,-27.09
16:42:34.451,272.4,197.3,8.26,-197.13
16:42:34.451,317.4,74.0,54.47,-50.09
16:42:34.451,2.4,35.3,35.27,1.48
16:42:34.451,47.4,16.3,11.03,12.0
16:42:34.451,92.4,16.7,-0.7,16.69
16:42:34.533,135.9,44.2,-31.74,30.76
16:42:34.533,180.9,41.0,-40.99,-0.64
16:42:34.533,225.9,36.4,-25.33,-26.14
16:42:34.533,270.9,56.6,0.89,-56.59
16:42:34.533,315.9,73.1,52.5,-50.87
16:42:34.533,0.9,19.3,19.3,0.3
16:42:34.533,45.9,17.3,12.04,12.42
16:42:34.533,90.9,16.7,-0.26,16.7
16:42:34.624,134.5,45.0,-31.54,32.1
16:42:34.624,179.5,41.0,-41.0,0.36
16:42:34.624,224.5,35.9,-25.61,-25.16
16:42:34.624,269.5,197.3,-1.72,-197.29
16:42:34.624,314.5,73.5,51.52,-52.42
16:42:34.624,359.5,18.4,18.4,-0.16
16:42:34.624,44.5,17.0,12.13,11.92
16:42:34.624,89.5,23.7,0.21,23.7
16:42:34.713,132.9,45.8,-31.18,33.55
16:42:34.713,177.9,41.0,-40.97,1.5
16:42:34.713,222.9,35.9,-26.3,-24.44
16:42:34.713,267.9,197.7,-7.24,-197.57
16:42:34.713,312.9,73.4,49.96,-53.77
16:42:34.713,357.9,16.1,16.09,-0.59
16:42:34.713,42.9,18.3,13.41,12.46
16:42:34.713,87.9,24.5,0.9,24.48
16:42:34.806,131.3,46.7,-30.82,35.08
16:42:34.806,176.3,40.5,-40.42,2.61
16:42:34.806,221.3,35.9,-26.97,-23.69
16:42:34.806,266.3,197.8,-12.76,-197.39
16:42:34.806,311.3,72.9,48.11,-54.77
16:42:34.806,356.3,17.7,17.66,-1.14
16:42:34.806,41.3,19.5,14.65,12.87
16:42:34.806,86.3,25.1,1.62,25.05
16:42:34.895,129.8,36.8,-23.56,28.27
16:42:34.895,174.8,40.6,-40.43,3.68
16:42:34.895,219.8,35.9,-27.58,-22.98
16:42:34.895,264.8,197.8,-17.93,-196.99
16:42:34.895,309.8,72.5,46.41,-55.7
16:42:34.895,354.8,16.7,16.63,-1.51
16:42:34.895,39.8,18.2,13.98,11.65
16:42:34.895,84.8,23.1,2.09,23.0
16:42:34.982,128.3,21.2,-13.14,16.64
16:42:34.982,173.3,41.0,-40.72,4.78
16:42:34.982,218.3,36.4,-28.57,-22.56
16:42:34.982,263.3,197.4,-23.03,-196.05
16:42:34.982,308.3,72.5,44.93,-56.9
16:42:34.982,353.3,17.0,16.88,-1.98
16:42:34.982,38.3,17.9,14.05,11.09
16:42:34.982,83.3,24.0,2.8,23.84
16:42:35.070,126.8,22.6,-13.54,18.1
16:42:35.070,171.8,41.0,-40.58,5.85
16:42:35.070,216.8,52.4,-41.96,-31.39
16:42:35.070,261.8,197.9,-28.23,-195.88
16:42:35.070,306.8,72.4,43.37,-57.97
16:42:35.070,351.8,16.1,15.94,-2.3
16:42:35.070,36.8,16.7,13.37,10.0
16:42:35.070,81.8,24.8,3.54,24.55
16:42:35.154,125.2,21.6,-12.45,17.65
16:42:35.154,170.2,41.5,-40.89,7.06
16:42:35.154,215.2,36.1,-29.5,-20.81
16:42:35.154,260.2,109.3,-18.6,-107.71
16:42:35.154,305.2,72.4,41.73,-59.16
16:42:35.154,350.2,16.1,15.87,-2.74
16:42:35.154,35.2,16.7,13.65,9.63
16:42:35.154,80.2,24.8,4.22,24.44
16:42:35.237,123.8,20.6,-11.46,17.12
16:42:35.237,168.8,44.1,-43.26,8.57
16:42:35.237,213.8,36.1,-30.0,-20.08
16:42:35.237,258.8,108.3,-21.04,-106.24
16:42:35.237,303.8,72.4,40.28,-60.16
16:42:35.237,348.8,16.1,15.79,-3.13
16:42:35.237,33.8,16.7,13.88,9.29
16:42:35.237,78.8,26.3,5.11,25.8
16:42:35.322,122.4,20.6,-11.04,17.39
16:42:35.322,167.4,43.3,-42.26,9.45
16:42:35.322,212.4,37.1,-31.32,-19.88
16:42:35.322,257.4,108.2,-23.6,-105.59
16:42:35.322,302.4,72.9,39.06,-61.55
16:42:35.322,347.4,16.4,16.01,-3.58
16:42:35.322,32.4,27.9,23.56,14.95
16:42:35.322,77.4,26.3,5.74,25.67
16:42:35.407,120.9,19.7,-10.12,16.9
16:42:35.407,165.9,42.4,-41.12,10.33
16:42:35.407,210.9,35.9,-30.8,-18.44
16:42:35.407,255.9,107.7,-26.24,-104.46
16:42:35.407,300.9,73.7,37.85,-63.24
16:42:35.407,345.9,16.4,15.91,-4.0
16:42:35.407,30.9,26.2,22.48,13.45
16:42:35.407,75.9,26.0,6.33,25.22
16:42:35.491,119.5,19.7,-9.7,17.15
16:42:35.491,164.5,42.9,-41.34,11.46
16:42:35.491,209.5,37.3,-32.46,-18.37
16:42:35.491,254.5,107.7,-28.78,-103.78
16:42:35.491,299.5,74.2,36.54,-64.58
16:42:35.491,344.5,16.4,15.8,-4.38
16:42:35.491,29.5,25.3,22.02,12.46
16:42:35.491,74.5,26.0,6.95,25.05
16:42:35.575,118.0,20.9,-9.81,18.45
16:42:35.575,163.0,44.3,-42.36,12.95
16:42:35.575,208.0,47.6,-42.03,-22.35
16:42:35.575,253.0,107.1,-31.31,-102.42
16:42:35.575,298.0,73.0,34.27,-64.46
16:42:35.575,343.0,16.4,15.68,-4.79
16:42:35.575,28.0,25.6,22.6,12.02
16:42:35.575,73.0,26.6,7.78,25.44
16:42:35.664,116.6,20.9,-9.36,18.69
16:42:35.664,161.6,150.9,-143.19,47.63
16:42:35.664,206.6,49.8,-44.53,-22.3
16:42:35.664,251.6,107.1,-33.81,-101.62
16:42:35.664,296.6,75.2,33.67,-67.24
16:42:35.664,341.6,16.4,15.56,-5.18
16:42:35.664,26.6,17.6,15.74,7.88
16:42:35.664,71.6,26.6,8.4,25.24
16:42:35.758,115.1,19.7,-8.36,17.84
16:42:35.758,160.1,44.9,-42.22,15.28
16:42:35.758,205.1,52.9,-47.9,-22.44
16:42:35.758,250.1,107.0,-36.42,-100.61
16:42:35.758,295.1,73.0,30.97,-66.11
16:42:35.758,340.1,16.4,15.42,-5.58
16:42:35.758,25.1,25.0,22.64,10.6
16:42:35.758,70.1,27.2,9.26,25.58
16:42:35.833,113.6,19.7,-7.89,18.05
16:42:35.833,158.6,44.1,-41.06,16.09
16:42:35.833,203.6,52.9,-48.48,-21.18
16:42:35.833,248.6,80.1,-29.23,-74.58
16:42:35.833,293.6,76.2,30.51,-69.83
16:42:35.833,338.6,16.4,15.27,-5.98
16:42:35.833,23.6,25.0,22.91,10.01
16:42:35.833,68.6,32.1,11.71,29.89
16:42:35.912,112.2,19.6,-7.41,18.15
16:42:35.912,157.2,50.4,-46.46,19.53
16:42:35.912,202.2,52.9,-48.98,-19.99
16:42:35.912,247.2,80.0,-31.0,-73.75
16:42:35.912,292.2,27.2,10.28,-25.18
16:42:35.912,337.2,16.4,15.12,-6.36
16:42:35.912,22.2,25.9,23.98,9.79
16:42:35.912,67.2,32.6,12.63,30.05
16:42:35.994,110.8,20.9,-7.42,19.54
16:42:35.994,155.8,46.9,-42.78,19.23
16:42:35.994,200.8,52.9,-49.45,-18.79
16:42:35.994,245.8,79.9,-32.75,-72.88
16:42:35.994,290.8,24.6,8.74,-23.0
16:42:35.994,335.8,16.4,14.96,-6.72
16:42:35.994,20.8,17.0,15.89,6.04
16:42:35.994,65.8,47.4,19.43,43.23
16:42:36.072,109.4,20.6,-6.84,19.43
16:42:36.072,154.4,43.1,-38.87,18.62
16:42:36.072,199.4,51.7,-48.76,-17.17
16:42:36.072,244.4,78.0,-33.7,-70.34
16:42:36.072,289.4,22.8,7.57,-21.51
16:42:36.072,334.4,16.4,14.79,-7.09
16:42:36.072,19.4,17.0,16.03,5.65
16:42:36.072,64.4,35.0,15.12,31.56
16:42:36.150,108.1,20.6,-6.4,19.58
16:42:36.150,153.1,43.1,-38.44,19.5
16:42:36.150,198.1,52.5,-49.9,-16.31
16:42:36.150,243.1,76.1,-34.43,-67.87
16:42:36.150,288.1,26.6,8.26,-25.28
16:42:36.150,333.1,18.0,16.05,-8.14
16:42:36.150,18.1,24.4,23.19,7.58
16:42:36.150,63.1,37.6,17.01,33.53
16:42:36.232,106.7,21.9,-6.29,20.98
16:42:36.232,151.7,37.1,-32.67,17.59
16:42:36.232,196.7,49.6,-47.51,-14.25
16:42:36.232,241.7,76.5,-36.27,-67.36
16:42:36.232,286.7,26.9,7.73,-25.77
16:42:36.232,331.7,17.0,14.97,-8.06
16:42:36.232,16.7,25.3,24.23,7.27
16:42:36.232,61.7,51.8,24.56,45.61
16:42:36.314,105.3,41.6,-10.98,40.13
16:42:36.314,150.3,37.1,-32.23,18.38
16:42:36.314,195.3,49.6,-47.84,-13.09
16:42:36.314,240.3,74.6,-36.96,-64.8
16:42:36.314,285.3,29.5,7.78,-28.45
16:42:36.314,330.3,17.1,14.85,-8.47
16:42:36.314,15.3,25.3,24.4,6.68
16:42:36.314,60.3,51.0,25.27,44.3
16:42:36.396,103.9,42.8,-10.28,41.55
16:42:36.396,148.9,39.2,-33.57,20.25
16:42:36.396,193.9,49.6,-48.15,-11.92
16:42:36.396,238.9,73.2,-37.81,-62.68
16:42:36.396,283.9,21.6,5.19,-20.97
16:42:36.396,328.9,19.3,16.53,-9.97
16:42:36.396,13.9,25.3,24.56,6.08
16:42:36.396,58.9,50.1,25.88,42.9
16:42:36.479,102.5,24.3,-5.26,23.72
16:42:36.479,147.5,44.3,-37.36,23.8
16:42:36.479,192.5,56.6,-55.26,-12.25
16:42:36.479,237.5,74.5,-40.03,-62.83
16:42:36.479,282.5,19.0,4.11,-18.55
16:42:36.479,327.5,19.0,16.02,-10.21
16:42:36.479,12.5,24.4,23.82,5.28
16:42:36.479,57.5,43.7,23.48,36.86
16:42:36.565,101.1,39.3,-7.57,38.56
16:42:36.565,146.1,44.7,-37.1,24.93
16:42:36.565,191.1,65.6,-64.37,-12.63
16:42:36.565,236.1,74.4,-41.5,-61.75
16:42:36.565,281.1,19.3,3.72,-18.94
16:42:36.565,326.1,16.4,13.61,-9.15
16:42:36.565,11.1,24.4,23.94,4.7
16:42:36.565,56.1,47.2,26.33,39.18
16:42:36.644,99.7,39.3,-6.62,38.74
16:42:36.644,144.7,50.5,-41.21,29.18
16:42:36.644,189.7,64.7,-63.78,-10.9
16:42:36.644,234.7,73.1,-42.24,-59.66
16:42:36.644,279.7,18.4,3.1,-18.14
16:42:36.644,324.7,16.1,13.14,-9.3
16:42:36.644,9.7,24.7,24.35,4.16
16:42:36.644,54.7,44.9,25.95,36.64
16:42:36.728,98.2,38.8,-5.53,38.4
16:42:36.728,143.2,56.8,-45.48,34.02
16:42:36.728,188.2,64.9,-64.24,-9.26
16:42:36.728,233.2,73.5,-44.03,-58.85
16:42:36.728,278.2,17.4,2.48,-17.22
16:42:36.728,323.2,17.4,13.93,-10.42
16:42:36.728,8.2,24.7,24.45,3.52
16:42:36.728,53.2,45.3,27.14,36.27
16:42:36.810,96.8,39.3,-4.65,39.02
16:42:36.810,141.8,36.2,-28.45,22.39
16:42:36.810,186.8,66.3,-65.83,-7.85
16:42:36.810,231.8,73.0,-45.14,-57.37
16:42:36.810,276.8,16.4,1.94,-16.28
16:42:36.810,321.8,18.7,14.7,-11.56
16:42:36.810,6.8,25.3,25.12,3.0
16:42:36.810,51.8,41.6,25.73,32.69
16:42:36.898,95.4,39.4,-3.71,39.23
16:42:36.898,140.4,36.2,-27.89,23.07
16:42:36.898,185.4,197.6,-196.72,-18.6
16:42:36.898,230.4,73.8,-47.04,-56.86
16:42:36.898,275.4,16.8,1.58,-16.73
16:42:36.898,320.4,19.6,15.1,-12.49
16:42:36.898,5.4,25.3,25.19,2.38
16:42:36.898,50.4,20.9,13.32,16.1
16:42:36.989,93.9,39.8,-2.71,39.71
16:42:36.989,138.9,36.2,-27.28,23.8
16:42:36.989,183.9,197.1,-196.64,-13.41
16:42:36.989,228.9,73.3,-48.19,-55.24
16:42:36.989,273.9,16.7,1.14,-16.66
16:42:36.989,318.9,18.4,13.87,-12.1
16:42:36.989,3.9,23.3,23.25,1.58
16:42:36.989,48.9,21.2,13.94,15.98
16:42:37.078,92.3,39.3,-1.58,39.27
16:42:37.078,137.3,36.2,-26.6,24.55
16:42:37.078,182.3,197.6,-197.44,-7.93
16:42:37.078,227.3,73.3,-49.71,-53.87
16:42:37.078,272.3,16.1,0.65,-16.09
16:42:37.078,317.3,17.0,12.49,-11.53
16:42:37.078,2.3,23.3,23.28,0.94
16:42:37.078,47.3,22.5,15.26,16.54
16:42:37.167,90.8,39.8,-0.56,39.8
16:42:37.167,135.8,36.2,-25.95,25.24
16:42:37.167,180.8,198.1,-198.08,-2.77
16:42:37.167,225.8,73.3,-51.1,-52.55
16:42:37.167,270.8,16.1,0.22,-16.1
16:42:37.167,315.8,17.1,12.26,-11.92
16:42:37.167,0.8,24.1,24.1,0.34
16:42:37.167,45.8,21.6,15.06,15.49
16:42:37.251,89.3,40.7,0.5,40.7
16:42:37.251,134.3,36.6,-25.56,26.19
16:42:37.251,179.3,109.5,-109.49,1.34
16:42:37.251,224.3,72.9,-52.17,-50.91
16:42:37.251,269.3,16.1,-0.2,-16.1
16:42:37.251,314.3,17.0,11.87,-12.17
16:42:37.251,359.3,25.0,25.0,-0.31
16:42:37.251,44.3,20.6,14.74,14.39
16:42:37.336,87.9,41.2,1.51,41.17
16:42:37.336,132.9,38.5,-26.21,28.2
16:42:37.336,177.9,142.5,-142.4,5.22
16:42:37.336,222.9,73.8,-54.06,-50.24
16:42:37.336,267.9,16.4,-0.6,-16.39
16:42:37.336,312.9,16.7,11.37,-12.23
16:42:37.336,357.9,26.5,26.48,-0.97
16:42:37.336,42.9,19.3,14.14,13.14
16:42:37.419,86.4,43.2,2.71,43.11
16:42:37.419,131.4,52.1,-34.45,39.08
16:42:37.419,176.4,108.8,-108.59,6.83
16:42:37.419,221.4,73.8,-55.36,-48.8
16:42:37.419,266.4,16.4,-1.03,-16.37
16:42:37.419,311.4,18.0,11.9,-13.5
16:42:37.419,356.4,25.6,25.55,-1.61
16:42:37.419,41.4,19.3,14.48,12.76
16:42:37.512,85.0,43.8,3.82,43.63
16:42:37.512,130.0,38.9,-25.0,29.8
16:42:37.512,175.0,107.9,-107.49,9.4
16:42:37.512,220.0,73.8,-56.53,-47.44
16:42:37.512,265.0,16.4,-1.43,-16.34
16:42:37.512,310.0,27.5,17.68,-21.07
16:42:37.512,355.0,25.3,25.2,-2.21
16:42:37.512,40.0,20.6,15.78,13.24
16:42:37.601,83.5,42.1,4.77,41.83
16:42:37.601,128.5,46.7,-29.07,36.55
16:42:37.601,173.5,107.8,-107.11,12.2
16:42:37.601,218.5,72.5,-56.74,-45.13
16:42:37.601,263.5,16.4,-1.86,-16.29
16:42:37.601,308.5,18.3,11.39,-14.32
16:42:37.601,353.5,25.3,25.14,-2.86
16:42:37.601,38.5,20.6,16.12,12.82
16:42:37.687,82.1,43.0,5.91,42.59
16:42:37.687,127.1,49.7,-29.98,39.64
16:42:37.687,172.1,107.8,-106.78,14.82
16:42:37.687,217.1,74.8,-59.66,-45.12
16:42:37.687,262.1,16.4,-2.25,-16.24
16:42:37.687,307.1,24.9,15.02,-19.86
16:42:37.687,352.1,26.2,25.95,-3.6
16:42:37.687,37.1,20.9,16.67,12.61
16:42:37.760,80.6,46.6,7.61,45.97
16:42:37.760,125.6,53.8,-31.32,43.74
16:42:37.760,170.6,106.8,-105.37,17.44
16:42:37.760,215.6,74.9,-60.9,-43.6
16:42:37.760,260.6,16.8,-2.74,-16.57
16:42:37.760,305.6,26.0,15.14,-21.14
16:42:37.760,350.6,25.9,25.55,-4.23
16:42:37.760,35.6,19.6,15.94,11.41
16:42:37.846,79.1,42.3,8.0,41.54
16:42:37.846,124.1,53.8,-30.16,44.55
16:42:37.846,169.1,106.8,-104.87,20.2
16:42:37.846,214.1,74.9,-62.02,-41.99
16:42:37.846,259.1,16.4,-3.1,-16.1
16:42:37.846,304.1,19.0,10.65,-15.73
16:42:37.846,349.1,26.8,26.32,-5.07
16:42:37.846,34.1,19.6,16.23,10.99
16:42:37.931,77.7,42.3,9.01,41.33
16:42:37.931,122.7,52.9,-28.58,44.52
16:42:37.931,167.7,106.8,-104.35,22.75
16:42:37.931,212.7,75.8,-63.79,-40.95
16:42:37.931,257.7,16.4,-3.49,-16.02
16:42:37.931,302.7,24.3,13.13,-20.45
16:42:37.931,347.7,27.4,26.77,-5.84
16:42:37.931,32.7,19.6,16.49,10.59
16:42:38.018,76.2,48.3,11.52,46.91
16:42:38.018,121.2,52.9,-27.4,45.25
16:42:38.018,166.2,106.7,-103.62,25.45
16:42:38.018,211.2,76.3,-65.26,-39.53
16:42:38.018,256.2,16.4,-3.91,-15.93
16:42:38.018,301.2,25.4,13.16,-21.73
16:42:38.018,346.2,32.7,31.76,-7.8
16:42:38.018,31.2,20.6,17.62,10.67
16:42:38.102,74.7,40.5,10.69,39.06
16:42:38.102,119.7,52.1,-25.81,45.26
16:42:38.102,164.7,107.1,-103.3,28.26
16:42:38.102,209.7,26.8,-23.28,-13.28
16:42:38.102,254.7,16.4,-4.33,-15.82
16:42:38.102,299.7,17.0,8.42,-14.77
16:42:38.102,344.7,37.5,36.17,-9.9
16:42:38.102,29.7,20.6,17.89,10.21
16:42:38.181,73.3,44.0,12.64,42.14
16:42:38.181,118.3,50.9,-24.13,44.82
16:42:38.181,163.3,75.5,-72.32,21.7
16:42:38.181,208.3,23.3,-20.52,-11.05
16:42:38.181,253.3,16.4,-4.71,-15.71
16:42:38.181,298.3,17.1,8.11,-15.06
16:42:38.181,343.3,56.6,54.21,-16.26
16:42:38.181,28.3,20.6,18.14,9.77
16:42:38.260,71.9,52.1,16.19,49.52
16:42:38.260,116.9,50.9,-23.03,45.39
16:42:38.260,161.9,74.6,-70.91,23.18
16:42:38.260,206.9,26.2,-23.37,-11.85
16:42:38.260,251.9,16.8,-5.22,-15.97
16:42:38.260,296.9,17.1,7.74,-15.25
16:42:38.260,341.9,36.1,34.31,-11.22
16:42:38.260,26.9,20.6,18.37,9.32
16:42:38.342,70.6,46.1,15.31,43.48
16:42:38.342,115.6,51.7,-22.34,46.62
16:42:38.342,160.6,75.0,-70.74,24.91
16:42:38.342,205.6,29.7,-26.78,-12.83
16:42:38.342,250.6,18.0,-5.98,-16.98
16:42:38.342,295.6,17.0,7.35,-15.33
16:42:38.342,340.6,36.1,34.05,-11.99
16:42:38.342,25.6,21.6,19.48,9.33
16:42:38.422,69.2,36.3,12.89,33.93
16:42:38.422,114.2,50.9,-20.87,46.43
16:42:38.422,159.2,75.0,-70.11,26.63
16:42:38.422,204.2,25.6,-23.35,-10.49
16:42:38.422,249.2,16.1,-5.72,-15.05
16:42:38.422,294.2,24.9,10.21,-22.71
16:42:38.422,339.2,53.8,50.29,-19.1
16:42:38.422,24.2,42.5,38.77,17.42
16:42:38.507,67.8,37.9,14.32,35.09
16:42:38.507,112.8,53.1,-20.58,48.95
16:42:38.507,157.8,75.2,-69.63,28.41
16:42:38.507,202.8,25.7,-23.69,-9.96
16:42:38.507,247.8,16.1,-6.08,-14.91
16:42:38.507,292.8,16.1,6.24,-14.84
16:42:38.507,337.8,51.1,47.31,-19.31
16:42:38.507,22.8,24.3,22.4,9.42
16:42:38.588,66.4,37.0,14.81,33.91
16:42:38.588,111.4,57.0,-20.8,53.07
16:42:38.588,156.4,74.3,-68.09,29.75
16:42:38.588,201.4,29.9,-27.84,-10.91
16:42:38.588,246.4,27.5,-11.01,-25.2
16:42:38.588,291.4,16.1,5.87,-14.99
16:42:38.588,336.4,50.8,46.55,-20.34
16:42:38.588,21.4,20.9,19.46,7.63
16:42:38.667,65.0,37.0,15.64,33.53
16:42:38.667,110.0,56.6,-19.36,53.19
16:42:38.667,155.0,74.7,-67.7,31.57
16:42:38.667,200.0,36.1,-33.92,-12.35
16:42:38.667,245.0,17.7,-7.48,-16.04
16:42:38.667,290.0,16.1,5.51,-15.13
16:42:38.667,335.0,51.1,46.31,-21.6
16:42:38.667,20.0,22.2,20.86,7.59
16:42:38.747,63.6,37.5,16.67,33.59
16:42:38.747,108.6,57.6,-18.37,54.59
16:42:38.747,153.6,74.6,-66.82,33.17
16:42:38.747,198.6,18.9,-17.91,-6.03
16:42:38.747,243.6,16.4,-7.29,-14.69
16:42:38.747,288.6,16.1,5.14,-15.26
16:42:38.747,333.6,44.8,40.13,-19.92
16:42:38.747,18.6,39.7,37.63,12.66
16:42:38.828,62.2,37.5,17.49,33.17
16:42:38.828,107.2,66.1,-19.55,63.14
16:42:38.828,152.2,74.1,-65.55,34.56
16:42:38.828,197.2,18.0,-17.2,-5.32
16:42:38.828,242.2,16.4,-7.65,-14.51
16:42:38.828,287.2,16.1,4.76,-15.38
16:42:38.828,332.2,44.8,39.63,-20.89
16:42:38.828,17.2,39.7,37.92,11.74
16:42:38.920,60.8,36.1,17.61,31.51
16:42:38.920,105.8,197.9,-53.88,190.42
16:42:38.920,150.8,74.1,-64.68,36.15
16:42:38.920,195.8,18.3,-17.61,-4.98
16:42:38.920,240.8,17.4,-8.49,-15.19
16:42:38.920,285.8,16.1,4.38,-15.49
16:42:38.920,330.8,45.6,39.81,-22.25
16:42:38.920,15.8,39.7,38.2,10.81
16:42:39.007,59.3,36.1,18.43,31.04
16:42:39.007,104.3,197.5,-48.78,191.38
16:42:39.007,149.3,73.6,-63.29,37.58
16:42:39.007,194.3,17.3,-16.76,-4.27
16:42:39.007,239.3,18.7,-9.55,-16.08
16:42:39.007,284.3,24.9,6.15,-24.13
16:42:39.007,329.3,46.0,39.55,-23.48
16:42:39.007,14.3,39.7,38.47,9.81
16:42:39.100,57.8,36.0,19.18,30.46
16:42:39.100,102.8,197.5,-43.76,192.59
16:42:39.100,147.8,73.6,-62.28,39.22
16:42:39.100,192.8,16.3,-15.89,-3.61
16:42:39.100,237.8,18.7,-9.96,-15.82
16:42:39.100,282.8,25.7,5.69,-25.06
16:42:39.100,327.8,47.6,40.28,-25.36
16:42:39.100,12.8,40.1,39.1,8.88
16:42:39.185,56.2,36.5,20.3,30.33
16:42:39.185,101.2,197.6,-38.38,193.84
16:42:39.185,146.2,74.0,-61.49,41.17
16:42:39.185,191.2,16.7,-16.38,-3.24
16:42:39.185,236.2,17.1,-9.51,-14.21
16:42:39.185,281.2,23.7,4.6,-23.25
16:42:39.185,326.2,21.5,17.87,-11.96
16:42:39.185,11.2,40.2,39.43,7.81
16:42:39.273,54.7,37.9,21.9,30.93
16:42:39.273,99.7,198.0,-33.36,195.17
16:42:39.273,144.7,73.5,-59.99,42.47
16:42:39.273,189.7,16.7,-16.46,-2.81
16:42:39.273,234.7,17.1,-9.88,-13.96
16:42:39.273,279.7,24.6,4.14,-24.25
16:42:39.273,324.7,21.5,17.55,-12.42
16:42:39.273,9.7,40.6,40.02,6.84
16:42:39.362,53.2,36.3,21.74,29.07
16:42:39.362,98.2,198.5,-28.31,196.47
16:42:39.362,143.2,73.1,-58.53,43.79
16:42:39.362,188.2,17.0,-16.83,-2.42
16:42:39.362,233.2,17.1,-10.24,-13.69
16:42:39.362,278.2,24.6,3.51,-24.35
16:42:39.362,323.2,21.8,17.46,-13.06
16:42:39.362,8.2,41.1,40.68,5.86
16:42:39.450,51.7,36.3,22.5,28.49
16:42:39.450,96.7,199.0,-23.22,197.64
16:42:39.450,141.7,73.5,-57.68,45.55
16:42:39.450,186.7,16.0,-15.89,-1.87
16:42:39.450,231.7,17.1,-10.6,-13.42
16:42:39.450,276.7,25.1,2.93,-24.93
16:42:39.450,321.7,22.1,17.34,-13.7
16:42:39.450,6.7,41.6,41.32,4.85
16:42:39.528,50.2,36.3,23.24,27.89
16:42:39.528,95.2,45.3,-4.11,45.11
16:42:39.528,140.2,73.5,-56.47,47.05
16:42:39.528,185.2,16.0,-15.93,-1.45
16:42:39.528,230.2,17.1,-10.95,-13.14
16:42:39.528,275.2,25.2,2.28,-25.1
16:42:39.528,320.2,20.8,15.98,-13.31
16:42:39.528,5.2,42.0,41.83,3.81
16:42:39.608,48.8,37.2,24.5,27.99
16:42:39.608,93.8,44.1,-2.92,44.0
16:42:39.608,138.8,56.6,-42.59,37.28
16:42:39.608,183.8,16.0,-15.96,-1.06
16:42:39.608,228.8,26.3,-17.32,-19.79
16:42:39.608,273.8,26.0,1.72,-25.94
16:42:39.608,318.8,19.9,14.97,-13.11
16:42:39.608,3.8,40.4,40.31,2.68
16:42:39.693,47.5,37.7,25.47,27.8
16:42:39.693,92.5,108.3,-4.72,108.2
16:42:39.693,137.5,73.2,-53.97,49.45
16:42:39.693,182.5,16.4,-16.38,-0.72
16:42:39.693,227.5,18.7,-12.63,-13.79
16:42:39.693,272.5,25.7,1.12,-25.68
16:42:39.693,317.5,19.9,14.67,-13.44
16:42:39.693,2.5,40.4,40.36,1.76
16:42:39.778,46.0,36.1,25.08,25.97
16:42:39.778,91.0,107.4,-1.87,107.38
16:42:39.778,136.0,74.1,-53.3,51.47
16:42:39.778,181.0,16.3,-16.3,-0.28
16:42:39.778,226.0,24.9,-17.3,-17.91
16:42:39.778,271.0,25.7,0.45,-25.7
16:42:39.778,316.0,19.9,14.31,-13.82
16:42:39.778,1.0,43.9,43.89,0.77
16:42:39.857,44.6,37.0,26.34,25.98
16:42:39.857,89.6,40.6,0.28,40.6
16:42:39.857,134.6,74.5,-52.31,53.05
16:42:39.857,179.6,16.3,-16.3,0.11
16:42:39.857,224.6,24.0,-17.09,-16.85
16:42:39.857,269.6,26.3,-0.18,-26.3
16:42:39.857,314.6,21.1,14.82,-15.02
16:42:39.857,359.6,40.6,40.6,-0.28
16:42:39.945,43.2,50.2,36.59,34.36
16:42:39.945,88.2,107.2,3.37,107.15
16:42:39.945,133.2,72.8,-49.84,53.07
16:42:39.945,178.2,16.3,-16.29,0.51
16:42:39.945,223.2,19.3,-14.07,-13.21
16:42:39.945,268.2,26.0,-0.82,-25.99
16:42:39.945,313.2,21.1,14.44,-15.38
16:42:39.945,358.2,42.7,42.68,-1.34
16:42:40.029,41.7,52.4,39.12,34.86
16:42:40.029,86.7,107.2,6.17,107.02
16:42:40.029,131.7,76.0,-50.56,56.74
16:42:40.029,176.7,16.3,-16.27,0.94
16:42:40.029,221.7,24.6,-18.37,-16.36
16:42:40.029,266.7,26.0,-1.5,-25.96
16:42:40.029,311.7,19.9,13.24,-14.86
16:42:40.029,356.7,51.6,51.51,-2.97
16:42:40.113,40.3,52.9,40.35,34.22
16:42:40.113,85.3,107.1,8.78,106.74
16:42:40.113,130.3,75.2,-48.64,57.35
16:42:40.113,175.3,16.3,-16.25,1.34
16:42:40.113,220.3,25.5,-19.45,-16.49
16:42:40.113,265.3,27.5,-2.25,-27.41
16:42:40.113,310.3,19.9,12.87,-15.18
16:42:40.113,355.3,47.4,47.24,-3.88
16:42:40.195,38.8,52.6,40.99,32.96
16:42:40.195,83.8,107.1,11.57,106.47
16:42:40.195,128.8,29.1,-18.23,22.68
16:42:40.195,173.8,16.4,-16.3,1.77
16:42:40.195,218.8,25.5,-19.87,-15.98
16:42:40.195,263.8,31.1,-3.36,-30.92
16:42:40.195,308.8,19.9,12.47,-15.51
16:42:40.195,353.8,43.5,43.25,-4.7
16:42:40.277,37.4,50.0,39.72,30.37
16:42:40.277,82.4,107.1,14.16,106.16
16:42:40.277,127.4,26.5,-16.1,21.05
16:42:40.277,172.4,16.3,-16.16,2.16
16:42:40.277,217.4,16.1,-12.79,-9.78
16:42:40.277,262.4,37.2,-4.92,-36.87
16:42:40.277,307.4,21.1,12.82,-16.76
16:42:40.277,352.4,43.1,42.72,-5.7
16:42:40.359,36.0,50.0,40.45,29.39
16:42:40.359,81.0,106.7,16.69,105.39
16:42:40.359,126.0,29.9,-17.57,24.19
16:42:40.359,171.0,16.4,-16.2,2.57
16:42:40.359,216.0,16.1,-13.03,-9.46
16:42:40.359,261.0,36.5,-5.71,-36.05
16:42:40.359,306.0,20.8,12.23,-16.83
16:42:40.359,351.0,36.7,36.25,-5.74
16:42:40.440,34.6,50.5,41.57,28.68
16:42:40.440,79.6,81.2,14.66,79.87
16:42:40.440,124.6,28.5,-16.18,23.46
16:42:40.440,169.6,18.0,-17.7,3.25
16:42:40.440,214.6,24.9,-20.5,-14.14
16:42:40.440,259.6,37.4,-6.75,-36.79
16:42:40.440,304.6,20.8,11.81,-17.12
16:42:40.440,349.6,36.2,35.61,-6.53
16:42:40.520,33.2,50.5,42.26,27.65
16:42:40.520,78.2,76.2,15.58,74.59
16:42:40.520,123.2,30.2,-16.54,25.27
16:42:40.520,168.2,17.0,-16.64,3.48
16:42:40.520,213.2,24.9,-20.84,-13.63
16:42:40.520,258.2,51.7,-10.57,-50.61
16:42:40.520,303.2,23.0,12.59,-19.25
16:42:40.520,348.2,36.2,35.43,-7.4
16:42:40.606,31.8,51.1,43.43,26.93
16:42:40.606,76.8,76.1,17.38,74.09
16:42:40.606,121.8,27.1,-14.28,23.03
16:42:40.606,166.8,18.0,-17.52,4.11
16:42:40.606,211.8,25.7,-21.84,-13.54
16:42:40.606,256.8,52.9,-12.08,-51.5
16:42:40.606,301.8,40.9,21.55,-34.76
16:42:40.606,346.8,36.2,35.24,-8.27
16:42:40.686,30.4,52.4,45.2,26.52
16:42:40.686,75.4,75.6,19.06,73.16
16:42:40.686,120.4,29.7,-15.03,25.62
16:42:40.686,165.4,36.1,-34.93,9.1
16:42:40.686,210.4,22.8,-19.67,-11.54
16:42:40.686,255.4,52.1,-13.13,-50.42
16:42:40.686,300.4,21.5,10.88,-18.54
16:42:40.686,345.4,35.7,34.55,-9.0
16:42:40.767,29.0,56.7,49.59,27.49
16:42:40.767,74.0,75.1,20.7,72.19
16:42:40.767,119.0,19.6,-9.5,17.14
16:42:40.767,164.0,17.3,-16.63,4.77
16:42:40.767,209.0,16.4,-14.34,-7.95
16:42:40.767,254.0,45.8,-12.62,-44.03
16:42:40.767,299.0,22.4,10.86,-19.59
16:42:40.767,344.0,36.9,35.47,-10.17
16:42:40.849,27.6,56.8,50.34,26.32
16:42:40.849,72.6,75.9,22.7,72.43
16:42:40.849,117.6,18.6,-8.62,16.48
16:42:40.849,162.6,17.3,-16.51,5.17
16:42:40.849,207.6,16.4,-14.53,-7.6
16:42:40.849,252.6,44.4,-13.28,-42.37
16:42:40.849,297.6,40.0,18.53,-35.45
16:42:40.849,342.6,36.9,35.21,-11.03
16:42:40.934,26.2,58.7,52.67,25.92
16:42:40.934,71.2,74.5,24.01,70.53
16:42:40.934,116.2,18.9,-8.34,16.96
16:42:40.934,161.2,17.3,-16.38,5.58
16:42:40.934,206.2,16.4,-14.72,-7.24
16:42:40.934,251.2,44.4,-14.31,-42.03
16:42:40.934,296.2,41.6,18.37,-37.33
16:42:40.934,341.2,36.5,34.55,-11.76
16:42:41.021,24.8,197.5,179.29,82.84
16:42:41.021,69.8,74.9,25.86,70.29
16:42:41.021,114.8,16.7,-7.0,15.16
16:42:41.021,159.8,18.3,-17.17,6.32
16:42:41.021,204.8,25.2,-22.88,-10.57
16:42:41.021,249.8,45.2,-15.61,-42.42
16:42:41.021,294.8,39.1,16.4,-35.49
16:42:41.021,339.8,36.9,34.63,-12.74
16:42:41.112,23.2,197.9,181.9,77.96
16:42:41.112,68.2,74.9,27.82,69.54
16:42:41.112,113.2,17.0,-6.7,15.63
16:42:41.112,158.2,19.6,-18.2,7.28
16:42:41.112,203.2,17.4,-15.99,-6.85
16:42:41.112,248.2,37.9,-14.07,-35.19
16:42:41.112,293.2,39.1,15.4,-35.94
16:42:41.112,338.2,37.4,34.73,-13.89
16:42:41.201,21.7,197.1,183.13,72.88
16:42:41.201,66.7,74.8,29.59,68.7
16:42:41.201,111.7,17.3,-6.4,16.07
16:42:41.201,156.7,19.2,-17.63,7.59
16:42:41.201,201.7,23.7,-22.02,-8.76
16:42:41.201,246.7,41.4,-16.38,-38.02
16:42:41.201,291.7,39.5,14.6,-36.7
16:42:41.201,336.7,36.2,33.25,-14.32
16:42:41.291,20.1,197.1,185.1,67.74
16:42:41.291,65.1,73.9,31.11,67.03
16:42:41.291,110.1,16.3,-5.6,15.31
16:42:41.291,155.1,16.7,-15.15,7.03
16:42:41.291,200.1,23.7,-22.26,-8.14
16:42:41.291,245.1,22.8,-9.6,-20.68
16:42:41.291,290.1,39.5,13.57,-37.09
16:42:41.291,335.1,36.2,32.83,-15.24
16:42:41.378,18.6,109.1,103.4,34.8
16:42:41.378,63.6,73.9,32.86,66.19
16:42:41.378,108.6,16.3,-5.2,15.45
16:42:41.378,153.6,16.7,-14.96,7.43
16:42:41.378,198.6,23.7,-22.46,-7.56
16:42:41.378,243.6,23.1,-10.27,-20.69
16:42:41.378,288.6,40.0,12.76,-37.91
16:42:41.378,333.6,36.7,32.87,-16.32
16:42:41.459,17.2,108.1,103.27,31.97
16:42:41.459,62.2,74.8,34.89,66.17
16:42:41.459,107.2,16.7,-4.94,15.95
16:42:41.459,152.2,16.7,-14.77,7.79
16:42:41.459,197.2,24.6,-23.5,-7.27
16:42:41.459,242.2,22.2,-10.35,-19.64
16:42:41.459,287.2,40.5,11.98,-38.69
16:42:41.459,332.2,36.7,32.46,-17.12
16:42:41.543,15.7,108.0,103.97,29.22
16:42:41.543,60.7,74.8,36.61,65.23
16:42:41.543,105.7,16.7,-4.52,16.08
16:42:41.543,150.7,16.7,-14.56,8.17
16:42:41.543,195.7,25.5,-24.55,-6.9
16:42:41.543,240.7,20.9,-10.23,-18.23
16:42:41.543,285.7,40.9,11.07,-39.37
16:42:41.543,330.7,36.0,31.39,-17.62
16:42:41.627,14.3,107.9,104.56,26.65
16:42:41.627,59.3,75.3,38.44,64.75
16:42:41.627,104.3,16.7,-4.12,16.18
16:42:41.627,149.3,29.4,-25.28,15.01
16:42:41.627,194.3,26.1,-25.29,-6.45
16:42:41.627,239.3,20.0,-10.21,-17.2
16:42:41.627,284.3,44.0,10.87,-42.64
16:42:41.627,329.3,36.0,30.95,-18.38
16:42:41.711,12.8,107.4,104.73,23.79
16:42:41.711,57.8,75.8,40.39,64.14
16:42:41.711,102.8,16.7,-3.7,16.28
16:42:41.711,147.8,26.2,-22.17,13.96
16:42:41.711,192.8,25.8,-25.16,-5.72
16:42:41.711,237.8,20.0,-10.66,-16.92
16:42:41.711,282.8,41.9,9.28,-40.86
16:42:41.711,327.8,36.5,30.89,-19.45
16:42:41.796,11.4,107.8,105.67,21.31
16:42:41.796,56.4,74.9,41.45,62.39
16:42:41.796,101.4,16.7,-3.3,16.37
16:42:41.796,146.4,25.3,-21.07,14.0
16:42:41.796,191.4,25.7,-25.19,-5.08
16:42:41.796,236.4,20.0,-11.07,-16.66
16:42:41.796,281.4,42.3,8.36,-41.47
16:42:41.796,326.4,37.4,31.15,-20.7
16:42:41.881,9.9,107.3,105.7,18.45
16:42:41.881,54.9,75.4,43.36,61.69
16:42:41.881,99.9,17.0,-2.92,16.75
16:42:41.881,144.9,25.7,-21.03,14.78
16:42:41.881,189.9,26.6,-26.2,-4.57
16:42:41.881,234.9,21.2,-12.19,-17.34
16:42:41.881,279.9,44.2,7.6,-43.54
16:42:41.881,324.9,44.0,36.0,-25.3
16:42:41.968,8.5,106.8,105.63,15.79
16:42:41.968,53.5,76.3,45.38,61.33
16:42:41.968,98.5,17.0,-2.51,16.81
16:42:41.968,143.5,17.6,-14.15,10.47
16:42:41.968,188.5,26.3,-26.01,-3.89
16:42:41.968,233.5,21.2,-12.61,-17.04
16:42:41.968,278.5,42.1,6.22,-41.64
16:42:41.968,323.5,45.8,36.82,-27.24
16:42:42.049,7.0,107.2,106.4,13.06
16:42:42.049,52.0,76.4,47.04,60.2
16:42:42.049,97.0,17.0,-2.07,16.87
16:42:42.049,142.0,17.6,-13.87,10.84
16:42:42.049,187.0,26.1,-25.91,-3.18
16:42:42.049,232.0,19.9,-12.25,-15.68
16:42:42.049,277.0,43.0,5.24,-42.68
16:42:42.049,322.0,49.8,39.24,-30.66
16:42:42.135,5.6,106.8,106.29,10.42
16:42:42.135,50.6,76.8,48.75,59.35
16:42:42.135,95.6,17.0,-1.66,16.92
16:42:42.135,140.6,25.1,-19.4,15.93
16:42:42.135,185.6,27.8,-27.67,-2.71
16:42:42.135,230.6,20.0,-12.69,-15.45
16:42:42.135,275.6,56.5,5.51,-56.23
16:42:42.135,320.6,52.8,40.8,-33.51
16:42:42.220,4.1,81.9,81.69,5.86
16:42:42.220,49.1,77.4,50.68,58.5
16:42:42.220,94.1,17.0,-1.22,16.96
16:42:42.220,139.1,26.2,-19.8,17.15
16:42:42.220,184.1,29.3,-29.23,-2.09
16:42:42.220,229.1,19.9,-13.03,-15.04
16:42:42.220,274.1,44.6,3.19,-44.49
16:42:42.220,319.1,52.5,39.68,-34.37
16:42:42.300,2.7,76.0,75.92,3.58
16:42:42.300,47.7,27.7,18.64,20.49
16:42:42.300,92.7,17.0,-0.8,16.98
16:42:42.300,137.7,17.0,-12.57,11.44
16:42:42.300,182.7,36.3,-36.26,-1.71
16:42:42.300,227.7,21.2,-14.27,-15.68
16:42:42.300,272.7,43.8,2.06,-43.75
16:42:42.300,317.7,49.6,36.69,-33.38
16:42:42.380,1.3,78.5,78.48,1.78
16:42:42.380,46.3,26.0,17.96,18.8
16:42:42.380,91.3,17.0,-0.39,17.0
16:42:42.380,136.3,17.0,-12.29,11.75
16:42:42.380,181.3,49.7,-49.69,-1.13
16:42:42.380,226.3,20.9,-14.44,-15.11
16:42:42.380,271.3,48.8,1.11,-48.79
16:42:42.380,316.3,49.6,35.86,-34.27
16:42:42.461,0.0,75.4,75.4,0.0
16:42:42.461,45.0,30.2,21.35,21.35
16:42:42.461,90.0,18.6,0.0,18.6
16:42:42.461,135.0,24.5,-17.32,17.32
16:42:42.461,180.0,34.0,-34.0,0.0
16:42:42.461,225.0,20.9,-14.78,-14.78
16:42:42.461,270.0,45.4,-0.0,-45.4
16:42:42.461,315.0,50.1,35.43,-35.43
16:42:42.542,0.0,74.9,74.9,0.0
16:42:42.542,45.0,30.2,21.35,21.35
16:42:42.542,90.0,18.6,0.0,18.6
16:42:42.542,135.0,25.3,-17.89,17.89
16:42:42.542,180.0,34.0,-34.0,0.0
16:42:42.542,225.0,20.9,-14.78,-14.78
16:42:42.542,270.0,42.8,-0.0,-42.8
16:42:42.542,315.0,50.1,35.43,-35.43
16:42:42.624,0.0,75.7,75.7,0.0
16:42:42.624,45.0,78.1,55.23,55.23
16:42:42.624,90.0,16.4,0.0,16.4
16:42:42.624,135.0,25.4,-17.96,17.96
16:42:42.624,180.0,34.0,-34.0,0.0
16:42:42.624,225.0,20.9,-14.78,-14.78
16:42:42.624,270.0,44.6,-0.0,-44.6
16:42:42.624,315.0,50.1,35.43,-35.43
16:42:42.716,0.0,75.7,75.7,0.0
16:42:42.716,45.0,78.5,55.51,55.51
16:42:42.716,90.0,16.3,0.0,16.3
16:42:42.716,135.0,25.3,-17.89,17.89
16:42:42.716,180.0,34.0,-34.0,0.0
16:42:42.716,225.0,20.9,-14.78,-14.78
16:42:42.716,270.0,38.2,-0.0,-38.2
16:42:42.716,315.0,50.1,35.43,-35.43
16:42:42.790,0.0,75.8,75.8,0.0
16:42:42.790,45.0,78.9,55.79,55.79
16:42:42.790,90.0,16.3,0.0,16.3
16:42:42.790,135.0,25.3,-17.89,17.89
16:42:42.790,180.0,34.0,-34.0,0.0
16:42:42.790,225.0,20.9,-14.78,-14.78
16:42:42.790,270.0,45.0,-0.0,-45.0
16:42:42.790,315.0,50.1,35.43,-35.43
16:42:42.873,0.0,75.3,75.3,0.0
16:42:42.873,45.0,78.9,55.79,55.79
16:42:42.873,90.0,16.4,0.0,16.4
16:42:42.873,135.0,25.3,-17.89,17.89
16:42:42.873,180.0,34.0,-34.0,0.0
16:42:42.873,225.0,20.9,-14.78,-14.78
16:42:42.873,270.0,42.8,-0.0,-42.8
16:42:42.873,315.0,50.1,35.43,-35.43
16:42:42.955,0.0,74.5,74.5,0.0
16:42:42.955,45.0,78.5,55.51,55.51
16:42:42.955,90.0,16.3,0.0,16.3
16:42:42.955,135.0,25.3,-17.89,17.89
16:42:42.955,180.0,34.0,-34.0,0.0
16:42:42.955,225.0,20.9,-14.78,-14.78
16:42:42.955,270.0,45.0,-0.0,-45.0
16:42:42.955,315.0,49.7,35.14,-35.14
16:42:43.038,0.0,74.0,74.0,0.0
16:42:43.038,45.0,78.9,55.79,55.79
16:42:43.038,90.0,17.6,0.0,17.6
16:42:43.038,135.0,25.3,-17.89,17.89
16:42:43.038,180.0,34.0,-34.0,0.0
16:42:43.038,225.0,20.9,-14.78,-14.78
16:42:43.038,270.0,42.8,-0.0,-42.8
16:42:43.038,315.0,50.1,35.43,-35.43
16:42:43.134,0.0,75.3,75.3,0.0
16:42:43.134,45.0,78.5,55.51,55.51
16:42:43.134,90.0,16.4,0.0,16.4
16:42:43.134,135.0,25.3,-17.89,17.89
16:42:43.134,180.0,34.0,-34.0,0.0
16:42:43.134,225.0,20.9,-14.78,-14.78
16:42:43.134,270.0,38.2,-0.0,-38.2
16:42:43.134,315.0,50.1,35.43,-35.43
16:42:43.207,0.0,74.9,74.9,0.0
16:42:43.207,45.0,78.5,55.51,55.51
16:42:43.207,90.0,16.3,0.0,16.3
16:42:43.207,135.0,25.3,-17.89,17.89
16:42:43.207,180.0,34.0,-34.0,0.0
16:42:43.207,225.0,20.9,-14.78,-14.78
16:42:43.207,270.0,44.6,-0.0,-44.6
16:42:43.207,315.0,50.1,35.43,-35.43
16:42:43.286,0.0,74.9,74.9,0.0
16:42:43.286,45.0,78.5,55.51,55.51
16:42:43.286,90.0,16.3,0.0,16.3
16:42:43.286,135.0,25.3,-17.89,17.89
16:42:43.286,180.0,34.0,-34.0,0.0
16:42:43.286,225.0,20.9,-14.78,-14.78
16:42:43.286,270.0,44.6,-0.0,-44.6
16:42:43.286,315.0,50.1,35.43,-35.43
16:42:43.371,0.0,74.8,74.8,0.0
16:42:43.371,45.0,77.6,54.87,54.87
16:42:43.371,90.0,16.3,0.0,16.3
16:42:43.371,135.0,25.3,-17.89,17.89
16:42:43.371,180.0,34.0,-34.0,0.0
16:42:43.371,225.0,20.9,-14.78,-14.78
16:42:43.371,270.0,44.6,-0.0,-44.6
16:42:43.371,315.0,50.1,35.43,-35.43
16:42:43.448,0.0,74.9,74.9,0.0
16:42:43.448,45.0,78.9,55.79,55.79
16:42:43.448,90.0,16.3,0.0,16.3
16:42:43.448,135.0,25.3,-17.89,17.89
16:42:43.448,180.0,34.0,-34.0,0.0
16:42:43.448,225.0,20.9,-14.78,-14.78
16:42:43.448,270.0,47.6,-0.0,-47.6
16:42:43.448,315.0,50.1,35.43,-35.43
16:42:43.530,0.0,74.0,74.0,0.0
16:42:43.530,45.0,78.1,55.23,55.23
16:42:43.530,90.0,17.6,0.0,17.6
16:42:43.530,135.0,25.3,-17.89,17.89
16:42:43.530,180.0,34.0,-34.0,0.0
16:42:43.530,225.0,20.9,-14.78,-14.78
16:42:43.530,270.0,47.6,-0.0,-47.6
16:42:43.530,315.0,50.1,35.43,-35.43
16:42:43.614,1.5,74.9,74.87,1.96
16:42:43.614,46.5,78.9,54.31,57.23
16:42:43.614,91.5,16.3,-0.43,16.29
16:42:43.614,136.5,25.3,-18.35,17.42
16:42:43.614,181.5,34.0,-33.99,-0.89
16:42:43.614,226.5,20.9,-14.39,-15.16
16:42:43.614,271.5,47.6,1.25,-47.58
16:42:43.614,316.5,50.1,36.34,-34.49
16:42:43.697,3.0,75.3,75.2,3.94
16:42:43.697,48.0,78.5,52.53,58.34
16:42:43.697,93.0,16.3,-0.85,16.28
16:42:43.697,138.0,25.3,-18.8,16.93
16:42:43.697,183.0,34.0,-33.95,-1.78
16:42:43.697,228.0,20.9,-13.98,-15.53
16:42:43.697,273.0,47.6,2.49,-47.53
16:42:43.697,318.0,50.1,37.23,-33.52
16:42:43.779,4.5,74.9,74.67,5.88
16:42:43.779,49.5,30.2,19.61,22.96
16:42:43.779,94.5,18.6,-1.46,18.54
16:42:43.779,139.5,24.5,-18.63,15.91
16:42:43.779,184.5,34.0,-33.9,-2.67
16:42:43.779,229.5,20.9,-13.57,-15.89
16:42:43.779,274.5,47.2,3.7,-47.05
16:42:43.779,319.5,50.1,38.1,-32.54
16:42:43.856,5.9,75.4,75.0,7.75
16:42:43.856,50.9,29.4,18.54,22.82
16:42:43.856,95.9,18.3,-1.88,18.2
16:42:43.856,140.9,17.0,-13.19,10.72
16:42:43.856,185.9,33.4,-33.22,-3.43
16:42:43.856,230.9,20.9,-13.18,-16.22
16:42:43.856,275.9,43.4,4.46,-43.17
16:42:43.856,320.9,49.6,38.49,-31.28
16:42:43.940,7.3,75.5,74.89,9.59
16:42:43.940,52.3,25.9,15.84,20.49
16:42:43.940,97.3,17.0,-2.16,16.86
16:42:43.940,142.3,17.0,-13.45,10.4
16:42:43.940,187.3,50.2,-49.79,-6.38
16:42:43.940,232.3,21.2,-12.96,-16.77
16:42:43.940,277.3,43.8,5.57,-43.44
16:42:43.940,322.3,50.4,39.88,-30.82
16:42:44.016,8.8,77.3,76.39,11.83
16:42:44.016,53.8,26.8,15.83,21.63
16:42:44.016,98.8,17.0,-2.6,16.8
16:42:44.016,143.8,17.0,-13.72,10.04
16:42:44.016,188.8,33.2,-32.81,-5.08
16:42:44.016,233.8,19.9,-11.75,-16.06
16:42:44.016,278.8,42.8,6.55,-42.3
16:42:44.016,323.8,52.5,42.37,-31.01
16:42:44.120,10.2,80.1,78.83,14.18
16:42:44.120,55.2,77.4,44.17,63.56
16:42:44.120,100.2,17.0,-3.01,16.73
16:42:44.120,145.2,25.9,-21.27,14.78
16:42:44.120,190.2,30.0,-29.53,-5.31
16:42:44.120,235.2,20.0,-11.41,-16.42
16:42:44.120,325.2,52.3,42.95,-29.85
16:42:44.203,12.1,81.1,79.3,17.0
16:42:44.203,57.1,76.8,41.72,64.48
16:42:44.203,102.1,17.0,-3.56,16.62
16:42:44.203,147.1,25.1,-21.07,13.63
16:42:44.203,192.1,26.1,-25.52,-5.47
16:42:44.203,237.1,20.0,-10.86,-16.79
16:42:44.203,282.1,43.0,9.01,-42.04
16:42:44.203,327.1,50.1,42.06,-27.21
16:42:44.292,13.6,106.8,103.81,25.11
16:42:44.292,58.6,76.4,39.81,65.21
16:42:44.292,103.6,17.0,-4.0,16.52
16:42:44.292,148.6,17.6,-15.02,9.17
16:42:44.292,193.6,26.3,-25.56,-6.18
16:42:44.292,238.6,21.2,-11.05,-18.1
16:42:44.292,283.6,151.2,35.55,-146.96
16:42:44.292,328.6,48.0,40.97,-25.01
16:42:44.378,15.2,106.8,103.06,28.0
16:42:44.378,60.2,76.3,37.92,66.21
16:42:44.378,105.2,17.0,-4.46,16.41
16:42:44.378,150.2,25.6,-22.21,12.72
16:42:44.378,195.2,26.6,-25.67,-6.97
16:42:44.378,240.2,20.0,-9.94,-17.36
16:42:44.378,285.2,42.8,11.22,-41.3
16:42:44.378,330.2,46.2,40.09,-22.96
16:42:44.463,16.7,107.3,102.77,30.83
16:42:44.463,61.7,75.4,35.75,66.39
16:42:44.463,106.7,15.7,-4.51,15.04
16:42:44.463,151.7,25.3,-22.28,11.99
16:42:44.463,196.7,25.8,-24.71,-7.41
16:42:44.463,241.7,20.0,-9.48,-17.61
16:42:44.463,286.7,42.3,12.16,-40.52
16:42:44.463,331.7,54.0,47.55,-25.6
16:42:44.549,18.3,107.4,101.97,33.72
16:42:44.549,63.3,75.4,33.88,67.36
16:42:44.549,108.3,16.7,-5.24,15.86
16:42:44.549,153.3,26.2,-23.41,11.77
16:42:44.549,198.3,26.1,-24.78,-8.2
16:42:44.549,243.3,19.9,-8.94,-17.78
16:42:44.549,288.3,41.8,13.12,-39.69
16:42:44.549,333.3,36.9,32.97,-16.58
16:42:44.633,19.8,107.5,101.14,36.41
16:42:44.633,64.8,74.4,31.68,67.32
16:42:44.633,109.8,16.7,-5.66,15.71
16:42:44.633,154.8,34.6,-31.31,14.73
16:42:44.633,199.8,26.1,-24.56,-8.84
16:42:44.633,244.8,20.0,-8.52,-18.1
16:42:44.633,289.8,40.9,13.85,-38.48
16:42:44.633,334.8,36.0,32.57,-15.33
16:42:44.716,21.3,108.4,101.0,39.38
16:42:44.716,66.3,74.4,29.9,68.13
16:42:44.716,111.3,16.7,-6.07,15.56
16:42:44.716,156.3,16.7,-15.29,6.71
16:42:44.716,201.3,25.5,-23.76,-9.26
16:42:44.716,246.3,20.9,-8.4,-19.14
16:42:44.716,291.3,40.5,14.71,-37.73
16:42:44.716,336.3,37.2,34.06,-14.95
16:42:44.802,22.8,107.7,99.28,41.74
16:42:44.802,67.8,74.8,28.26,69.26
16:42:44.802,112.8,16.4,-6.36,15.12
16:42:44.802,157.8,16.7,-15.46,6.31
16:42:44.802,202.8,24.6,-22.68,-9.53
16:42:44.802,247.8,23.1,-8.73,-21.39
16:42:44.802,292.8,40.0,15.5,-36.87
16:42:44.802,337.8,36.7,33.98,-13.87
16:42:44.883,24.3,109.5,99.8,45.06
16:42:44.883,69.3,74.8,26.44,69.97
16:42:44.883,114.3,16.4,-6.75,14.95
16:42:44.883,159.3,16.7,-15.62,5.9
16:42:44.883,204.3,23.7,-21.6,-9.75
16:42:44.883,249.3,22.8,-8.06,-21.33
16:42:44.883,294.3,40.0,16.46,-36.46
16:42:44.883,339.3,36.2,33.86,-12.8
16:42:44.973,25.8,197.6,177.9,86.0
16:42:44.973,70.8,74.0,24.34,69.88
16:42:44.973,115.8,17.3,-7.53,15.58
16:42:44.973,160.8,18.0,-17.0,5.92
16:42:44.973,205.8,23.7,-21.34,-10.31
16:42:44.973,250.8,41.4,-13.62,-39.1
16:42:44.973,295.8,39.5,17.19,-35.56
16:42:44.973,340.8,36.2,34.19,-11.9
16:42:45.064,27.5,197.6,175.27,91.24
16:42:45.064,72.5,74.9,22.52,71.43
16:42:45.064,117.5,17.0,-7.85,15.08
16:42:45.064,162.5,19.6,-18.69,5.89
16:42:45.064,207.5,25.7,-22.8,-11.87
16:42:45.064,252.5,46.0,-13.83,-43.87
16:42:45.064,297.5,39.5,18.24,-35.04
16:42:45.064,342.5,36.2,34.52,-10.89
16:42:45.155,29.1,198.0,173.01,96.29
16:42:45.155,74.1,74.5,20.41,71.65
16:42:45.155,119.1,16.7,-8.12,14.59
16:42:45.155,164.1,18.3,-17.6,5.01
16:42:45.155,209.1,25.2,-22.02,-12.26
16:42:45.155,254.1,44.8,-12.27,-43.09
16:42:45.155,299.1,39.5,19.21,-34.51
16:42:45.155,344.1,36.2,34.82,-9.92
16:42:45.245,30.7,197.5,169.82,100.83
16:42:45.245,75.7,74.9,18.5,72.58
16:42:45.245,120.7,18.9,-9.65,16.25
16:42:45.245,165.7,17.3,-16.76,4.27
16:42:45.245,210.7,16.4,-14.1,-8.37
16:42:45.245,255.7,44.0,-10.87,-42.64
16:42:45.245,300.7,40.0,20.42,-34.39
16:42:45.245,345.7,36.2,35.08,-8.94
16:42:45.325,32.3,59.9,50.63,32.01
16:42:45.325,77.3,75.5,16.6,73.65
16:42:45.325,122.3,18.6,-9.94,15.72
16:42:45.325,167.3,17.3,-16.88,3.8
16:42:45.325,212.3,16.4,-13.86,-8.76
16:42:45.325,257.3,45.4,-9.98,-44.29
16:42:45.325,302.3,22.4,11.97,-18.93
16:42:45.325,347.3,36.2,35.31,-7.96
16:42:45.409,33.8,56.8,47.2,31.6
16:42:45.409,78.8,75.1,14.59,73.67
16:42:45.409,123.8,19.6,-10.9,16.29
16:42:45.409,168.8,18.6,-18.25,3.61
16:42:45.409,213.8,22.8,-18.95,-12.68
16:42:45.409,258.8,52.1,-10.12,-51.11
16:42:45.409,303.8,40.5,22.53,-33.65
16:42:45.409,348.8,36.2,35.51,-7.03
16:42:45.492,35.3,53.3,43.5,30.8
16:42:45.492,80.3,75.6,12.74,74.52
16:42:45.492,125.3,28.0,-16.18,22.85
16:42:45.492,170.3,19.2,-18.93,3.23
16:42:45.492,215.3,25.8,-21.06,-14.91
16:42:45.492,260.3,50.0,-8.42,-49.29
16:42:45.492,305.3,41.4,23.92,-33.79
16:42:45.492,350.3,36.2,35.68,-6.1
16:42:45.573,36.8,50.2,40.2,30.07
16:42:45.573,81.8,81.0,11.55,80.17
16:42:45.573,126.8,30.2,-18.09,24.18
16:42:45.573,171.8,17.0,-16.83,2.42
16:42:45.573,216.8,24.9,-19.94,-14.92
16:42:45.573,261.8,50.5,-7.2,-49.98
16:42:45.573,306.8,20.8,12.46,-16.66
16:42:45.573,351.8,37.2,36.82,-5.31
16:42:45.655,38.2,50.2,39.45,31.04
16:42:45.655,83.2,107.0,12.67,106.25
16:42:45.655,128.2,29.4,-18.18,23.1
16:42:45.655,173.2,18.0,-17.87,2.13
16:42:45.655,218.2,24.9,-19.57,-15.4
16:42:45.655,263.2,34.0,-4.03,-33.76
16:42:45.655,308.2,20.8,12.86,-16.35
16:42:45.655,353.2,47.8,47.46,-5.66
16:42:45.738,39.7,49.8,38.32,31.81
16:42:45.738,84.7,107.1,9.89,106.64
16:42:45.738,129.7,29.9,-19.1,23.01
16:42:45.738,174.7,16.4,-16.33,1.51
16:42:45.738,219.7,16.1,-12.39,-10.28
16:42:45.738,264.7,49.8,-4.6,-49.59
16:42:45.738,309.7,20.8,13.29,-16.0
16:42:45.738,354.7,42.7,42.52,-3.94
16:42:45.818,41.2,50.5,38.0,33.26
16:42:45.818,86.2,107.1,7.1,106.86
16:42:45.818,131.2,25.6,-16.86,19.26
16:42:45.818,176.2,16.0,-15.96,1.06
16:42:45.818,221.2,25.5,-19.19,-16.8
16:42:45.818,266.2,32.4,-2.15,-32.33
16:42:45.818,311.2,19.8,13.04,-14.9
16:42:45.818,356.2,43.1,43.01,-2.86
16:42:45.922,42.7,52.6,38.66,35.67
16:42:45.922,87.7,107.1,4.3,107.01
16:42:45.922,132.7,29.1,-19.73,21.39
16:42:45.922,177.7,16.3,-16.29,0.65
16:42:45.922,222.7,25.5,-18.74,-17.29
16:42:45.922,267.7,27.5,-1.1,-27.48
16:42:45.922,312.7,19.9,13.5,-14.62
16:42:46.007,44.5,52.9,37.73,37.08
16:42:46.007,89.5,107.2,0.94,107.2
16:42:46.007,134.5,75.9,-53.2,54.14
16:42:46.007,179.5,16.3,-16.3,0.14
16:42:46.007,224.5,24.6,-17.55,-17.24
16:42:46.007,269.5,26.0,-0.23,-26.0
16:42:46.007,314.5,21.1,14.79,-15.05
16:42:46.007,359.5,43.7,43.7,-0.38
16:42:46.101,46.1,52.9,36.68,38.12
16:42:46.101,91.1,107.3,-2.06,107.28
16:42:46.101,136.1,75.5,-54.4,52.35
16:42:46.101,181.1,16.3,-16.3,-0.31
16:42:46.101,226.1,19.3,-13.38,-13.91
16:42:46.101,271.1,27.2,0.52,-27.19
16:42:46.101,316.1,21.1,15.2,-14.63
16:42:46.101,1.1,149.7,149.67,2.87
16:42:46.183,47.7,52.1,35.06,38.53
16:42:46.183,92.7,107.3,-5.05,107.18
16:42:46.183,137.7,75.0,-55.47,50.48
16:42:46.183,182.7,16.3,-16.28,-0.77
16:42:46.183,227.7,24.0,-16.15,-17.75
16:42:46.183,272.7,26.6,1.25,-26.57
16:42:46.183,317.7,19.9,14.72,-13.39
16:42:46.183,2.7,41.3,41.25,1.95
16:42:46.268,49.2,37.9,24.76,28.69
16:42:46.268,94.2,107.8,-7.9,107.51
16:42:46.268,139.2,73.2,-55.41,47.83
16:42:46.268,184.2,16.3,-16.26,-1.19
16:42:46.268,229.2,18.7,-12.22,-14.16
16:42:46.268,274.2,25.7,1.88,-25.63
16:42:46.268,319.2,19.9,15.06,-13.0
16:42:46.268,4.2,42.9,42.78,3.14
16:42:46.353,50.8,37.4,23.64,28.98
16:42:46.353,95.8,107.9,-10.9,107.35
16:42:46.353,140.8,74.0,-57.35,46.77
16:42:46.353,185.8,16.0,-15.92,-1.62
16:42:46.353,230.8,26.3,-16.62,-20.38
16:42:46.353,275.8,26.0,2.63,-25.87
16:42:46.353,320.8,20.8,16.12,-13.15
16:42:46.353,5.8,42.0,41.78,4.24
16:42:46.432,52.3,36.1,22.08,28.56
16:42:46.432,97.3,37.8,-4.8,37.49
16:42:46.432,142.3,72.7,-57.52,44.46
16:42:46.432,187.3,16.0,-15.87,-2.03
16:42:46.432,232.3,17.1,-10.46,-13.53
16:42:46.432,277.3,25.1,3.19,-24.9
16:42:46.432,322.3,22.1,17.49,-13.51
16:42:46.432,7.3,41.6,41.26,5.29
16:42:46.511,53.7,36.1,21.37,29.09
16:42:46.511,98.7,37.3,-5.64,36.87
16:42:46.511,143.7,73.6,-59.32,43.57
16:42:46.511,188.7,16.0,-15.82,-2.42
16:42:46.511,233.7,17.1,-10.12,-13.78
16:42:46.511,278.7,25.5,3.86,-25.21
16:42:46.511,323.7,23.0,18.54,-13.62
16:42:46.511,8.7,41.6,41.12,6.29
16:42:46.601,55.1,37.2,21.28,30.51
16:42:46.601,100.1,199.0,-34.9,195.92
16:42:46.601,145.1,72.7,-59.63,41.6
16:42:46.601,190.1,17.0,-16.74,-2.98
16:42:46.601,235.1,17.1,-9.78,-14.02
16:42:46.601,280.1,24.6,4.31,-24.22
16:42:46.601,325.1,22.7,18.62,-12.99
16:42:46.601,10.1,40.6,39.97,7.12
16:42:46.679,56.7,36.8,20.2,30.76
16:42:46.679,101.7,44.1,-8.94,43.18
16:42:46.679,146.7,73.6,-61.52,40.41
16:42:46.679,191.7,16.7,-16.35,-3.39
16:42:46.679,236.7,17.1,-9.39,-14.29
16:42:46.679,281.7,24.6,4.99,-24.09
16:42:46.679,326.7,21.5,17.97,-11.8
16:42:46.679,11.7,40.2,39.36,8.15
16:42:46.769,58.2,36.3,19.13,30.85
16:42:46.769,103.2,197.6,-45.12,192.38
16:42:46.769,148.2,73.6,-62.55,38.78
16:42:46.769,193.2,16.7,-16.26,-3.81
16:42:46.769,238.2,18.4,-9.7,-15.64
16:42:46.769,283.2,25.7,5.87,-25.02
16:42:46.769,328.2,36.1,30.68,-19.02
16:42:46.769,13.2,40.2,39.14,9.18
16:42:46.859,59.8,36.3,18.26,31.37
16:42:46.859,104.8,197.6,-50.48,191.04
16:42:46.859,149.8,73.6,-63.61,37.02
16:42:46.859,194.8,16.4,-15.86,-4.19
16:42:46.859,239.8,18.7,-9.41,-16.16
16:42:46.859,284.8,24.9,6.36,-24.07
16:42:46.859,329.8,46.0,39.76,-23.14
16:42:46.859,14.8,39.7,38.38,10.14
16:42:46.948,61.4,36.3,17.38,31.87
16:42:46.948,106.4,198.0,-55.9,189.94
16:42:46.948,151.4,74.6,-65.5,35.71
16:42:46.948,196.4,17.3,-16.6,-4.88
16:42:46.948,241.4,17.4,-8.33,-15.28
16:42:46.948,286.4,16.1,4.55,-15.44
16:42:46.948,331.4,45.2,39.68,-21.64
16:42:46.948,16.4,37.2,35.69,10.5
16:42:47.036,63.0,43.2,19.61,38.49
16:42:47.036,108.0,197.9,-61.15,188.21
16:42:47.036,153.0,74.2,-66.11,33.69
16:42:47.036,198.0,18.0,-17.12,-5.56
16:42:47.036,243.0,16.4,-7.45,-14.61
16:42:47.036,288.0,16.1,4.98,-15.31
16:42:47.036,333.0,44.4,39.56,-20.16
16:42:47.036,18.0,40.2,38.23,12.42
16:42:47.126,64.6,59.0,25.31,53.3
16:42:47.126,109.6,197.9,-66.39,186.43
16:42:47.126,154.6,74.7,-67.48,32.04
16:42:47.126,199.6,18.9,-17.8,-6.34
16:42:47.126,244.6,17.7,-7.59,-15.99
16:42:47.126,289.6,16.1,5.4,-15.17
16:42:47.126,334.6,46.2,41.73,-19.82
16:42:47.126,19.6,22.2,20.91,7.45
16:42:47.216,66.2,37.5,15.13,34.31
16:42:47.216,111.2,197.9,-71.57,184.51
16:42:47.216,156.2,75.1,-68.71,30.31
16:42:47.216,201.2,29.9,-27.88,-10.81
16:42:47.216,246.2,20.3,-8.19,-18.57
16:42:47.216,291.2,16.1,5.82,-15.01
16:42:47.216,336.2,50.8,46.48,-20.5
16:42:47.216,21.2,22.2,20.7,8.03
16:42:47.304,67.8,37.5,14.17,34.72
16:42:47.304,112.8,49.7,-19.26,45.82
16:42:47.304,157.8,75.7,-70.09,28.6
16:42:47.304,202.8,25.6,-23.6,-9.92
16:42:47.304,247.8,18.4,-6.95,-17.04
16:42:47.304,292.8,16.1,6.24,-14.84
16:42:47.304,337.8,53.3,49.35,-20.14
16:42:47.304,22.8,43.3,39.92,16.78
16:42:47.378,69.3,36.3,12.83,33.96
16:42:47.378,114.3,50.0,-20.58,45.57
16:42:47.378,159.3,75.3,-70.44,26.62
16:42:47.378,204.3,25.6,-23.33,-10.53
16:42:47.378,249.3,16.1,-5.69,-15.06
16:42:47.378,294.3,24.9,10.25,-22.69
16:42:47.378,339.3,36.1,33.77,-12.76
16:42:47.378,24.3,20.2,18.41,8.31
16:42:47.465,70.7,36.8,12.16,34.73
16:42:47.465,115.7,54.6,-23.68,49.2
16:42:47.465,160.7,79.8,-75.32,26.38
16:42:47.465,205.7,27.1,-24.42,-11.75
16:42:47.465,250.7,18.0,-5.95,-16.99
16:42:47.465,295.7,17.0,7.37,-15.32
16:42:47.465,340.7,36.1,34.07,-11.93
16:42:47.465,25.7,20.3,18.29,8.8
16:42:47.540,72.2,43.2,13.21,41.13
16:42:47.540,117.2,53.8,-24.59,47.85
16:42:47.540,162.2,80.4,-76.55,24.58
16:42:47.540,207.2,28.0,-24.9,-12.8
16:42:47.540,252.2,16.4,-5.01,-15.61
16:42:47.540,297.2,17.1,7.82,-15.21
16:42:47.540,342.2,57.6,54.84,-17.61
16:42:47.540,27.2,20.6,18.32,9.42
16:42:47.625,73.7,43.2,12.12,41.46
16:42:47.625,118.7,53.8,-25.84,47.19
16:42:47.625,163.7,106.7,-102.41,29.95
16:42:47.625,208.7,26.8,-23.51,-12.87
16:42:47.625,253.7,16.4,-4.6,-15.74
16:42:47.625,298.7,25.4,12.2,-22.28
16:42:47.625,343.7,32.7,31.39,-9.18
16:42:47.625,28.7,20.6,18.07,9.89
16:42:47.717,75.2,47.0,12.01,45.44
16:42:47.717,120.2,53.8,-27.06,46.5
16:42:47.717,165.2,106.3,-102.77,27.15
16:42:47.717,210.2,76.7,-66.29,-38.58
16:42:47.717,255.2,16.4,-4.19,-15.86
16:42:47.717,300.2,25.5,12.83,-22.04
16:42:47.717,345.2,34.8,33.65,-8.89
16:42:47.717,30.2,19.6,16.94,9.86
16:42:47.793,76.7,44.2,10.17,43.01
16:42:47.793,121.7,54.1,-28.43,46.03
16:42:47.793,166.7,106.8,-103.94,24.57
16:42:47.793,211.7,75.9,-64.58,-39.88
16:42:47.793,256.7,16.4,-3.77,-15.96
16:42:47.793,301.7,17.7,9.3,-15.06
16:42:47.793,346.7,26.5,25.79,-6.1
16:42:47.793,31.7,19.6,16.68,10.3
16:42:47.887,78.2,45.0,9.2,44.05
16:42:47.887,123.2,54.1,-29.62,45.27
16:42:47.887,168.2,106.8,-104.54,21.84
16:42:47.887,213.2,75.3,-63.01,-41.23
16:42:47.887,258.2,16.4,-3.35,-16.05
16:42:47.887,303.2,25.2,13.8,-21.09
16:42:47.887,348.2,25.9,25.35,-5.3
16:42:47.887,33.2,19.6,16.4,10.73
16:42:47.987,124.8,53.8,-30.7,44.18
16:42:47.987,169.8,106.9,-105.21,18.93
16:42:47.987,214.8,74.8,-61.42,-42.69
16:42:47.987,259.8,16.4,-2.9,-16.14
16:42:47.987,304.8,24.9,14.21,-20.45
16:42:47.987,349.8,26.2,25.79,-4.64
16:42:47.987,34.8,20.9,17.16,11.93
16:42:48.072,81.7,43.0,6.21,42.55
16:42:48.072,126.7,49.7,-29.7,39.85
16:42:48.072,171.7,107.4,-106.28,15.5
16:42:48.072,216.7,73.0,-58.53,-43.63
16:42:48.072,261.7,16.4,-2.37,-16.23
16:42:48.072,306.7,18.4,11.0,-14.75
16:42:48.072,351.7,25.3,25.04,-3.65
16:42:48.072,36.7,20.6,16.52,12.31
16:42:48.156,83.2,43.0,5.09,42.7
16:42:48.156,128.2,49.3,-30.49,38.74
16:42:48.156,173.2,107.8,-107.04,12.76
16:42:48.156,218.2,73.4,-57.68,-45.39
16:42:48.156,263.2,16.4,-1.94,-16.28
16:42:48.156,308.2,27.2,16.82,-21.38
16:42:48.156,353.2,25.6,25.42,-3.03
16:42:48.156,38.2,19.3,15.17,11.94
16:42:48.241,84.8,43.8,3.97,43.62
16:42:48.241,129.8,37.3,-23.88,28.66
16:42:48.241,174.8,108.4,-107.95,9.82
16:42:48.241,219.8,73.8,-56.7,-47.24
16:42:48.241,264.8,16.4,-1.49,-16.33
16:42:48.241,309.8,16.7,10.69,-12.83
16:42:48.241,354.8,25.6,25.49,-2.32
16:42:48.241,39.8,19.3,14.83,12.35
16:42:48.324,86.3,41.1,2.65,41.01
16:42:48.324,131.3,36.4,-24.02,27.35
16:42:48.324,176.3,109.4,-109.17,7.06
16:42:48.324,221.3,73.4,-55.14,-48.44
16:42:48.324,266.3,16.4,-1.06,-16.37
16:42:48.324,311.3,16.7,11.02,-12.55
16:42:48.324,356.3,25.0,24.95,-1.61
16:42:48.324,41.3,20.6,15.48,13.6
16:42:48.411,87.8,42.8,1.64,42.77
16:42:48.411,132.8,36.4,-24.73,26.71
16:42:48.411,177.8,142.1,-142.0,5.45
16:42:48.411,222.8,74.3,-54.52,-50.48
16:42:48.411,267.8,16.1,-0.62,-16.09
16:42:48.411,312.8,17.0,11.55,-12.47
16:42:48.411,357.8,24.1,24.08,-0.93
16:42:48.411,42.8,22.8,16.73,15.49
16:42:48.499,89.3,40.2,0.49,40.2
16:42:48.499,134.3,35.9,-25.07,25.69
16:42:48.499,179.3,198.5,-198.49,2.43
16:42:48.499,224.3,73.3,-52.46,-51.19
16:42:48.499,269.3,16.1,-0.2,-16.1
16:42:48.499,314.3,17.1,11.94,-12.24
16:42:48.499,359.3,24.1,24.1,-0.29
16:42:48.499,44.3,21.2,15.17,14.81
16:42:48.594,90.9,39.8,-0.63,39.8
16:42:48.594,135.9,35.9,-25.78,24.98
16:42:48.594,180.9,197.6,-197.58,-3.1
16:42:48.594,225.9,73.4,-51.08,-52.71
16:42:48.594,270.9,17.1,0.27,-17.1
16:42:48.594,315.9,17.1,12.28,-11.9
16:42:48.594,0.9,23.3,23.3,0.37
16:42:48.594,45.9,22.2,15.45,15.94
16:42:48.678,92.5,39.8,-1.74,39.76
16:42:48.678,137.5,66.3,-48.88,44.79
16:42:48.678,182.5,197.2,-197.01,-8.6
16:42:48.678,227.5,73.0,-49.32,-53.82
16:42:48.678,272.5,16.7,0.73,-16.68
16:42:48.678,317.5,19.6,14.45,-13.24
16:42:48.678,2.5,25.3,25.28,1.1
16:42:48.678,47.5,23.1,15.61,17.03
16:42:48.768,94.1,39.3,-2.81,39.2
16:42:48.768,139.1,45.9,-34.69,30.05
16:42:48.768,184.1,197.2,-196.7,-14.1
16:42:48.768,229.1,73.4,-48.06,-55.48
16:42:48.768,274.1,16.4,1.17,-16.36
16:42:48.768,319.1,17.4,13.15,-11.39
16:42:48.768,4.1,24.7,24.64,1.77
16:42:48.768,49.1,45.3,29.66,34.24
16:42:48.853,95.8,39.3,-3.97,39.1
16:42:48.853,140.8,56.5,-43.78,35.71
16:42:48.853,185.8,66.7,-66.36,-6.74
16:42:48.853,230.8,72.6,-45.89,-56.26
16:42:48.853,275.8,17.4,1.76,-17.31
16:42:48.853,320.8,17.4,13.48,-11.0
16:42:48.853,5.8,24.7,24.57,2.5
16:42:48.853,50.8,44.5,28.13,34.49
16:42:48.935,97.3,39.3,-4.99,38.98
16:42:48.935,142.3,59.5,-47.08,36.39
16:42:48.935,187.3,58.7,-58.22,-7.46
16:42:48.935,232.3,73.5,-44.95,-58.15
16:42:48.935,277.3,18.4,2.34,-18.25
16:42:48.935,322.3,16.1,12.74,-9.85
16:42:48.935,7.3,24.4,24.2,3.1
16:42:48.935,52.3,44.6,27.27,35.29
16:42:49.018,98.8,39.3,-6.01,38.84
16:42:49.018,143.8,36.2,-29.21,21.38
16:42:49.018,188.8,56.9,-56.23,-8.7
16:42:49.018,233.8,75.0,-44.3,-60.52
16:42:49.018,278.8,19.3,2.95,-19.07
16:42:49.018,323.8,17.7,14.28,-10.45
16:42:49.018,8.8,16.0,15.81,2.45
16:42:49.018,53.8,43.3,25.57,34.94
16:42:49.099,100.2,22.2,-3.93,21.85
16:42:49.099,145.2,36.6,-30.05,20.89
16:42:49.099,190.2,52.0,-51.18,-9.21
16:42:49.099,235.2,73.7,-42.06,-60.52
16:42:49.099,280.2,20.3,3.59,-19.98
16:42:49.099,325.2,26.6,21.84,-15.18
16:42:49.099,10.2,24.4,24.01,4.32
16:42:49.099,55.2,52.1,29.73,42.78
16:42:49.180,101.7,40.7,-8.25,39.85
16:42:49.180,146.7,37.5,-31.34,20.59
16:42:49.180,191.7,50.7,-49.65,-10.28
16:42:49.180,236.7,74.6,-40.96,-62.35
16:42:49.180,281.7,22.5,4.56,-22.03
16:42:49.180,326.7,17.1,14.29,-9.39
16:42:49.180,11.7,25.3,24.77,5.13
16:42:49.180,56.7,52.7,28.93,44.05
16:42:49.283,103.2,41.6,-9.5,40.5
16:42:49.283,193.2,50.1,-48.78,-11.44
16:42:49.283,238.2,76.5,-40.31,-65.02
16:42:49.283,283.2,28.7,6.55,-27.94
16:42:49.283,328.2,18.0,15.3,-9.49
16:42:49.283,13.2,24.5,23.85,5.59
16:42:49.283,58.2,37.6,19.81,31.96
16:42:49.384,105.0,20.6,-5.33,19.9
16:42:49.384,195.0,53.0,-51.19,-13.72
16:42:49.384,240.0,76.2,-38.1,-65.99
16:42:49.384,285.0,26.6,6.88,-25.69
16:42:49.384,330.0,16.4,14.2,-8.2
16:42:49.384,15.0,17.0,16.42,4.4
16:42:49.384,60.0,36.2,18.1,31.35
16:42:49.467,106.9,20.6,-5.99,19.71
16:42:49.467,151.9,49.5,-43.67,23.32
16:42:49.467,196.9,54.2,-51.86,-15.76
16:42:49.467,241.9,80.2,-37.78,-70.75
16:42:49.467,286.9,24.6,7.15,-23.54
16:42:49.467,331.9,16.4,14.47,-7.72
16:42:49.467,16.9,26.2,25.07,7.62
16:42:49.467,61.9,33.9,15.97,29.9
16:42:49.549,108.3,20.9,-6.56,19.84
16:42:49.549,153.3,50.4,-45.03,22.65
16:42:49.549,198.3,54.6,-51.84,-17.14
16:42:49.549,243.3,80.0,-35.95,-71.47
16:42:49.549,288.3,75.9,23.83,-72.06
16:42:49.549,333.3,16.4,14.65,-7.37
16:42:49.549,18.3,25.0,23.74,7.85
16:42:49.549,63.3,32.1,14.42,28.68
16:42:49.633,109.8,19.6,-6.64,18.44
16:42:49.633,154.8,43.7,-39.54,18.61
16:42:49.633,199.8,50.1,-47.14,-16.97
16:42:49.633,244.8,107.0,-45.56,-96.82
16:42:49.633,289.8,74.0,25.07,-69.63
16:42:49.633,334.8,16.4,14.84,-6.98
16:42:49.633,19.8,25.0,23.52,8.47
16:42:49.633,64.8,26.3,11.2,23.8
16:42:49.720,111.3,19.7,-7.16,18.35
16:42:49.720,156.3,44.1,-40.38,17.73
16:42:49.720,201.3,49.6,-46.21,-18.02
16:42:49.720,246.3,107.5,-43.21,-98.43
16:42:49.720,291.3,73.5,26.7,-68.48
16:42:49.720,336.3,16.4,15.02,-6.59
16:42:49.720,21.3,17.6,16.4,6.39
16:42:49.720,66.3,26.6,10.69,24.36
16:42:49.822,112.8,20.9,-8.1,19.27
16:42:49.822,202.8,54.9,-50.61,-21.27
16:42:49.822,247.8,54.4,-20.55,-50.37
16:42:49.822,292.8,73.0,28.29,-67.3
16:42:49.822,337.8,16.4,15.18,-6.2
16:42:49.822,22.8,25.6,23.6,9.92
16:42:49.822,67.8,26.9,10.16,24.91
16:42:49.903,114.7,20.9,-8.73,18.99
16:42:49.903,159.7,44.3,-41.55,15.37
16:42:49.903,204.7,38.2,-34.71,-15.96
16:42:49.903,249.7,107.2,-37.19,-100.54
16:42:49.903,294.7,73.4,30.67,-66.68
16:42:49.903,339.7,16.4,15.38,-5.69
16:42:49.903,24.7,25.3,22.99,10.57
16:42:49.903,69.7,26.0,9.02,24.39
16:42:49.987,116.2,19.6,-8.65,17.59
16:42:49.987,161.2,43.3,-40.99,13.95
16:42:49.987,206.2,37.3,-33.47,-16.47
16:42:49.987,251.2,107.7,-34.71,-101.95
16:42:49.987,296.2,73.8,32.58,-66.22
16:42:49.987,341.2,16.4,15.53,-5.29
16:42:49.987,26.2,27.1,24.32,11.96
16:42:49.987,71.2,26.3,8.48,24.9
16:42:50.070,117.7,20.6,-9.58,18.24
16:42:50.070,162.7,41.9,-40.0,12.46
16:42:50.070,207.7,36.4,-32.23,-16.92
16:42:50.070,252.7,108.2,-32.18,-103.31
16:42:50.070,297.7,72.9,33.89,-64.55
16:42:50.070,342.7,16.1,15.37,-4.79
16:42:50.070,27.7,16.7,14.79,7.76
16:42:50.070,72.7,26.3,7.82,25.11
16:42:50.154,119.2,20.6,-10.05,17.98
16:42:50.154,164.2,41.9,-40.32,11.41
16:42:50.154,209.2,35.9,-31.34,-17.51
16:42:50.154,254.2,109.2,-29.73,-105.07
16:42:50.154,299.2,72.9,35.56,-63.64
16:42:50.154,344.2,16.1,15.49,-4.38
16:42:50.154,29.2,16.7,14.58,8.15
16:42:50.154,74.2,24.8,6.75,23.86
16:42:50.243,120.7,21.9,-11.18,18.83
16:42:50.243,165.7,41.5,-40.21,10.25
16:42:50.243,210.7,35.9,-30.87,-18.33
16:42:50.243,255.7,198.8,-49.1,-192.64
16:42:50.243,300.7,72.0,36.76,-61.91
16:42:50.243,345.7,16.1,15.6,-3.98
16:42:50.243,30.7,16.7,14.36,8.53
16:42:50.243,75.7,24.0,5.93,23.26
16:42:50.334,122.3,21.6,-11.54,18.26
16:42:50.334,167.3,40.6,-39.61,8.93
16:42:50.334,212.3,35.9,-30.34,-19.18
16:42:50.334,257.3,197.8,-43.49,-192.96
16:42:50.334,302.3,72.1,38.53,-60.94
16:42:50.334,347.3,17.0,16.58,-3.74
16:42:50.334,32.3,18.2,15.38,9.73
16:42:50.334,77.3,24.0,5.28,23.41
16:42:50.420,123.9,21.2,-11.82,17.6
16:42:50.420,168.9,40.6,-39.84,7.82
16:42:50.420,213.9,49.6,-41.17,-27.66
16:42:50.420,258.9,197.4,-38.0,-193.71
16:42:50.420,303.9,72.5,40.44,-60.18
16:42:50.420,348.9,16.7,16.39,-3.22
16:42:50.420,33.9,19.5,16.19,10.88
16:42:50.420,78.9,25.1,4.83,24.63
16:42:50.509,125.5,40.3,-23.4,32.81
16:42:50.509,170.5,40.1,-39.55,6.62
16:42:50.509,215.5,45.8,-37.29,-26.6
16:42:50.509,260.5,197.8,-32.65,-195.09
16:42:50.509,305.5,73.4,42.62,-59.76
16:42:50.509,350.5,17.7,17.46,-2.92
16:42:50.509,35.5,18.2,14.82,10.57
16:42:50.509,80.5,25.4,4.19,25.05
16:42:50.601,127.1,46.6,-28.11,37.17
16:42:50.601,172.1,40.6,-40.21,5.58
16:42:50.601,217.1,55.6,-44.35,-33.54
16:42:50.601,262.1,197.8,-27.19,-195.92
16:42:50.601,307.1,73.9,44.58,-58.94
16:42:50.601,352.1,17.4,17.23,-2.39
16:42:50.601,37.1,17.3,13.8,10.44
16:42:50.601,82.1,23.7,3.26,23.48
16:42:50.683,128.8,45.9,-28.76,35.77
16:42:50.683,173.8,40.5,-40.26,4.37
16:42:50.683,218.8,36.1,-28.13,-22.62
16:42:50.683,263.8,60.2,-6.5,-59.85
16:42:50.683,308.8,73.9,46.31,-57.59
16:42:50.683,353.8,19.3,19.19,-2.08
16:42:50.683,38.8,17.3,13.48,10.84
16:42:50.683,83.8,16.7,1.8,16.6
16:42:50.765,130.2,45.0,-29.05,34.37
16:42:50.765,175.2,36.2,-36.07,3.03
16:42:50.765,220.2,36.6,-27.95,-23.62
16:42:50.765,265.2,56.6,-4.74,-56.4
16:42:50.765,310.2,74.0,47.76,-56.52
16:42:50.765,355.2,21.9,21.82,-1.83
16:42:50.765,40.2,16.3,12.45,10.52
16:42:50.765,85.2,16.7,1.4,16.64
16:42:50.847,131.7,44.2,-29.4,33.0
16:42:50.847,176.7,41.0,-40.93,2.36
16:42:50.847,221.7,36.6,-27.33,-24.35
16:42:50.847,266.7,56.6,-3.26,-56.51
16:42:50.847,311.7,74.9,49.83,-55.92
16:42:50.847,356.7,26.9,26.86,-1.55
16:42:50.847,41.7,16.3,12.17,10.84
16:42:50.847,86.7,16.7,0.96,16.67
16:42:50.928,133.2,52.6,-36.01,38.34
16:42:50.928,178.2,39.9,-39.88,1.25
16:42:50.928,223.2,37.1,-27.04,-25.4
16:42:50.928,268.2,50.0,-1.57,-49.98
16:42:50.928,313.2,74.7,51.14,-54.45
16:42:50.928,358.2,25.2,25.19,-0.79
16:42:50.928,43.2,17.9,13.05,12.25
16:42:50.928,88.2,18.0,0.57,17.99
16:42:51.010,134.6,51.7,-36.3,36.81
16:42:51.010,179.6,40.8,-40.8,0.28
16:42:51.010,224.6,45.2,-32.18,-31.74
16:42:51.010,269.6,50.0,-0.35,-50.0
16:42:51.010,314.6,73.4,51.54,-52.26
16:42:51.010,359.6,27.5,27.5,-0.19
16:42:51.010,44.6,17.0,12.1,11.94
16:42:51.010,89.6,25.4,0.18,25.4
16:42:51.092,136.1,37.7,-27.16,26.14
16:42:51.092,181.1,21.8,-21.8,-0.42
16:42:51.092,226.1,46.0,-31.9,-33.15
16:42:51.092,271.1,50.3,0.97,-50.29
16:42:51.092,316.1,77.4,55.77,-53.67
16:42:51.092,1.1,27.5,27.49,0.53
16:42:51.092,46.1,17.6,12.2,12.68
16:42:51.092,91.1,25.1,-0.48,25.1
16:42:51.168,137.6,36.3,-26.81,24.48
16:42:51.168,182.6,21.8,-21.78,-0.99
16:42:51.168,227.6,48.7,-32.84,-35.96
16:42:51.168,272.6,50.3,2.28,-50.25
16:42:51.168,317.6,80.6,59.52,-54.35
16:42:51.168,2.6,28.1,28.07,1.27
16:42:51.168,47.6,16.3,10.99,12.04
16:42:51.168,92.6,16.7,-0.76,16.68
16:42:51.250,139.0,45.7,-34.49,29.98
16:42:51.250,184.0,23.0,-22.94,-1.6
16:42:51.250,229.0,43.0,-28.21,-32.45
16:42:51.250,274.0,52.9,3.69,-52.77
16:42:51.250,319.0,80.8,60.98,-53.01
16:42:51.250,4.0,30.3,30.23,2.11
16:42:51.250,49.0,16.3,10.69,12.3
16:42:51.250,94.0,16.7,-1.16,16.66
16:42:51.331,140.4,32.1,-24.73,20.46
16:42:51.331,185.4,20.9,-20.81,-1.97
16:42:51.331,230.4,43.0,-27.41,-33.13
16:42:51.331,275.4,53.2,5.01,-52.96
16:42:51.331,320.4,80.5,62.03,-51.31
16:42:51.331,5.4,29.5,29.37,2.78
16:42:51.331,50.4,16.3,10.39,12.56
16:42:51.331,95.4,26.0,-2.45,25.88
16:42:51.416,141.9,31.6,-24.87,19.5
16:42:51.416,186.9,19.6,-19.46,-2.35
16:42:51.416,231.9,43.2,-26.66,-34.0
16:42:51.416,276.9,52.7,6.33,-52.32
16:42:51.416,321.9,106.6,83.89,-65.78
16:42:51.416,6.9,74.9,74.36,9.0
16:42:51.416,51.9,16.3,10.06,12.83
16:42:51.416,96.9,16.1,-1.93,15.98
16:42:51.500,143.4,26.6,-21.35,15.86
16:42:51.500,188.4,20.9,-20.68,-3.05
16:42:51.500,233.4,41.9,-24.98,-33.64
16:42:51.500,278.4,49.6,7.25,-49.07
16:42:51.500,323.4,106.7,85.66,-63.62
16:42:51.500,8.4,74.8,74.0,10.93
16:42:51.500,53.4,16.3,9.72,13.09
16:42:51.500,98.4,16.1,-2.35,15.93
16:42:51.592,144.9,26.6,-21.76,15.3
16:42:51.592,189.9,20.9,-20.59,-3.59
16:42:51.592,234.9,149.6,-86.02,-122.4
16:42:51.592,279.9,49.6,8.53,-48.86
16:42:51.592,324.9,93.0,76.09,-53.48
16:42:51.592,9.9,74.8,73.69,12.86
16:42:51.592,54.9,16.3,9.37,13.34
16:42:51.592,99.9,25.4,-4.37,25.02
16:42:51.675,146.5,26.1,-21.76,14.41
16:42:51.675,191.5,20.9,-20.48,-4.17
16:42:51.675,236.5,41.7,-23.02,-34.77
16:42:51.675,281.5,39.4,7.86,-38.61
16:42:51.675,326.5,107.2,89.39,-59.17
16:42:51.675,11.5,73.0,71.53,14.55
16:42:51.675,56.5,16.3,9.0,13.59
16:42:51.675,101.5,25.4,-5.06,24.89
16:42:51.770,148.1,26.3,-22.33,13.9
16:42:51.770,193.1,20.8,-20.26,-4.71
16:42:51.770,238.1,41.2,-21.77,-34.98
16:42:51.770,283.1,36.4,8.25,-35.45
16:42:51.770,328.1,107.3,91.09,-56.7
16:42:51.770,13.1,73.8,71.88,16.73
16:42:51.770,58.1,16.0,8.46,13.58
16:42:51.770,103.1,20.6,-4.67,20.06
16:42:51.844,149.6,26.3,-22.68,13.31
16:42:51.844,194.6,21.8,-21.1,-5.5
16:42:51.844,239.6,42.4,-21.46,-36.57
16:42:51.844,284.6,38.0,9.58,-36.77
16:42:51.844,329.6,107.4,92.63,-54.35
16:42:51.844,14.6,73.0,70.64,18.4
16:42:51.844,59.6,16.0,8.1,13.8
16:42:51.844,104.6,16.4,-4.13,15.87
16:42:51.928,151.1,24.9,-21.8,12.03
16:42:51.928,196.1,24.8,-23.83,-6.88
16:42:51.928,241.1,40.3,-19.48,-35.28
16:42:51.928,286.1,37.1,10.29,-35.64
16:42:51.928,331.1,108.0,94.55,-52.19
16:42:51.928,16.1,73.0,70.14,20.24
16:42:51.928,61.1,16.0,7.73,14.01
16:42:51.928,106.1,16.4,-4.55,15.76
16:42:52.012,152.6,25.8,-22.91,11.87
16:42:52.012,197.6,23.6,-22.5,-7.14
16:42:52.012,242.6,39.8,-18.32,-35.34
16:42:52.012,287.6,37.1,11.22,-35.36
16:42:52.012,332.6,108.9,96.68,-50.12
16:42:52.012,17.6,73.8,70.35,22.31
16:42:52.012,62.6,17.0,7.82,15.09
16:42:52.012,107.6,16.4,-4.96,15.63
16:42:52.100,154.2,24.3,-21.88,10.58
16:42:52.100,199.2,36.9,-34.85,-12.14
16:42:52.100,244.2,39.4,-17.15,-35.47
16:42:52.100,289.2,36.1,11.87,-34.09
16:42:52.100,334.2,177.3,159.63,-77.17
16:42:52.100,19.2,73.0,68.94,24.01
16:42:52.100,64.2,16.7,7.27,15.04
16:42:52.100,109.2,16.4,-5.39,15.49
16:42:52.190,155.7,24.3,-22.15,10.0
16:42:52.190,200.7,48.1,-44.99,-17.0
16:42:52.190,245.7,41.0,-16.87,-37.37
16:42:52.190,290.7,36.1,12.76,-33.77
16:42:52.190,335.7,185.9,169.43,-76.5
16:42:52.190,20.7,73.0,68.29,25.8
16:42:52.190,65.7,16.3,6.71,14.86
16:42:52.190,110.7,19.0,-6.72,17.77
16:42:52.272,157.3,26.3,-24.26,10.15
16:42:52.272,202.3,46.1,-42.65,-17.49
16:42:52.272,247.3,40.5,-15.63,-37.36
16:42:52.272,292.3,41.0,15.56,-37.93
16:42:52.272,337.3,60.8,56.09,-23.46
16:42:52.272,22.3,73.4,67.91,27.85
16:42:52.272,67.3,17.3,6.68,15.96
16:42:52.272,112.3,19.3,-7.32,17.86
16:42:52.354,158.8,24.6,-22.94,8.9
16:42:52.354,203.8,44.9,-41.08,-18.12
16:42:52.354,248.8,40.5,-14.65,-37.76
16:42:52.354,293.8,46.6,18.81,-42.64
16:42:52.354,338.8,56.8,52.96,-20.54
16:42:52.354,23.8,74.8,68.44,30.19
16:42:52.354,68.8,18.6,6.73,17.34
16:42:52.354,113.8,18.0,-7.26,16.47
16:42:52.438,160.3,23.7,-22.31,7.99
16:42:52.438,205.3,46.7,-42.22,-19.96
16:42:52.438,250.3,41.0,-13.82,-38.6
16:42:52.438,295.3,60.1,25.68,-54.34
16:42:52.438,340.3,56.7,53.38,-19.11
16:42:52.438,25.3,74.0,66.9,31.62
16:42:52.438,70.3,17.9,6.03,16.85
16:42:52.438,115.3,17.0,-7.27,15.37
16:42:52.521,161.8,23.7,-22.51,7.4
16:42:52.521,206.8,50.9,-45.43,-22.95
16:42:52.521,251.8,41.0,-12.81,-38.95
16:42:52.521,296.8,37.3,16.82,-33.29
16:42:52.521,341.8,56.5,53.67,-17.65
16:42:52.521,26.8,74.5,66.5,33.59
16:42:52.521,71.8,18.9,5.9,17.95
16:42:52.521,116.8,17.0,-7.66,15.17
16:42:52.601,163.3,24.6,-23.56,7.07
16:42:52.601,208.3,49.7,-43.76,-23.56
16:42:52.601,253.3,23.0,-6.61,-22.03
16:42:52.601,298.3,37.7,17.87,-33.19
16:42:52.601,343.3,50.0,47.89,-14.37
16:42:52.601,28.3,56.9,50.1,26.98
16:42:52.601,73.3,29.9,8.59,28.64
16:42:52.601,118.3,17.0,-8.06,14.97
16:42:52.691,164.7,24.6,-23.73,6.49
16:42:52.691,209.7,52.6,-45.69,-26.06
16:42:52.691,254.7,42.4,-11.19,-40.9
16:42:52.691,299.7,43.4,21.5,-37.7
16:42:52.691,344.7,50.4,48.61,-13.3
16:42:52.691,29.7,75.5,65.58,37.41
16:42:52.691,74.7,78.8,20.79,76.01
16:42:52.691,119.7,17.7,-8.77,15.37
16:42:52.766,166.3,25.5,-24.77,6.04
16:42:52.766,211.3,51.4,-43.92,-26.7
16:42:52.766,256.3,40.8,-9.66,-39.64
16:42:52.766,301.3,50.1,26.03,-42.81
16:42:52.766,346.3,49.9,48.48,-11.82
16:42:52.766,31.3,56.6,48.36,29.4
16:42:52.766,76.3,29.1,6.89,28.27
16:42:52.766,121.3,16.4,-8.52,14.01
16:42:52.849,167.7,24.6,-24.04,5.24
16:42:52.849,212.7,52.8,-44.43,-28.52
16:42:52.849,257.7,21.5,-4.58,-21.01
16:42:52.849,302.7,50.1,27.07,-42.16
16:42:52.849,347.7,49.9,48.75,-10.63
16:42:52.849,32.7,74.9,63.03,40.46
16:42:52.849,77.7,29.6,6.31,28.92
16:42:52.849,122.7,17.7,-9.56,14.89
16:42:52.935,169.2,24.6,-24.16,4.61
16:42:52.935,214.2,56.8,-46.98,-31.93
16:42:52.935,259.2,21.5,-4.03,-21.12
16:42:52.935,304.2,43.4,24.39,-35.9
16:42:52.935,349.2,51.6,50.69,-9.67
16:42:52.935,34.2,74.5,61.62,41.88
16:42:52.935,79.2,27.1,5.08,26.62
16:42:52.935,124.2,17.4,-9.78,14.39
16:42:53.012,170.7,16.8,-16.58,2.71
16:42:53.012,215.7,53.8,-43.69,-31.39
16:42:53.012,260.7,21.8,-3.52,-21.51
16:42:53.012,305.7,49.8,29.06,-40.44
16:42:53.012,350.7,52.8,52.11,-8.53
16:42:53.012,35.7,84.4,68.54,49.25
16:42:53.012,80.7,25.9,4.19,25.56
16:42:53.012,125.7,16.1,-9.4,13.07
16:42:53.119,172.2,26.1,-25.86,3.54
16:42:53.119,217.2,35.9,-28.6,-21.71
16:42:53.119,262.2,20.5,-2.78,-20.31
16:42:53.119,307.2,374.5,226.42,-298.3
16:42:53.119,352.2,43.4,43.0,-5.89
16:42:53.119,37.2,107.0,85.23,64.69
16:42:53.119,82.2,76.7,10.41,75.99
16:42:53.119,127.2,16.1,-9.73,12.82
16:42:53.202,174.0,25.2,-25.06,2.63
16:42:53.202,219.0,29.7,-23.08,-18.69
16:42:53.202,264.0,20.5,-2.14,-20.39
16:42:53.202,309.0,44.8,28.19,-34.82
16:42:53.202,354.0,50.4,50.12,-5.27
16:42:53.202,39.0,107.5,83.54,67.65
16:42:53.202,84.0,76.1,7.95,75.68
16:42:53.202,129.0,16.1,-10.13,12.51
16:42:53.288,175.6,16.1,-16.05,1.24
16:42:53.288,220.6,26.5,-20.12,-17.25
16:42:53.288,265.6,20.5,-1.57,-20.44
16:42:53.288,310.6,61.4,39.96,-46.62
16:42:53.288,355.6,49.5,49.35,-3.8
16:42:53.288,40.6,108.0,82.0,70.28
16:42:53.288,85.6,75.7,5.81,75.48
16:42:53.288,130.6,16.1,-10.48,12.22
16:42:53.376,177.1,17.4,-17.38,0.88
16:42:53.376,222.1,27.7,-20.55,-18.57
16:42:53.376,267.1,20.5,-1.04,-20.47
16:42:53.376,312.1,42.8,28.69,-31.76
16:42:53.376,357.1,43.2,43.14,-2.19
16:42:53.376,42.1,108.0,80.13,72.41
16:42:53.376,87.1,75.7,3.83,75.6
16:42:53.376,132.1,16.1,-10.79,11.95
16:42:53.458,178.6,24.6,-24.59,0.6
16:42:53.458,223.6,25.1,-18.18,-17.31
16:42:53.458,268.6,20.5,-0.5,-20.49
16:42:53.458,313.6,42.8,29.52,-30.99
16:42:53.458,358.6,36.3,36.29,-0.89
16:42:53.458,43.6,108.1,78.28,74.55
16:42:53.458,88.6,75.6,1.85,75.58
16:42:53.458,133.6,16.1,-11.1,11.66
16:42:53.542,180.0,25.5,-25.5,0.0
16:42:53.542,225.0,26.2,-18.53,-18.53
16:42:53.542,270.0,20.5,-0.0,-20.5
16:42:53.542,315.0,44.5,31.47,-31.47
16:42:53.542,0.0,37.5,37.5,0.0
16:42:53.542,45.0,108.2,76.51,76.51
16:42:53.542,90.0,75.2,0.0,75.2
16:42:53.542,135.0,16.1,-11.38,11.38
16:42:53.627,180.0,26.1,-26.1,0.0
16:42:53.627,225.0,26.3,-18.6,-18.6
16:42:53.627,270.0,21.8,-0.0,-21.8
16:42:53.627,315.0,44.4,31.4,-31.4
16:42:53.627,0.0,37.5,37.5,0.0
16:42:53.627,45.0,108.2,76.51,76.51
16:42:53.627,90.0,75.1,0.0,75.1
16:42:53.627,135.0,17.0,-12.02,12.02
16:42:53.712,180.0,26.1,-26.1,0.0
16:42:53.712,225.0,26.3,-18.6,-18.6
16:42:53.712,270.0,21.5,-0.0,-21.5
16:42:53.712,315.0,44.4,31.4,-31.4
16:42:53.712,0.0,37.5,37.5,0.0
16:42:53.712,45.0,108.2,76.51,76.51
16:42:53.712,90.0,75.1,0.0,75.1
16:42:53.712,135.0,17.0,-12.02,12.02
16:42:53.795,180.0,26.1,-26.1,0.0
16:42:53.795,225.0,26.3,-18.6,-18.6
16:42:53.795,270.0,21.5,-0.0,-21.5
16:42:53.795,315.0,43.0,30.41,-30.41
16:42:53.795,0.0,37.0,37.0,0.0
16:42:53.795,45.0,108.2,76.51,76.51
16:42:53.795,90.0,75.0,0.0,75.0
16:42:53.795,135.0,17.0,-12.02,12.02
16:42:53.879,180.0,26.0,-26.0,0.0
16:42:53.879,225.0,26.2,-18.53,-18.53
16:42:53.879,270.0,21.5,-0.0,-21.5
16:42:53.879,315.0,43.0,30.41,-30.41
16:42:53.879,0.0,37.0,37.0,0.0
16:42:53.879,45.0,108.2,76.51,76.51
16:42:53.879,90.0,75.0,0.0,75.0
16:42:53.879,135.0,17.0,-12.02,12.02
16:42:53.964,180.0,26.1,-26.1,0.0
16:42:53.964,225.0,26.3,-18.6,-18.6
16:42:53.964,270.0,21.5,-0.0,-21.5
16:42:53.964,315.0,43.0,30.41,-30.41
16:42:53.964,0.0,37.5,37.5,0.0
16:42:53.964,45.0,108.2,76.51,76.51
16:42:53.964,90.0,75.1,0.0,75.1
16:42:53.964,135.0,17.0,-12.02,12.02
16:42:54.054,180.0,26.1,-26.1,0.0
16:42:54.054,225.0,26.3,-18.6,-18.6
16:42:54.054,270.0,21.5,-0.0,-21.5
16:42:54.054,315.0,43.0,30.41,-30.41
16:42:54.054,0.0,36.3,36.3,0.0
16:42:54.054,45.0,108.7,76.86,76.86
16:42:54.054,90.0,75.1,0.0,75.1
16:42:54.054,135.0,17.0,-12.02,12.02
16:42:54.134,180.0,26.0,-26.0,0.0
16:42:54.134,225.0,26.3,-18.6,-18.6
16:42:54.134,270.0,21.5,-0.0,-21.5
16:42:54.134,315.0,43.0,30.41,-30.41
16:42:54.134,0.0,37.5,37.5,0.0
16:42:54.134,45.0,108.6,76.79,76.79
16:42:54.134,90.0,75.1,0.0,75.1
16:42:54.134,135.0,17.0,-12.02,12.02
16:42:54.219,180.0,26.0,-26.0,0.0
16:42:54.219,225.0,26.2,-18.53,-18.53
16:42:54.219,270.0,21.5,-0.0,-21.5
16:42:54.219,315.0,43.0,30.41,-30.41
16:42:54.219,0.0,36.3,36.3,0.0
16:42:54.219,45.0,108.2,76.51,76.51
16:42:54.219,90.0,75.1,0.0,75.1
16:42:54.219,135.0,17.0,-12.02,12.02
16:42:54.304,180.0,26.0,-26.0,0.0
16:42:54.304,225.0,26.3,-18.6,-18.6
16:42:54.304,270.0,21.5,-0.0,-21.5
16:42:54.304,315.0,43.0,30.41,-30.41
16:42:54.304,0.0,36.3,36.3,0.0
16:42:54.304,45.0,108.2,76.51,76.51
16:42:54.304,90.0,75.2,0.0,75.2
16:42:54.304,135.0,17.0,-12.02,12.02
16:42:54.388,180.0,26.1,-26.1,0.0
16:42:54.388,225.0,26.2,-18.53,-18.53
16:42:54.388,270.0,21.5,-0.0,-21.5
16:42:54.388,315.0,43.0,30.41,-30.41
16:42:54.388,0.0,36.3,36.3,0.0
16:42:54.388,45.0,108.2,76.51,76.51
16:42:54.388,90.0,75.1,0.0,75.1
16:42:54.388,135.0,17.0,-12.02,12.02
16:42:54.473,180.0,26.1,-26.1,0.0
16:42:54.473,225.0,26.3,-18.6,-18.6
16:42:54.473,270.0,21.5,-0.0,-21.5
16:42:54.473,315.0,44.8,31.68,-31.68
16:42:54.473,0.0,36.3,36.3,0.0
16:42:54.473,45.0,108.2,76.51,76.51
16:42:54.473,90.0,75.1,0.0,75.1
16:42:54.473,135.0,17.0,-12.02,12.02
16:42:54.558,180.0,26.1,-26.1,0.0
16:42:54.558,225.0,26.3,-18.6,-18.6
16:42:54.558,270.0,21.5,-0.0,-21.5
16:42:54.558,315.0,43.0,30.41,-30.41
16:42:54.558,0.0,36.3,36.3,0.0
16:42:54.558,45.0,108.2,76.51,76.51
16:42:54.558,90.0,75.1,0.0,75.1
16:42:54.558,135.0,17.0,-12.02,12.02
16:42:54.642,178.5,26.1,-26.09,0.68
16:42:54.642,223.5,26.3,-19.08,-18.1
16:42:54.642,268.5,21.5,-0.56,-21.49
16:42:54.642,313.5,43.0,29.6,-31.19
16:42:54.642,358.5,36.3,36.29,-0.95
16:42:54.642,43.5,108.2,78.49,74.48
16:42:54.642,88.5,75.2,1.97,75.17
16:42:54.642,133.5,17.0,-11.7,12.33
16:42:54.735,177.1,26.0,-25.97,1.32
16:42:54.735,222.1,26.3,-19.51,-17.63
16:42:54.735,267.1,21.5,-1.09,-21.47
16:42:54.735,312.1,148.3,99.42,-110.04
16:42:54.735,357.1,36.3,36.25,-1.84
16:42:54.735,42.1,108.2,80.28,72.54
16:42:54.735,87.1,75.6,3.82,75.5
16:42:54.735,132.1,16.1,-10.79,11.95
16:42:54.818,175.6,26.9,-26.82,2.06
16:42:54.818,220.6,26.3,-19.97,-17.12
16:42:54.818,265.6,20.5,-1.57,-20.44
16:42:54.818,310.6,43.6,28.37,-33.1
16:42:54.818,355.6,37.0,36.89,-2.84
16:42:54.818,40.6,108.1,82.08,70.35
16:42:54.818,85.6,75.2,5.77,74.98
16:42:54.818,130.6,16.1,-10.48,12.22
16:42:54.903,174.1,24.6,-24.47,2.53
16:42:54.903,219.1,26.3,-20.41,-16.59
16:42:54.903,264.1,20.5,-2.11,-20.39
16:42:54.903,309.1,41.5,26.17,-32.21
16:42:54.903,354.1,35.3,35.11,-3.63
16:42:54.903,39.1,107.7,83.58,67.92
16:42:54.903,84.1,75.6,7.77,75.2
16:42:54.903,129.1,16.1,-10.15,12.49
16:42:54.988,172.6,24.6,-24.4,3.17
16:42:54.988,217.6,25.1,-19.89,-15.31
16:42:54.988,262.6,20.5,-2.64,-20.33
16:42:54.988,307.6,37.3,22.76,-29.55
16:42:54.988,352.6,37.0,36.69,-4.77
16:42:54.988,37.6,108.0,85.57,65.9
16:42:54.988,82.6,75.7,9.75,75.07
16:42:54.988,127.6,16.1,-9.82,12.76
16:42:55.093,171.2,25.5,-25.2,3.9
16:42:55.093,216.2,26.8,-21.63,-15.83
16:42:55.093,261.2,20.5,-3.14,-20.26
16:42:55.093,306.2,384.0,226.79,-309.87
16:42:55.093,351.2,38.2,37.75,-5.84
16:42:55.093,36.2,107.6,86.83,63.55
16:42:55.093,81.2,75.7,11.58,74.81
16:42:55.093,126.2,16.1,-9.51,12.99
16:42:55.178,169.4,16.1,-15.83,2.96
16:42:55.178,214.4,26.5,-21.87,-14.97
16:42:55.178,259.4,20.5,-3.77,-20.15
16:42:55.178,304.4,38.9,21.98,-32.1
16:42:55.178,349.4,37.9,37.25,-6.97
16:42:55.178,34.4,107.5,88.7,60.73
16:42:55.178,79.4,76.1,14.0,74.8
16:42:55.178,124.4,16.1,-9.1,13.28
16:42:55.282,167.9,16.1,-15.74,3.37
16:42:55.282,212.9,29.2,-24.52,-15.86
16:42:55.282,257.9,20.5,-4.3,-20.04
16:42:55.282,347.9,52.8,51.63,-11.07
16:42:55.282,32.9,84.5,70.95,45.9
16:42:55.282,77.9,76.7,16.08,75.0
16:42:55.282,122.9,16.1,-8.75,13.52
16:42:55.382,166.2,25.2,-24.47,6.01
16:42:55.382,211.2,57.9,-49.53,-29.99
16:42:55.382,256.2,20.5,-4.89,-19.91
16:42:55.382,301.2,357.8,185.35,-306.05
16:42:55.382,346.2,52.8,51.28,-12.59
16:42:55.382,31.2,80.8,69.11,41.86
16:42:55.382,76.2,25.9,6.18,25.15
16:42:55.382,121.2,17.0,-8.81,14.54
16:42:55.462,164.4,26.0,-25.04,6.99
16:42:55.462,209.4,35.9,-31.28,-17.62
16:42:55.462,254.4,20.5,-5.51,-19.74
16:42:55.462,299.4,39.1,19.19,-34.06
16:42:55.462,344.4,52.4,50.47,-14.09
16:42:55.462,29.4,80.3,69.96,39.42
16:42:55.462,74.4,30.3,8.15,29.18
16:42:55.462,119.4,17.0,-8.35,14.81
16:42:55.548,163.0,16.8,-16.07,4.91
16:42:55.548,208.0,56.4,-49.8,-26.48
16:42:55.548,253.0,21.5,-6.29,-20.56
16:42:55.548,298.0,40.8,19.15,-36.02
16:42:55.548,343.0,51.6,49.35,-15.09
16:42:55.548,28.0,75.8,66.93,35.59
16:42:55.548,73.0,27.1,7.92,25.92
16:42:55.548,118.0,18.6,-8.73,16.42
16:42:55.625,161.6,24.6,-23.34,7.76
16:42:55.625,206.6,36.6,-32.73,-16.39
16:42:55.625,251.6,21.5,-6.79,-20.4
16:42:55.625,296.6,38.9,17.42,-34.78
16:42:55.625,341.6,51.2,48.58,-16.16
16:42:55.625,26.6,74.0,66.17,33.13
16:42:55.625,71.6,29.6,9.34,28.09
16:42:55.625,116.6,16.4,-7.34,14.66
16:42:55.706,160.3,24.6,-23.16,8.29
16:42:55.706,205.3,51.9,-46.92,-22.18
16:42:55.706,250.3,21.5,-7.25,-20.24
16:42:55.706,295.3,38.9,16.62,-35.17
16:42:55.706,340.3,50.4,47.45,-16.99
16:42:55.706,25.3,74.8,67.63,31.97
16:42:55.706,70.3,29.1,9.81,27.4
16:42:55.706,115.3,16.4,-7.01,14.83
16:42:55.795,158.9,23.1,-21.55,8.32
16:42:55.795,203.9,53.1,-48.55,-21.51
16:42:55.795,248.9,40.8,-14.69,-38.06
16:42:55.795,293.9,47.9,19.41,-43.79
16:42:55.795,338.9,52.1,48.61,-18.76
16:42:55.795,23.9,75.1,68.66,30.43
16:42:55.795,68.9,79.3,28.55,73.98
16:42:55.795,113.9,26.0,-10.53,23.77
16:42:55.877,157.4,25.5,-23.54,9.8
16:42:55.877,202.4,52.6,-48.63,-20.04
16:42:55.877,247.4,40.7,-15.64,-37.57
16:42:55.877,292.4,49.5,18.86,-45.77
16:42:55.877,337.4,51.7,47.73,-19.87
16:42:55.877,22.4,75.9,70.17,28.92
16:42:55.877,67.4,29.9,11.49,27.6
16:42:55.877,112.4,17.0,-6.48,15.72
16:42:55.957,156.0,24.6,-22.47,10.01
16:42:55.957,201.0,49.7,-46.4,-17.81
16:42:55.957,246.0,23.0,-9.35,-21.01
16:42:55.957,291.0,49.8,17.85,-46.49
16:42:55.957,336.0,51.7,47.23,-21.03
16:42:55.957,21.0,56.9,53.12,20.39
16:42:55.957,66.0,18.9,7.69,17.27
16:42:55.957,111.0,17.0,-6.09,15.87
16:42:56.035,154.6,23.7,-21.41,10.17
16:42:56.035,199.6,45.9,-43.24,-15.4
16:42:56.035,244.6,41.5,-17.8,-37.49
16:42:56.035,289.6,50.1,16.81,-47.2
16:42:56.035,334.6,52.3,47.24,-22.43
16:42:56.035,19.6,56.5,53.23,18.95
16:42:56.035,64.6,17.9,7.68,16.17
16:42:56.035,109.6,16.7,-5.6,15.73
16:42:56.116,153.2,23.7,-21.15,10.69
16:42:56.116,198.2,46.3,-43.98,-14.46
16:42:56.116,243.2,39.4,-17.76,-35.17
16:42:56.116,288.2,37.1,11.59,-35.24
16:42:56.116,333.2,56.5,50.43,-25.47
16:42:56.116,18.2,74.0,70.3,23.11
16:42:56.116,63.2,18.2,8.21,16.25
16:42:56.116,108.2,18.0,-5.62,17.1
16:42:56.201,151.8,23.7,-20.89,11.2
16:42:56.201,196.8,44.5,-42.6,-12.86
16:42:56.201,241.8,41.0,-19.37,-36.13
16:42:56.201,286.8,39.1,11.3,-37.43
16:42:56.201,331.8,56.7,49.97,-26.79
16:42:56.201,16.8,74.3,71.13,21.48
16:42:56.201,61.8,17.3,8.18,15.25
16:42:56.201,106.8,18.0,-5.2,17.23
16:42:56.281,150.4,24.6,-21.39,12.15
16:42:56.281,195.4,44.5,-42.9,-11.82
16:42:56.281,240.4,38.9,-19.21,-33.82
16:42:56.281,285.4,37.7,10.01,-36.35
16:42:56.281,330.4,56.7,49.3,-28.01
16:42:56.281,15.4,73.4,70.76,19.49
16:42:56.281,60.4,16.3,8.05,14.17
16:42:56.281,105.4,19.3,-5.13,18.61
16:42:56.364,149.0,25.5,-21.86,13.13
16:42:56.364,194.0,45.3,-43.95,-10.96
16:42:56.364,239.0,38.9,-20.03,-33.34
16:42:56.364,284.0,37.7,9.12,-36.58
16:42:56.364,329.0,67.8,58.12,-34.92
16:42:56.364,14.0,73.0,70.83,17.66
16:42:56.364,59.0,16.3,8.4,13.97
16:42:56.364,104.0,19.0,-4.6,18.44
16:42:56.454,147.6,24.3,-20.52,13.02
16:42:56.454,192.6,46.5,-45.38,-10.14
16:42:56.454,237.6,41.0,-21.97,-34.62
16:42:56.454,282.6,48.9,10.67,-47.72
16:42:56.454,327.6,196.9,166.25,-105.5
16:42:56.454,12.6,73.0,71.24,15.92
16:42:56.454,57.6,16.7,8.95,14.1
16:42:56.454,102.6,16.4,-3.58,16.01
16:42:56.538,146.1,24.3,-20.17,13.55
16:42:56.538,191.1,22.5,-22.08,-4.33
16:42:56.538,236.1,39.4,-21.98,-32.7
16:42:56.538,281.1,36.8,7.08,-36.11
16:42:56.538,326.1,109.0,90.47,-60.79
16:42:56.538,11.1,73.8,72.42,14.21
16:42:56.538,56.1,17.0,9.48,14.11
16:42:56.538,101.1,16.4,-3.16,16.09
16:42:56.621,144.6,25.2,-20.54,14.6
16:42:56.621,189.6,23.6,-23.27,-3.94
16:42:56.621,234.6,39.8,-23.06,-32.44
16:42:56.621,279.6,36.8,6.14,-36.28
16:42:56.621,324.6,108.4,88.36,-62.79
16:42:56.621,9.6,73.3,72.27,12.22
16:42:56.621,54.6,16.0,9.27,13.04
16:42:56.621,99.6,16.4,-2.74,16.17
16:42:56.705,143.2,24.9,-19.94,14.92
16:42:56.705,188.2,22.8,-22.57,-3.25
16:42:56.705,233.2,41.9,-25.1,-33.55
16:42:56.705,278.2,37.3,5.32,-36.92
16:42:56.705,323.2,108.3,86.72,-64.87
16:42:56.705,8.2,73.3,72.55,10.45
16:42:56.705,53.2,16.0,9.58,12.81
16:42:56.705,98.2,16.4,-2.34,16.23
16:42:56.787,141.8,24.9,-19.57,15.4
16:42:56.787,186.8,21.8,-21.65,-2.58
16:42:56.787,231.8,42.4,-26.22,-33.32
16:42:56.787,276.8,48.5,5.74,-48.16
16:42:56.787,321.8,107.9,84.79,-66.73
16:42:56.787,6.8,73.0,72.49,8.64
16:42:56.787,51.8,16.0,9.89,12.57
16:42:56.787,96.8,16.4,-1.94,16.28
16:42:56.871,140.3,26.3,-20.24,16.8
16:42:56.871,185.3,21.8,-21.71,-2.01
16:42:56.871,230.3,41.2,-26.32,-31.7
16:42:56.871,275.3,35.7,3.3,-35.55
16:42:56.871,320.3,107.3,82.56,-68.54
16:42:56.871,5.3,73.9,73.58,6.83
16:42:56.871,50.3,16.3,10.41,12.54
16:42:56.871,95.3,19.3,-1.78,19.22
16:42:56.953,138.9,25.5,-19.22,16.76
16:42:56.953,183.9,20.9,-20.85,-1.42
16:42:56.953,228.9,41.2,-27.08,-31.05
16:42:56.953,273.9,36.1,2.46,-36.02
16:42:56.953,318.9,56.7,42.73,-37.27
16:42:56.953,3.9,71.7,71.53,4.88
16:42:56.953,48.9,16.3,10.72,12.28
16:42:56.953,93.9,25.4,-1.73,25.34
16:42:57.038,137.5,26.9,-19.83,18.17
16:42:57.038,182.5,20.9,-20.88,-0.91
16:42:57.038,227.5,42.6,-28.78,-31.41
16:42:57.038,272.5,40.1,1.75,-40.06
16:42:57.038,317.5,107.1,78.96,-72.36
16:42:57.038,2.5,73.9,73.83,3.22
16:42:57.038,47.5,16.3,11.01,12.02
16:42:57.038,92.5,25.4,-1.11,25.38
16:42:57.123,136.0,27.8,-20.0,19.31
16:42:57.123,181.0,20.9,-20.9,-0.36
16:42:57.123,226.0,43.0,-29.87,-30.93
16:42:57.123,271.0,50.0,0.87,-49.99
16:42:57.123,316.0,106.7,76.75,-74.12
16:42:57.123,1.0,74.3,74.29,1.3
16:42:57.123,46.0,16.3,11.32,11.73
16:42:57.123,91.0,16.1,-0.28,16.1
16:42:57.209,134.6,25.8,-18.12,18.37
16:42:57.209,179.6,20.9,-20.9,0.15
16:42:57.209,224.6,150.3,-107.02,-105.53
16:42:57.209,269.6,48.3,-0.34,-48.3
16:42:57.209,314.6,56.8,39.88,-40.44
16:42:57.209,359.6,74.9,74.9,-0.52
16:42:57.209,44.6,16.3,11.61,11.45
16:42:57.209,89.6,16.1,0.11,16.1
16:42:57.290,133.1,28.4,-19.4,20.74
16:42:57.290,178.1,20.9,-20.89,0.69
16:42:57.290,223.1,45.8,-33.44,-31.29
16:42:57.290,268.1,50.0,-1.66,-49.97
16:42:57.290,313.1,56.8,38.81,-41.47
16:42:57.290,358.1,75.8,75.76,-2.51
16:42:57.290,43.1,16.3,11.9,11.14
16:42:57.290,88.1,25.7,0.85,25.69
16:42:57.372,131.7,31.6,-21.02,23.59
16:42:57.372,176.7,19.6,-19.57,1.13
16:42:57.372,221.7,37.1,-27.7,-24.68
16:42:57.372,266.7,52.7,-3.03,-52.61
16:42:57.372,311.7,81.8,54.42,-61.08
16:42:57.372,356.7,29.5,29.45,-1.7
16:42:57.372,41.7,16.3,12.17,10.84
16:42:57.372,86.7,22.8,1.31,22.76
16:42:57.452,130.3,33.4,-21.6,25.47
16:42:57.452,175.3,20.9,-20.83,1.71
16:42:57.452,220.3,37.1,-28.29,-24.0
16:42:57.452,265.3,53.2,-4.36,-53.02
16:42:57.452,310.3,80.8,52.26,-61.62
16:42:57.452,355.3,30.3,30.2,-2.48
16:42:57.452,40.3,16.3,12.43,10.54
16:42:57.452,85.3,16.4,1.34,16.34
16:42:57.533,128.9,45.6,-28.64,35.49
16:42:57.533,173.9,23.0,-22.87,2.44
16:42:57.533,218.9,36.6,-28.48,-22.98
16:42:57.533,263.9,52.9,-5.62,-52.6
16:42:57.533,308.9,81.1,50.93,-63.12
16:42:57.533,353.9,29.8,29.63,-3.17
16:42:57.533,38.9,16.3,12.69,10.24
16:42:57.533,83.9,17.7,1.88,17.6
16:42:57.615,127.5,33.7,-20.52,26.74
16:42:57.615,172.5,21.8,-21.61,2.85
16:42:57.615,217.5,37.5,-29.75,-22.83
16:42:57.615,262.5,52.9,-6.9,-52.45
16:42:57.615,307.5,76.6,46.63,-60.77
16:42:57.615,352.5,27.5,27.26,-3.59
16:42:57.615,37.5,18.9,14.99,11.51
16:42:57.615,82.5,25.4,3.32,25.18
16:42:57.694,126.2,37.2,-21.97,30.02
16:42:57.694,171.2,21.8,-21.54,3.34
16:42:57.694,216.2,43.4,-35.02,-25.63
16:42:57.694,261.2,52.5,-8.03,-51.88
16:42:57.694,306.2,74.3,43.88,-59.96
16:42:57.694,351.2,26.6,26.29,-4.07
16:42:57.694,36.2,17.0,13.72,10.04
16:42:57.694,81.2,25.4,3.89,25.1
16:42:57.776,124.8,51.0,-29.11,41.88
16:42:57.776,169.8,40.8,-40.16,7.23
16:42:57.776,214.8,36.1,-29.64,-20.6
16:42:57.776,259.8,52.5,-9.3,-51.67
16:42:57.776,304.8,74.2,42.35,-60.93
16:42:57.776,349.8,24.3,23.92,-4.3
16:42:57.776,34.8,17.9,14.7,10.22
16:42:57.776,79.8,16.7,2.96,16.44
16:42:57.886,123.4,52.6,-28.96,43.91
16:42:57.886,168.4,39.9,-39.09,8.02
16:42:57.886,213.4,36.8,-30.72,-20.26
16:42:57.886,258.4,55.3,-11.12,-54.17
16:42:57.886,303.4,74.6,41.07,-62.28
16:42:57.886,348.4,26.0,25.47,-5.23
16:42:57.886,33.4,29.1,24.29,16.02
16:42:57.886,78.4,16.7,3.36,16.36
16:42:57.986,122.0,52.6,-27.87,44.61
16:42:57.986,167.0,39.4,-38.39,8.86
16:42:57.986,212.0,34.9,-29.6,-18.49
16:42:57.986,257.0,56.6,-12.73,-55.15
16:42:57.986,302.0,74.5,39.48,-63.18
16:42:57.986,347.0,29.5,28.74,-6.64
16:42:57.986,32.0,16.3,13.82,8.64
16:42:57.986,77.0,16.7,3.76,16.27
16:42:58.031,120.6,43.8,-22.3,37.7
16:42:58.031,165.6,36.2,-35.06,9.0
16:42:58.031,210.6,36.6,-31.5,-18.63
16:42:58.031,255.6,54.1,-13.45,-52.4
16:42:58.031,300.6,74.4,37.87,-64.04
16:42:58.031,345.6,19.3,18.69,-4.8
16:42:58.031,30.6,17.3,14.89,8.81
16:42:58.031,75.6,16.7,4.15,16.18
16:42:58.135,119.2,44.6,-21.76,38.93
16:42:58.135,164.2,36.2,-34.83,9.86
16:42:58.135,209.2,35.7,-31.16,-17.42
16:42:58.135,254.2,56.7,-15.44,-54.56
16:42:58.135,299.2,73.5,35.86,-64.16
16:42:58.135,344.2,18.4,17.7,-5.01
16:42:58.135,29.2,17.3,15.1,8.44
16:42:58.135,74.2,23.7,6.45,22.8
16:42:58.181,117.8,43.6,-20.33,38.57
16:42:58.181,162.8,40.6,-38.78,12.01
16:42:58.181,207.8,36.4,-32.2,-16.98
16:42:58.181,252.8,57.3,-16.94,-54.74
16:42:58.181,297.8,73.5,34.28,-65.02
16:42:58.181,342.8,17.4,16.62,-5.15
16:42:58.181,27.8,17.3,15.3,8.07
16:42:58.181,72.8,23.7,7.01,22.64
16:42:58.275,116.4,45.8,-20.36,41.02
16:42:58.275,161.4,40.6,-38.48,12.95
16:42:58.275,206.4,36.4,-32.6,-16.18
16:42:58.275,251.4,197.7,-63.06,-187.37
16:42:58.275,296.4,73.4,32.64,-65.75
16:42:58.275,341.4,17.7,16.78,-5.65
16:42:58.275,26.4,19.5,17.47,8.67
16:42:58.275,71.4,25.4,8.1,24.07
16:42:58.362,114.9,36.8,-15.49,33.38
16:42:58.362,159.9,40.6,-38.13,13.95
16:42:58.362,204.9,36.8,-33.38,-15.49
16:42:58.362,249.9,197.8,-67.98,-185.75
16:42:58.362,294.9,66.3,27.91,-60.14
16:42:58.362,339.9,16.7,15.68,-5.74
16:42:58.362,24.9,19.5,17.69,8.21
16:42:58.362,69.9,25.1,8.63,23.57
16:42:58.454,113.3,40.2,-15.9,36.92
16:42:58.454,158.3,40.6,-37.72,15.01
16:42:58.454,203.3,39.4,-36.19,-15.58
16:42:58.454,248.3,197.3,-72.95,-183.32
16:42:58.454,293.3,72.0,28.48,-66.13
16:42:58.454,338.3,16.7,15.52,-6.17
16:42:58.454,23.3,18.2,16.72,7.2
16:42:58.454,68.3,24.0,8.87,22.3
16:42:58.545,111.8,21.2,-7.87,19.68
16:42:58.545,156.8,40.6,-37.32,15.99
16:42:58.545,201.8,49.8,-46.24,-18.49
16:42:58.545,246.8,197.4,-77.76,-181.44
16:42:58.545,291.8,61.4,22.8,-57.01
16:42:58.545,336.8,17.1,15.72,-6.74
16:42:58.545,21.8,16.7,15.51,6.2
16:42:58.545,66.8,24.0,9.45,22.06
16:42:58.628,110.3,21.6,-7.49,20.26
16:42:58.628,155.3,41.0,-37.25,17.13
16:42:58.628,200.3,36.6,-34.33,-12.7
16:42:58.628,245.3,198.3,-82.86,-180.16
16:42:58.628,290.3,72.9,25.29,-68.37
16:42:58.628,335.3,16.1,14.63,-6.73
16:42:58.628,20.3,16.7,15.66,5.79
16:42:58.628,65.3,24.8,10.36,22.53
16:42:58.711,108.8,21.9,-7.06,20.73
16:42:58.711,153.8,41.5,-37.24,18.32
16:42:58.711,198.8,37.5,-35.5,-12.08
16:42:58.711,243.8,109.2,-48.21,-97.98
16:42:58.711,288.8,72.1,23.24,-68.25
16:42:58.711,333.8,16.1,14.45,-7.11
16:42:58.711,18.8,16.7,15.81,5.38
16:42:58.711,63.8,25.7,11.35,23.06
16:42:58.794,107.4,20.6,-6.16,19.66
16:42:58.794,152.4,43.3,-38.37,20.06
16:42:58.794,197.4,52.2,-49.81,-15.61
16:42:58.794,242.4,107.9,-49.99,-95.62
16:42:58.794,287.4,72.1,21.56,-68.8
16:42:58.794,332.4,16.1,14.27,-7.46
16:42:58.794,17.4,16.7,15.94,4.99
16:42:58.794,62.4,26.3,12.18,23.31
16:42:58.878,105.9,20.6,-5.64,19.81
16:42:58.878,150.9,42.9,-37.48,20.86
16:42:58.878,195.9,37.5,-36.07,-10.27
16:42:58.878,240.9,107.7,-52.38,-94.11
16:42:58.878,285.9,73.3,20.08,-70.5
16:42:58.878,330.9,16.4,14.33,-7.98
16:42:58.878,15.9,26.2,25.2,7.18
16:42:58.878,60.9,26.3,12.79,22.98
16:42:58.965,104.5,19.6,-4.91,18.98
16:42:58.965,149.5,42.9,-36.96,21.77
16:42:58.965,194.5,37.1,-35.92,-9.29
16:42:58.965,239.5,107.7,-54.66,-92.8
16:42:58.965,284.5,74.2,18.58,-71.84
16:42:58.965,329.5,16.4,14.13,-8.32
16:42:58.965,14.5,25.3,24.49,6.33
16:42:58.965,59.5,26.0,13.2,22.4
16:42:59.049,103.0,20.9,-4.7,20.36
16:42:59.049,148.0,44.3,-37.57,23.48
16:42:59.049,193.0,40.1,-39.07,-9.02
16:42:59.049,238.0,107.2,-56.81,-90.91
16:42:59.049,283.0,73.4,16.51,-71.52
16:42:59.049,328.0,16.4,13.91,-8.69
16:42:59.049,13.0,25.6,24.94,5.76
16:42:59.049,58.0,27.7,14.68,23.49
16:42:59.132,101.6,20.9,-4.2,20.47
16:42:59.132,146.6,43.1,-35.98,23.73
16:42:59.132,191.6,39.6,-38.79,-7.96
16:42:59.132,236.6,107.1,-58.96,-89.41
16:42:59.132,281.6,75.2,15.12,-73.66
16:42:59.132,326.6,16.4,13.69,-9.03
16:42:59.132,11.6,25.6,25.08,5.15
16:42:59.132,56.6,26.6,14.64,22.21
16:42:59.217,100.1,20.9,-3.67,20.58
16:42:59.217,145.1,43.1,-35.35,24.66
16:42:59.217,190.1,37.5,-36.92,-6.58
16:42:59.217,235.1,107.1,-61.28,-87.84
16:42:59.217,280.1,75.3,13.21,-74.13
16:42:59.217,325.1,16.4,13.45,-9.38
16:42:59.217,10.1,25.0,24.61,4.38
16:42:59.217,55.1,26.3,15.05,21.57
16:42:59.322,98.7,19.7,-2.98,19.47
16:42:59.322,188.7,37.5,-37.07,-5.67
16:42:59.322,233.7,106.9,-63.29,-86.15
16:42:59.322,278.7,75.8,11.47,-74.93
16:42:59.322,323.7,16.4,13.22,-9.71
16:42:59.322,8.7,25.0,24.71,3.78
16:42:59.322,53.7,32.1,19.0,25.87
16:42:59.426,96.9,19.7,-2.37,19.56
16:42:59.426,186.9,37.1,-36.83,-4.46
16:42:59.426,231.9,40.3,-24.87,-31.71
16:42:59.426,276.9,26.3,3.16,-26.11
16:42:59.426,321.9,16.4,12.91,-10.12
16:42:59.426,6.9,25.9,25.71,3.11
16:42:59.426,51.9,33.9,20.92,26.68
16:42:59.520,95.2,21.9,-1.98,21.81
16:42:59.520,185.2,36.4,-36.25,-3.3
16:42:59.520,230.2,75.9,-48.58,-58.31
16:42:59.520,275.2,22.8,2.07,-22.71
16:42:59.520,320.2,16.4,12.6,-10.5
16:42:59.520,5.2,17.0,16.93,1.54
16:42:59.520,50.2,35.0,22.4,26.89
16:42:59.600,93.5,20.6,-1.26,20.56
16:42:59.600,138.5,36.9,-27.64,24.45
16:42:59.600,183.5,37.7,-37.63,-2.3
16:42:59.600,228.5,76.2,-50.49,-57.07
16:42:59.600,273.5,25.8,1.58,-25.75
16:42:59.600,318.5,18.0,13.48,-11.93
16:42:59.600,3.5,25.3,25.25,1.54
16:42:59.600,48.5,36.7,24.32,27.49
16:42:59.683,92.1,20.6,-0.75,20.59
16:42:59.683,137.1,36.4,-26.66,24.78
16:42:59.683,182.1,37.5,-37.47,-1.37
16:42:59.683,227.1,76.5,-52.08,-56.04
16:42:59.683,272.1,30.0,1.1,-29.98
16:42:59.683,317.1,18.0,13.19,-12.25
16:42:59.683,2.1,24.4,24.38,0.89
16:42:59.683,47.1,52.3,35.6,38.31
16:42:59.788,90.7,22.8,-0.28,22.8
16:42:59.788,180.7,49.6,-49.6,-0.61
16:42:59.788,225.7,75.5,-52.73,-54.03
16:42:59.788,270.7,25.2,0.31,-25.2
16:42:59.788,315.7,17.1,12.24,-11.94
16:42:59.788,0.7,25.3,25.3,0.31
16:42:59.788,45.7,53.5,37.37,38.29
16:42:59.864,89.0,41.2,0.72,41.19
16:42:59.864,134.0,37.1,-25.77,26.69
16:42:59.864,179.0,50.1,-50.09,0.87
16:42:59.864,224.0,73.7,-53.02,-51.2
16:42:59.864,269.0,22.6,-0.39,-22.6
16:42:59.864,314.0,17.1,11.88,-12.3
16:42:59.864,359.0,25.3,25.3,-0.44
16:42:59.864,44.0,50.3,36.18,34.94
16:42:59.969,87.6,40.2,1.68,40.16
16:42:59.969,177.6,49.8,-49.76,2.09
16:42:59.969,222.6,74.1,-54.54,-50.16
16:42:59.969,267.6,19.0,-0.8,-18.98
16:42:59.969,312.6,19.0,12.86,-13.99
16:42:59.969,357.6,24.4,24.38,-1.02
16:42:59.969,42.6,43.7,32.17,29.58
16:43:00.071,85.8,39.3,2.88,39.19
16:43:00.071,175.8,53.7,-53.56,3.93
16:43:00.071,220.8,74.4,-56.32,-48.61
16:43:00.071,265.8,19.6,-1.44,-19.55
16:43:00.071,310.8,16.4,10.72,-12.41
16:43:00.071,355.8,24.4,24.33,-1.79
16:43:00.071,40.8,44.5,33.69,29.08
16:43:00.153,84.0,39.3,4.11,39.08
16:43:00.153,129.0,37.5,-23.6,29.14
16:43:00.153,174.0,56.4,-56.09,5.9
16:43:00.153,219.0,73.5,-57.12,-46.26
16:43:00.153,264.0,18.4,-1.92,-18.3
16:43:00.153,309.0,16.1,10.13,-12.51
16:43:00.153,354.0,24.7,24.56,-2.58
16:43:00.153,39.0,44.6,34.66,28.07
16:43:00.243,82.6,39.3,5.06,38.97
16:43:00.243,127.6,37.6,-22.94,29.79
16:43:00.243,172.6,197.9,-196.25,25.49
16:43:00.243,217.6,73.9,-58.55,-45.09
16:43:00.243,262.6,17.7,-2.28,-17.55
16:43:00.243,307.6,17.4,10.62,-13.79
16:43:00.243,352.6,24.7,24.49,-3.18
16:43:00.243,37.6,45.3,35.89,27.64
16:43:00.333,81.1,39.3,6.08,38.83
16:43:00.333,126.1,35.9,-21.15,29.01
16:43:00.333,171.1,197.6,-195.22,30.57
16:43:00.333,216.1,73.4,-59.31,-43.25
16:43:00.333,261.1,16.4,-2.54,-16.2
16:43:00.333,306.1,18.7,11.02,-15.11
16:43:00.333,351.1,25.3,25.0,-3.91
16:43:00.333,36.1,23.1,18.66,13.61
16:43:00.418,79.5,39.8,7.25,39.13
16:43:00.418,124.5,37.1,-21.01,30.58
16:43:00.418,169.5,69.3,-68.14,12.63
16:43:00.418,214.5,73.9,-60.9,-41.86
16:43:00.418,259.5,16.7,-3.04,-16.42
16:43:00.418,304.5,19.6,11.1,-16.15
16:43:00.418,349.5,23.3,22.91,-4.25
16:43:00.418,34.5,22.2,18.3,12.57
16:43:00.506,78.2,39.8,8.14,38.96
16:43:00.506,123.2,58.7,-32.14,49.12
16:43:00.506,168.2,197.1,-192.93,40.31
16:43:00.506,213.2,72.9,-61.0,-39.92
16:43:00.506,258.2,17.1,-3.5,-16.74
16:43:00.506,303.2,17.1,9.36,-14.31
16:43:00.506,348.2,23.3,22.81,-4.76
16:43:00.506,33.2,21.2,17.74,11.61
16:43:00.594,76.6,39.8,9.22,38.72
16:43:00.594,121.6,39.2,-20.54,33.39
16:43:00.594,166.6,198.0,-192.61,45.89
16:43:00.594,211.6,73.3,-62.43,-38.41
16:43:00.594,256.6,16.1,-3.73,-15.66
16:43:00.594,301.6,17.1,8.96,-14.56
16:43:00.594,346.6,24.2,23.54,-5.61
16:43:00.594,31.6,23.7,20.19,12.42
16:43:00.679,75.1,40.2,10.34,38.85
16:43:00.679,120.1,36.6,-18.36,31.66
16:43:00.679,165.1,142.6,-137.81,36.67
16:43:00.679,210.1,73.8,-63.85,-37.01
16:43:00.679,255.1,16.1,-4.14,-15.56
16:43:00.679,300.1,17.0,8.53,-14.71
16:43:00.679,345.1,25.0,24.16,-6.43
16:43:00.679,30.1,21.5,18.6,10.78
16:43:00.765,73.6,42.3,11.94,40.58
16:43:00.765,118.6,36.2,-17.33,31.78
16:43:00.765,163.6,141.2,-135.46,39.87
16:43:00.765,208.6,73.8,-64.8,-35.33
16:43:00.765,253.6,16.1,-4.55,-15.44
16:43:00.765,298.6,17.1,8.19,-15.01
16:43:00.765,343.6,25.9,24.85,-7.31
16:43:00.765,28.6,20.6,18.09,9.86
16:43:00.848,72.2,43.2,13.21,41.13
16:43:00.848,117.2,35.4,-16.18,31.49
16:43:00.848,162.2,109.3,-104.07,33.41
16:43:00.848,207.2,73.3,-65.19,-33.51
16:43:00.848,252.2,16.4,-5.01,-15.61
16:43:00.848,297.2,16.7,7.63,-14.85
16:43:00.848,342.2,25.6,24.37,-7.83
16:43:00.848,27.2,19.3,17.17,8.82
16:43:00.933,70.7,41.6,13.75,39.26
16:43:00.933,115.7,35.4,-15.35,31.9
16:43:00.933,160.7,107.9,-101.84,35.66
16:43:00.933,205.7,73.4,-66.14,-31.83
16:43:00.933,250.7,16.4,-5.42,-15.48
16:43:00.933,295.7,26.3,11.41,-23.7
16:43:00.933,340.7,26.5,25.01,-8.76
16:43:00.933,25.7,19.3,17.39,8.37
16:43:01.017,69.3,41.6,14.7,38.91
16:43:01.017,114.3,35.9,-14.77,32.72
16:43:01.017,159.3,107.9,-100.93,38.14
16:43:01.017,204.3,73.0,-66.53,-30.04
16:43:01.017,249.3,16.4,-5.8,-15.34
16:43:01.017,294.3,17.0,7.0,-15.49
16:43:01.017,339.3,25.3,23.67,-8.94
16:43:01.017,24.3,20.6,18.77,8.48
16:43:01.103,67.8,56.7,21.42,52.5
16:43:01.103,112.8,35.9,-13.91,33.09
16:43:01.103,157.8,107.8,-99.81,40.73
16:43:01.103,202.8,73.0,-67.3,-28.29
16:43:01.103,247.8,16.4,-6.2,-15.18
16:43:01.103,292.8,24.0,9.3,-22.12
16:43:01.103,337.8,26.2,24.26,-9.9
16:43:01.103,22.8,20.6,18.99,7.98
16:43:01.189,66.4,38.4,15.37,35.19
16:43:01.189,111.4,36.4,-13.28,33.89
16:43:01.189,156.4,107.3,-98.33,42.96
16:43:01.189,201.4,74.3,-69.18,-27.11
16:43:01.189,246.4,16.7,-6.69,-15.3
16:43:01.189,291.4,25.7,9.38,-23.93
16:43:01.189,336.4,25.9,23.73,-10.37
16:43:01.189,21.4,20.9,19.46,7.63
16:43:01.271,64.9,43.6,18.5,39.48
16:43:01.271,109.9,35.7,-12.15,33.57
16:43:01.271,154.9,107.7,-97.53,45.69
16:43:01.271,199.9,74.4,-69.96,-25.32
16:43:01.271,244.9,16.4,-6.96,-14.85
16:43:01.271,289.9,25.2,8.58,-23.7
16:43:01.271,334.9,26.8,24.27,-11.37
16:43:01.271,19.9,19.6,18.43,6.67
16:43:01.355,63.5,38.6,17.22,34.54
16:43:01.355,108.5,36.2,-11.49,34.33
16:43:01.355,153.5,107.2,-95.94,47.83
16:43:01.355,198.5,75.8,-71.88,-24.05
16:43:01.355,243.5,16.4,-7.32,-14.68
16:43:01.355,288.5,17.7,5.62,-16.79
16:43:01.355,333.5,25.6,22.91,-11.42
16:43:01.355,18.5,19.6,18.59,6.22
16:43:01.439,62.0,38.1,17.89,33.64
16:43:01.439,107.0,36.6,-10.7,35.0
16:43:01.439,152.0,106.7,-94.21,50.09
16:43:01.439,197.0,76.2,-72.87,-22.28
16:43:01.439,242.0,16.4,-7.7,-14.48
16:43:01.439,287.0,25.5,7.46,-24.39
16:43:01.439,332.0,29.6,26.14,-13.9
16:43:01.439,17.0,20.6,19.7,6.02
16:43:01.521,60.6,36.8,18.07,32.06
16:43:01.521,105.6,38.0,-10.22,36.6
16:43:01.521,150.6,106.7,-92.96,52.38
16:43:01.521,195.6,29.4,-28.32,-7.91
16:43:01.521,240.6,16.4,-8.05,-14.29
16:43:01.521,285.6,25.5,6.86,-24.56
16:43:01.521,330.6,34.0,29.62,-16.69
16:43:01.521,15.6,20.6,19.84,5.54
16:43:01.603,59.2,36.3,18.59,31.18
16:43:01.603,104.2,53.8,-13.2,52.16
16:43:01.603,149.2,106.7,-91.65,54.63
16:43:01.603,194.2,29.4,-28.5,-7.21
16:43:01.603,239.2,16.4,-8.4,-14.09
16:43:01.603,284.2,17.1,4.19,-16.58
16:43:01.603,329.2,56.6,48.62,-28.98
16:43:01.603,14.2,20.6,19.97,5.05
16:43:01.686,57.8,50.2,26.75,42.48
16:43:01.686,102.8,53.8,-11.92,52.46
16:43:01.686,147.8,80.3,-67.95,42.79
16:43:01.686,192.8,27.1,-26.43,-6.0
16:43:01.686,237.8,16.4,-8.74,-13.88
16:43:01.686,282.8,17.0,3.77,-16.58
16:43:01.686,327.8,56.6,47.89,-30.16
16:43:01.686,12.8,20.3,19.8,4.5
16:43:01.765,56.4,43.2,23.91,35.98
16:43:01.765,101.4,38.7,-7.65,37.94
16:43:01.765,146.4,74.2,-61.8,41.06
16:43:01.765,191.4,27.1,-26.57,-5.36
16:43:01.765,236.4,18.0,-9.96,-14.99
16:43:01.765,281.4,17.0,3.36,-16.66
16:43:01.765,326.4,36.1,30.07,-19.98
16:43:01.765,11.4,20.3,19.9,4.01
16:43:01.846,55.0,37.2,21.34,30.47
16:43:01.846,100.0,53.4,-9.27,52.59
16:43:01.846,145.0,75.4,-61.76,43.25
16:43:01.846,190.0,26.5,-26.1,-4.6
16:43:01.846,235.0,16.1,-9.23,-13.19
16:43:01.846,280.0,24.9,4.32,-24.52
16:43:01.846,325.0,36.1,29.57,-20.71
16:43:01.846,10.0,24.5,24.13,4.25
16:43:01.926,53.6,36.8,21.84,29.62
16:43:01.926,98.6,50.0,-7.48,49.44
16:43:01.926,143.6,56.7,-45.64,33.65
16:43:01.926,188.6,24.8,-24.52,-3.71
16:43:01.926,233.6,16.1,-9.55,-12.96
16:43:01.926,278.6,16.1,2.41,-15.92
16:43:01.926,323.6,52.5,42.26,-31.15
16:43:01.926,8.6,43.7,43.21,6.53
16:43:02.008,52.2,36.8,22.55,29.08
16:43:02.008,97.2,52.6,-6.59,52.19
16:43:02.008,142.2,74.8,-59.1,45.85
16:43:02.008,187.2,29.1,-28.87,-3.65
16:43:02.008,232.2,26.6,-16.3,-21.02
16:43:02.008,277.2,16.1,2.02,-15.97
16:43:02.008,322.2,52.5,41.48,-32.18
16:43:02.008,7.2,20.9,20.74,2.62
16:43:02.091,50.8,70.8,44.75,54.87
16:43:02.091,95.8,56.5,-5.71,56.21
16:43:02.091,140.8,74.7,-57.89,47.21
16:43:02.091,185.8,22.4,-22.29,-2.26
16:43:02.091,230.8,19.0,-12.01,-14.72
16:43:02.091,275.8,16.1,1.63,-16.02
16:43:02.091,320.8,50.8,39.37,-32.11
16:43:02.091,5.8,22.2,22.09,2.24
16:43:02.181,49.4,60.8,39.57,46.16
16:43:02.181,94.4,197.4,-15.14,196.82
16:43:02.181,139.4,74.6,-56.64,48.55
16:43:02.181,184.4,18.9,-18.84,-1.45
16:43:02.181,229.4,16.4,-10.67,-12.45
16:43:02.181,274.4,16.1,1.24,-16.05
16:43:02.181,319.4,44.4,33.71,-28.89
16:43:02.181,4.4,39.7,39.58,3.05
16:43:02.270,47.9,46.6,31.24,34.58
16:43:02.270,92.9,197.8,-10.01,197.55
16:43:02.270,137.9,74.2,-55.05,49.75
16:43:02.270,182.9,18.0,-17.98,-0.91
16:43:02.270,227.9,16.4,-10.99,-12.17
16:43:02.270,272.9,16.1,0.81,-16.08
16:43:02.270,317.9,44.8,33.24,-30.04
16:43:02.270,2.9,39.7,39.65,2.01
16:43:02.361,46.3,37.9,26.18,27.4
16:43:02.361,91.3,197.9,-4.49,197.85
16:43:02.361,136.3,73.7,-53.28,50.92
16:43:02.361,181.3,18.3,-18.3,-0.42
16:43:02.361,226.3,17.4,-12.02,-12.58
16:43:02.361,271.3,16.1,0.37,-16.1
16:43:02.361,316.3,45.2,32.68,-31.23
16:43:02.361,1.3,39.7,39.69,0.9
16:43:02.450,44.8,37.4,26.54,26.35
16:43:02.450,89.8,197.9,0.69,197.9
16:43:02.450,134.8,74.1,-52.21,52.58
16:43:02.450,179.8,17.3,-17.3,0.06
16:43:02.450,224.8,18.7,-13.27,-13.18
16:43:02.450,269.8,24.9,-0.09,-24.9
16:43:02.450,314.8,46.4,32.7,-32.92
16:43:02.450,359.8,39.7,39.7,-0.14
16:43:02.541,43.3,37.4,27.22,25.65
16:43:02.541,88.3,197.6,5.86,197.51
16:43:02.541,133.3,73.6,-50.48,53.56
16:43:02.541,178.3,16.3,-16.29,0.48
16:43:02.541,223.3,18.7,-13.61,-12.82
16:43:02.541,268.3,25.7,-0.76,-25.69
16:43:02.541,313.3,50.1,34.36,-36.46
16:43:02.541,358.3,40.2,40.18,-1.19
16:43:02.629,41.7,56.7,42.33,37.72
16:43:02.629,86.7,197.1,11.35,196.77
16:43:02.629,131.7,74.0,-49.23,55.25
16:43:02.629,176.7,16.7,-16.67,0.96
16:43:02.629,221.7,17.1,-12.77,-11.38
16:43:02.629,266.7,23.7,-1.36,-23.66
16:43:02.629,311.7,21.5,14.3,-16.05
16:43:02.629,356.7,40.2,40.13,-2.31
16:43:02.718,40.2,37.0,28.26,23.88
16:43:02.718,85.2,198.0,16.57,197.31
16:43:02.718,130.2,73.5,-47.44,56.14
16:43:02.718,175.2,16.7,-16.64,1.4
16:43:02.718,220.2,17.1,-13.06,-11.04
16:43:02.718,265.2,24.6,-2.06,-24.51
16:43:02.718,310.2,22.7,14.65,-17.34
16:43:02.718,355.2,38.6,38.46,-3.23
16:43:02.807,38.7,36.5,28.49,22.82
16:43:02.807,83.7,198.5,21.78,197.3
16:43:02.807,128.7,73.1,-45.71,57.05
16:43:02.807,173.7,16.0,-15.9,1.76
16:43:02.807,218.7,17.1,-13.35,-10.69
16:43:02.807,263.7,25.4,-2.79,-25.25
16:43:02.807,308.7,21.8,13.63,-17.01
16:43:02.807,353.7,41.1,40.85,-4.51
16:43:02.891,37.1,54.0,43.07,32.57
16:43:02.891,82.1,108.9,14.97,107.87
16:43:02.891,127.1,73.5,-44.34,58.62
16:43:02.891,172.1,16.0,-15.85,2.2
16:43:02.891,217.1,17.1,-13.64,-10.31
16:43:02.891,262.1,25.2,-3.46,-24.96
16:43:02.891,307.1,22.1,13.33,-17.63
16:43:02.891,352.1,41.6,41.21,-5.72
16:43:02.980,35.7,53.5,43.45,31.22
16:43:02.980,80.7,108.8,17.58,107.37
16:43:02.980,125.7,74.0,-43.18,60.09
16:43:02.980,170.7,16.0,-15.79,2.59
16:43:02.980,215.7,17.1,-13.89,-9.98
16:43:02.980,260.7,25.2,-4.07,-24.87
16:43:02.980,305.7,20.8,12.14,-16.89
16:43:02.980,350.7,42.0,41.45,-6.79
16:43:03.069,34.3,50.3,41.55,28.35
16:43:03.069,79.3,108.7,20.18,106.81
16:43:03.069,124.3,74.4,-41.93,61.46
16:43:03.069,169.3,16.0,-15.72,2.97
16:43:03.069,214.3,20.3,-16.77,-11.44
16:43:03.069,259.3,26.6,-4.94,-26.14
16:43:03.069,304.3,19.9,11.21,-16.44
16:43:03.069,349.3,42.5,41.76,-7.89
16:43:03.146,32.8,51.0,42.87,27.63
16:43:03.146,77.8,108.3,22.89,105.85
16:43:03.146,122.8,74.9,-40.57,62.96
16:43:03.146,167.8,16.3,-15.93,3.44
16:43:03.146,212.8,18.7,-15.72,-10.13
16:43:03.146,257.8,25.7,-5.43,-25.12
16:43:03.146,302.8,19.9,10.78,-16.73
16:43:03.146,347.8,42.9,41.93,-9.07
16:43:03.231,31.4,49.7,42.42,25.89
16:43:03.231,76.4,107.8,25.35,104.78
16:43:03.231,121.4,74.5,-38.82,63.59
16:43:03.231,166.4,16.3,-15.84,3.83
16:43:03.231,211.4,24.9,-21.25,-12.97
16:43:03.231,256.4,26.6,-6.25,-25.85
16:43:03.231,301.4,21.1,10.99,-18.01
16:43:03.231,346.4,43.9,42.67,-10.32
16:43:03.314,29.9,51.1,44.3,25.47
16:43:03.314,74.9,107.3,27.95,103.6
16:43:03.314,119.9,75.0,-37.39,65.02
16:43:03.314,164.9,16.3,-15.74,4.25
16:43:03.314,209.9,25.2,-21.85,-12.56
16:43:03.314,254.9,27.2,-7.09,-26.26
16:43:03.314,299.9,21.1,10.52,-18.29
16:43:03.314,344.9,43.1,41.61,-11.23
16:43:03.408,28.5,52.9,46.49,25.24
16:43:03.408,73.5,107.7,30.59,103.26
16:43:03.408,118.5,75.4,-35.98,66.26
16:43:03.408,163.5,16.3,-15.63,4.63
16:43:03.408,208.5,25.5,-22.41,-12.17
16:43:03.408,253.5,26.0,-7.38,-24.93
16:43:03.408,298.5,19.9,9.5,-17.49
16:43:03.408,343.5,44.5,42.67,-12.64
16:43:03.485,27.0,52.6,46.87,23.88
16:43:03.485,72.0,107.1,33.1,101.86
16:43:03.485,117.0,75.5,-34.28,67.27
16:43:03.485,162.0,16.3,-15.5,5.04
16:43:03.485,207.0,24.6,-21.92,-11.17
16:43:03.485,252.0,27.8,-8.59,-26.44
16:43:03.485,297.0,19.9,9.03,-17.73
16:43:03.485,342.0,56.9,54.12,-17.58
16:43:03.570,25.5,52.1,47.02,22.43
16:43:03.570,70.5,107.1,35.75,100.96
16:43:03.570,115.5,75.6,-32.55,68.24
16:43:03.570,160.5,16.4,-15.46,5.47
16:43:03.570,205.5,25.5,-23.02,-10.98
16:43:03.570,250.5,29.2,-9.75,-27.53
16:43:03.570,295.5,19.9,8.57,-17.96
16:43:03.570,340.5,44.3,41.76,-14.79
16:43:03.655,24.1,52.9,48.29,21.6
16:43:03.655,69.1,107.1,38.21,100.05
16:43:03.655,114.1,26.5,-10.82,24.19
16:43:03.655,159.1,16.3,-15.23,5.81
16:43:03.655,204.1,25.5,-23.28,-10.41
16:43:03.655,249.1,32.4,-11.56,-30.27
16:43:03.655,294.1,21.1,8.62,-19.26
16:43:03.655,339.1,43.9,41.01,-15.66
16:43:03.736,22.6,53.1,49.02,20.41
16:43:03.736,67.6,107.1,40.81,99.02
16:43:03.736,112.6,29.9,-11.49,27.6
16:43:03.736,157.6,16.3,-15.07,6.21
16:43:03.736,202.6,16.1,-14.86,-6.19
16:43:03.736,247.6,47.6,-18.14,-44.01
16:43:03.736,292.6,20.8,7.99,-19.2
16:43:03.736,337.6,49.9,46.13,-19.02
16:43:03.818,21.2,52.3,48.76,18.91
16:43:03.818,66.2,107.0,43.18,97.9
16:43:03.818,111.2,28.5,-10.31,26.57
16:43:03.818,156.2,17.6,-16.1,7.1
16:43:03.818,201.2,24.9,-23.21,-9.0
16:43:03.818,246.2,34.0,-13.72,-31.11
16:43:03.818,291.2,20.8,7.52,-19.39
16:43:03.818,336.2,45.6,41.72,-18.4
16:43:03.906,19.8,52.8,49.68,17.89
16:43:03.906,64.8,81.6,34.74,73.83
16:43:03.906,109.8,29.4,-9.96,27.66
16:43:03.906,154.8,18.0,-16.29,7.66
16:43:03.906,199.8,24.9,-23.43,-8.43
16:43:03.906,244.8,37.9,-16.14,-34.29
16:43:03.906,289.8,20.8,7.05,-19.57
16:43:03.906,334.8,49.8,45.06,-21.2
16:43:03.983,18.4,52.8,50.1,16.67
16:43:03.983,63.4,81.0,36.27,72.43
16:43:03.983,108.4,28.0,-8.84,26.57
16:43:03.983,153.4,17.0,-15.2,7.61
16:43:03.983,198.4,25.8,-24.48,-8.14
16:43:03.983,243.4,53.8,-24.09,-48.11
16:43:03.983,288.4,41.4,13.07,-39.28
16:43:03.983,333.4,50.1,44.8,-22.43
16:43:04.065,17.0,53.3,50.97,15.58
16:43:04.065,62.0,74.8,35.12,66.04
16:43:04.065,107.0,28.0,-8.19,26.78
16:43:04.065,152.0,32.2,-28.43,15.12
16:43:04.065,197.0,22.8,-21.8,-6.67
16:43:04.065,242.0,52.1,-24.46,-46.0
16:43:04.065,287.0,40.5,11.84,-38.73
16:43:04.065,332.0,50.1,44.24,-23.52
16:43:04.146,15.6,53.3,51.34,14.33
16:43:04.146,60.6,75.6,37.11,65.86
16:43:04.146,105.6,20.9,-5.62,20.13
16:43:04.146,150.6,18.6,-16.2,9.13
16:43:04.146,195.6,16.4,-15.8,-4.41
16:43:04.146,240.6,43.6,-21.4,-37.98
16:43:04.146,285.6,22.4,6.02,-21.57
16:43:04.146,330.6,44.7,38.94,-21.94
16:43:04.227,14.2,53.8,52.16,13.2
16:43:04.227,59.2,75.5,38.66,64.85
16:43:04.227,104.2,18.6,-4.56,18.03
16:43:04.227,149.2,17.3,-14.86,8.86
16:43:04.227,194.2,16.4,-15.9,-4.02
16:43:04.227,239.2,46.2,-23.66,-39.68
16:43:04.227,284.2,40.0,9.81,-38.78
16:43:04.227,329.2,51.0,43.81,-26.11
16:43:04.308,12.8,54.3,52.95,12.03
16:43:04.308,57.8,75.4,40.18,63.8
16:43:04.308,102.8,18.9,-4.19,18.43
16:43:04.308,147.8,17.3,-14.64,9.22
16:43:04.308,192.8,16.4,-15.99,-3.63
16:43:04.308,237.8,44.4,-23.66,-37.57
16:43:04.308,282.8,39.5,8.75,-38.52
16:43:04.308,327.8,48.8,41.29,-26.0
16:43:04.393,11.4,56.5,55.39,11.17
16:43:04.393,56.4,74.5,41.23,62.05
16:43:04.393,101.4,18.0,-3.56,17.64
16:43:04.393,146.4,18.3,-15.24,10.13
16:43:04.393,191.4,16.4,-16.08,-3.24
16:43:04.393,236.4,45.2,-25.01,-37.65
16:43:04.393,281.4,41.2,8.14,-40.39
16:43:04.393,326.4,43.5,36.23,-24.07
16:43:04.473,10.0,56.7,55.84,9.85
16:43:04.473,55.0,74.5,42.73,61.03
16:43:04.473,100.0,17.0,-2.95,16.74
16:43:04.473,145.0,18.3,-14.99,10.5
16:43:04.473,190.0,25.2,-24.82,-4.38
16:43:04.473,235.0,46.0,-26.38,-37.68
16:43:04.473,280.0,39.1,6.79,-38.51
16:43:04.473,325.0,50.1,41.04,-28.74
16:43:04.554,8.6,58.1,57.45,8.69
16:43:04.554,53.6,74.9,44.45,60.29
16:43:04.554,98.6,17.0,-2.54,16.81
16:43:04.554,143.6,19.6,-15.78,11.63
16:43:04.554,188.6,24.9,-24.62,-3.72
16:43:04.554,233.6,37.4,-22.19,-30.1
16:43:04.554,278.6,39.1,5.85,-38.66
16:43:04.554,323.6,49.7,40.0,-29.49
16:43:04.643,7.2,197.1,195.55,24.7
16:43:04.643,52.2,74.4,45.6,58.79
16:43:04.643,97.2,17.3,-2.17,17.16
16:43:04.643,142.2,18.0,-14.22,11.03
16:43:04.643,187.2,23.7,-23.51,-2.97
16:43:04.643,232.2,21.6,-13.24,-17.07
16:43:04.643,277.2,41.2,5.16,-40.88
16:43:04.643,322.2,47.2,37.3,-28.93
16:43:04.727,5.7,110.0,109.46,10.93
16:43:04.727,50.7,74.4,47.12,57.57
16:43:04.727,95.7,16.4,-1.63,16.32
16:43:04.727,140.7,16.7,-12.92,10.58
16:43:04.727,185.7,23.7,-23.58,-2.35
16:43:04.727,230.7,21.9,-13.87,-16.95
16:43:04.727,275.7,39.5,3.92,-39.3
16:43:04.727,320.7,49.4,38.23,-31.29
16:43:04.811,4.2,109.0,108.71,7.98
16:43:04.811,49.2,75.2,49.14,56.93
16:43:04.811,94.2,16.3,-1.19,16.26
16:43:04.811,139.2,16.7,-12.64,10.91
16:43:04.811,184.2,24.6,-24.53,-1.8
16:43:04.811,229.2,23.1,-15.09,-17.49
16:43:04.811,274.2,40.0,2.93,-39.89
16:43:04.811,319.2,49.7,37.62,-32.48
16:43:04.910,2.8,108.9,108.77,5.32
16:43:04.910,47.8,75.2,50.51,55.71
16:43:04.910,92.8,16.7,-0.82,16.68
16:43:04.910,137.8,16.7,-12.37,11.22
16:43:04.910,182.8,25.5,-25.47,-1.25
16:43:04.910,227.8,20.9,-14.04,-15.48
16:43:04.910,272.8,40.5,1.98,-40.45
16:43:04.910,317.8,55.1,40.82,-37.01
16:43:04.980,1.3,107.9,107.87,2.45
16:43:04.980,46.3,75.2,51.95,54.37
16:43:04.980,91.3,16.7,-0.38,16.7
16:43:04.980,136.3,16.7,-12.07,11.54
16:43:04.980,181.3,26.3,-26.29,-0.6
16:43:04.980,226.3,20.0,-13.82,-14.46
16:43:04.980,271.3,42.5,0.96,-42.49
16:43:04.980,316.3,50.8,36.73,-35.1
16:43:05.064,0.0,107.5,107.5,0.0
16:43:05.064,45.0,73.1,51.69,51.69
16:43:05.064,90.0,16.7,0.0,16.7
16:43:05.064,135.0,27.1,-19.16,19.16
16:43:05.064,180.0,26.1,-26.1,0.0
16:43:05.064,225.0,20.0,-14.14,-14.14
16:43:05.064,270.0,41.4,-0.0,-41.4
16:43:05.064,315.0,49.9,35.28,-35.28
16:43:05.151,0.0,107.5,107.5,0.0
16:43:05.151,45.0,75.3,53.25,53.25
16:43:05.151,90.0,16.7,0.0,16.7
16:43:05.151,135.0,26.2,-18.53,18.53
16:43:05.151,180.0,26.0,-26.0,0.0
16:43:05.151,225.0,20.0,-14.14,-14.14
16:43:05.151,270.0,41.4,-0.0,-41.4
16:43:05.151,315.0,53.4,37.76,-37.76
16:43:05.233,0.0,106.9,106.9,0.0
16:43:05.233,45.0,75.7,53.53,53.53
16:43:05.233,90.0,16.7,0.0,16.7
16:43:05.233,135.0,26.2,-18.53,18.53
16:43:05.233,180.0,26.0,-26.0,0.0
16:43:05.233,225.0,20.0,-14.14,-14.14
16:43:05.233,270.0,41.4,-0.0,-41.4
16:43:05.233,315.0,44.7,31.61,-31.61
16:43:05.317,0.0,107.4,107.4,0.0
16:43:05.317,45.0,75.7,53.53,53.53
16:43:05.317,90.0,16.7,0.0,16.7
16:43:05.317,135.0,26.2,-18.53,18.53
16:43:05.317,180.0,26.0,-26.0,0.0
16:43:05.317,225.0,20.0,-14.14,-14.14
16:43:05.317,270.0,41.4,-0.0,-41.4
16:43:05.317,315.0,34.7,24.54,-24.54
16:43:05.401,0.0,107.8,107.8,0.0
16:43:05.401,45.0,75.3,53.25,53.25
16:43:05.401,90.0,16.7,0.0,16.7
16:43:05.401,135.0,26.2,-18.53,18.53
16:43:05.401,180.0,26.1,-26.1,0.0
16:43:05.401,225.0,19.9,-14.07,-14.07
16:43:05.401,270.0,41.4,-0.0,-41.4
16:43:05.401,315.0,37.6,26.59,-26.59
16:43:05.488,0.0,107.4,107.4,0.0
16:43:05.488,45.0,75.3,53.25,53.25
16:43:05.488,90.0,16.7,0.0,16.7
16:43:05.488,135.0,26.2,-18.53,18.53
16:43:05.488,180.0,26.1,-26.1,0.0
16:43:05.488,225.0,19.9,-14.07,-14.07
16:43:05.488,270.0,41.4,-0.0,-41.4
16:43:05.488,315.0,37.4,26.45,-26.45
16:43:05.570,0.0,106.9,106.9,0.0
16:43:05.570,45.0,75.3,53.25,53.25
16:43:05.570,90.0,16.7,0.0,16.7
16:43:05.570,135.0,26.2,-18.53,18.53
16:43:05.570,180.0,26.0,-26.0,0.0
16:43:05.570,225.0,20.0,-14.14,-14.14
16:43:05.570,270.0,41.8,-0.0,-41.8
16:43:05.570,315.0,36.2,25.6,-25.6
16:43:05.654,0.0,107.4,107.4,0.0
16:43:05.654,45.0,74.9,52.96,52.96
16:43:05.654,90.0,16.7,0.0,16.7
16:43:05.654,135.0,26.2,-18.53,18.53
16:43:05.654,180.0,26.1,-26.1,0.0
16:43:05.654,225.0,20.0,-14.14,-14.14
16:43:05.654,270.0,41.4,-0.0,-41.4
16:43:05.654,315.0,37.6,26.59,-26.59
16:43:05.739,0.0,107.4,107.4,0.0
16:43:05.739,45.0,75.3,53.25,53.25
16:43:05.739,90.0,16.7,0.0,16.7
16:43:05.739,135.0,26.2,-18.53,18.53
16:43:05.739,180.0,26.1,-26.1,0.0
16:43:05.739,225.0,19.9,-14.07,-14.07
16:43:05.739,270.0,41.9,-0.0,-41.9
16:43:05.739,315.0,37.6,26.59,-26.59
16:43:05.827,0.0,107.4,107.4,0.0
16:43:05.827,45.0,75.3,53.25,53.25
16:43:05.827,90.0,16.7,0.0,16.7
16:43:05.827,135.0,26.2,-18.53,18.53
16:43:05.827,180.0,26.1,-26.1,0.0
16:43:05.827,225.0,20.0,-14.14,-14.14
16:43:05.827,270.0,41.9,-0.0,-41.9
16:43:05.827,315.0,38.1,26.94,-26.94
16:43:05.908,0.0,107.4,107.4,0.0
16:43:05.908,45.0,75.3,53.25,53.25
16:43:05.908,90.0,16.7,0.0,16.7
16:43:05.908,135.0,26.2,-18.53,18.53
16:43:05.908,180.0,26.1,-26.1,0.0
16:43:05.908,225.0,20.0,-14.14,-14.14
16:43:05.908,270.0,42.3,-0.0,-42.3
16:43:05.908,315.0,38.5,27.22,-27.22
16:43:05.993,0.0,107.4,107.4,0.0
16:43:05.993,45.0,75.3,53.25,53.25
16:43:05.993,90.0,16.7,0.0,16.7
16:43:05.993,135.0,26.2,-18.53,18.53
16:43:05.993,180.0,26.1,-26.1,0.0
16:43:05.993,225.0,19.9,-14.07,-14.07
16:43:05.993,270.0,43.1,-0.0,-43.1
16:43:05.993,315.0,36.9,26.09,-26.09
16:43:06.077,0.0,107.4,107.4,0.0
16:43:06.077,45.0,75.3,53.25,53.25
16:43:06.077,90.0,16.7,0.0,16.7
16:43:06.077,135.0,26.2,-18.53,18.53
16:43:06.077,180.0,26.1,-26.1,0.0
16:43:06.077,225.0,19.9,-14.07,-14.07
16:43:06.077,270.0,41.9,-0.0,-41.9
16:43:06.077,315.0,36.0,25.46,-25.46
16:43:06.162,1.5,107.4,107.36,2.81
16:43:06.162,46.5,75.3,51.83,54.62
16:43:06.162,91.5,16.7,-0.44,16.69
16:43:06.162,136.5,26.2,-19.0,18.03
16:43:06.162,181.5,26.1,-26.09,-0.68
16:43:06.162,226.5,19.9,-13.7,-14.43
16:43:06.162,271.5,42.3,1.11,-42.29
16:43:06.162,316.5,36.5,26.48,-25.12
16:43:06.257,3.1,107.4,107.24,5.81
16:43:06.257,48.1,74.8,49.95,55.67
16:43:06.257,93.1,16.7,-0.9,16.68
16:43:06.257,138.1,26.2,-19.5,17.5
16:43:06.257,183.1,26.1,-26.06,-1.41
16:43:06.257,228.1,20.0,-13.36,-14.89
16:43:06.257,273.1,41.8,2.26,-41.74
16:43:06.257,318.1,38.1,28.36,-25.44
16:43:06.332,4.6,107.4,107.05,8.61
16:43:06.332,49.6,74.9,48.54,57.04
16:43:06.332,94.6,16.7,-1.34,16.65
16:43:06.332,139.6,27.1,-20.64,17.56
16:43:06.332,184.6,26.1,-26.02,-2.09
16:43:06.332,229.6,20.0,-12.96,-15.23
16:43:06.332,274.6,40.9,3.28,-40.77
16:43:06.332,319.6,36.5,27.8,-23.66
16:43:06.416,6.1,107.5,106.89,11.42
16:43:06.416,51.1,75.3,47.29,58.6
16:43:06.416,96.1,16.7,-1.77,16.61
16:43:06.416,141.1,16.7,-13.0,10.49
16:43:06.416,186.1,26.3,-26.15,-2.79
16:43:06.416,231.1,21.2,-13.31,-16.5
16:43:06.416,276.1,40.9,4.35,-40.67
16:43:06.416,321.1,38.1,29.65,-23.93
16:43:06.499,7.6,107.6,106.65,14.23
16:43:06.499,52.6,73.9,44.89,58.71
16:43:06.499,97.6,16.7,-2.21,16.55
16:43:06.499,142.6,16.7,-13.27,10.14
16:43:06.499,187.6,25.5,-25.28,-3.37
16:43:06.499,232.6,20.9,-12.69,-16.6
16:43:06.499,277.6,40.5,5.36,-40.14
16:43:06.499,322.6,39.0,30.98,-23.69
16:43:06.583,9.1,108.0,106.64,17.08
16:43:06.583,54.1,74.8,43.86,60.59
16:43:06.583,99.1,16.7,-2.64,16.49
16:43:06.583,144.1,16.7,-13.53,9.79
16:43:06.583,189.1,24.6,-24.29,-3.89
16:43:06.583,234.1,23.1,-13.55,-18.71
16:43:06.583,279.1,40.0,6.33,-39.5
16:43:06.583,324.1,37.6,30.46,-22.05
16:43:06.667,10.6,108.1,106.26,19.89
16:43:06.667,55.6,73.5,41.53,60.65
16:43:06.667,100.6,16.3,-3.0,16.02
16:43:06.667,145.6,16.7,-13.78,9.43
16:43:06.667,190.6,23.7,-23.3,-4.36
16:43:06.667,235.6,21.9,-12.37,-18.07
16:43:06.667,280.6,40.0,7.36,-39.32
16:43:06.667,325.6,37.2,30.69,-21.02
16:43:06.756,12.2,197.6,193.14,41.76
16:43:06.756,57.2,74.9,40.57,62.96
16:43:06.756,102.2,16.3,-3.44,15.93
16:43:06.756,147.2,18.0,-15.13,9.75
16:43:06.756,192.2,23.7,-23.16,-5.01
16:43:06.756,237.2,21.6,-11.7,-18.16
16:43:06.756,282.2,39.5,8.35,-38.61
16:43:06.756,327.2,36.7,30.85,-19.88
16:43:06.846,13.8,197.1,191.41,47.01
16:43:06.846,58.8,74.0,38.33,63.3
16:43:06.846,103.8,17.0,-4.06,16.51
16:43:06.846,148.8,19.6,-16.77,10.15
16:43:06.846,193.8,24.9,-24.18,-5.94
16:43:06.846,238.8,37.4,-19.37,-31.99
16:43:06.846,283.8,39.1,9.33,-37.97
16:43:06.846,328.8,36.7,31.39,-19.01
16:43:06.936,15.4,197.5,190.41,52.45
16:43:06.936,60.4,75.3,37.19,65.47
16:43:06.936,105.4,17.0,-4.51,16.39
16:43:06.936,150.4,18.3,-15.91,9.04
16:43:06.936,195.4,25.2,-24.3,-6.69
16:43:06.936,240.4,45.2,-22.33,-39.3
16:43:06.936,285.4,39.1,10.38,-37.7
16:43:06.936,330.4,37.1,32.26,-18.33
16:43:07.017,17.0,57.4,54.89,16.78
16:43:07.017,62.0,74.1,34.79,65.43
16:43:07.017,107.0,18.0,-5.26,17.21
16:43:07.017,152.0,17.3,-15.27,8.12
16:43:07.017,197.0,16.4,-15.68,-4.79
16:43:07.017,242.0,44.4,-20.84,-39.2
16:43:07.017,287.0,41.6,12.16,-39.78
16:43:07.017,332.0,36.7,32.4,-17.23
16:43:07.098,18.4,57.0,54.09,17.99
16:43:07.098,63.4,75.4,33.76,67.42
16:43:07.098,108.4,18.9,-5.97,17.93
16:43:07.098,153.4,17.3,-15.47,7.75
16:43:07.098,198.4,16.4,-15.56,-5.18
16:43:07.098,243.4,44.4,-19.88,-39.7
16:43:07.098,288.4,40.0,12.63,-37.96
16:43:07.098,333.4,37.6,33.62,-16.84
16:43:07.180,19.9,55.5,52.19,18.89
16:43:07.180,64.9,75.0,31.81,67.92
16:43:07.180,109.9,19.6,-6.67,18.43
16:43:07.180,154.9,17.3,-15.67,7.34
16:43:07.180,199.9,16.4,-15.42,-5.58
16:43:07.180,244.9,45.8,-19.43,-41.48
16:43:07.180,289.9,22.4,7.62,-21.06
16:43:07.180,334.9,59.3,53.7,-25.16
16:43:07.271,21.4,54.1,50.37,19.74
16:43:07.271,66.4,74.2,29.71,67.99
16:43:07.271,111.4,29.6,-10.8,27.56
16:43:07.271,156.4,34.9,-31.98,13.97
16:43:07.271,201.4,22.8,-21.23,-8.32
16:43:07.271,246.4,51.2,-20.5,-46.92
16:43:07.271,291.4,40.5,14.78,-37.71
16:43:07.271,336.4,61.1,55.99,-24.46
16:43:07.366,22.9,52.3,48.18,20.35
16:43:07.366,67.9,75.2,28.29,69.67
16:43:07.366,112.9,27.1,-10.55,24.96
16:43:07.366,157.9,17.0,-15.75,6.4
16:43:07.366,202.9,25.7,-23.67,-10.0
16:43:07.366,247.9,51.7,-19.45,-47.9
16:43:07.366,292.9,23.0,8.95,-21.19
16:43:07.467,24.7,50.5,45.88,21.1
16:43:07.467,69.7,81.1,28.14,76.06
16:43:07.467,114.7,29.4,-12.29,26.71
16:43:07.467,159.7,18.0,-16.88,6.24
16:43:07.467,204.7,24.9,-22.62,-10.4
16:43:07.467,249.7,35.3,-12.25,-33.11
16:43:07.467,294.7,20.8,8.69,-18.9
16:43:07.549,26.5,53.8,48.15,24.01
16:43:07.549,71.5,107.1,33.98,101.57
16:43:07.549,116.5,29.9,-13.34,26.76
16:43:07.549,161.5,16.3,-15.46,5.17
16:43:07.549,206.5,16.1,-14.41,-7.18
16:43:07.549,251.5,49.8,-15.8,-47.23
16:43:07.549,296.5,20.8,9.28,-18.61
16:43:07.549,341.5,43.1,40.87,-13.68
16:43:07.632,28.0,54.6,48.21,25.63
16:43:07.632,73.0,107.1,31.31,102.42
16:43:07.632,118.0,25.7,-12.07,22.69
16:43:07.632,163.0,16.3,-15.59,4.77
16:43:07.632,208.0,25.8,-22.78,-12.11
16:43:07.632,253.0,32.4,-9.47,-30.98
16:43:07.632,298.0,19.9,9.34,-17.57
16:43:07.632,343.0,57.3,54.8,-16.75
16:43:07.713,29.5,50.5,43.95,24.87
16:43:07.713,74.5,107.1,28.62,103.2
16:43:07.713,119.5,29.1,-14.33,25.33
16:43:07.713,164.5,16.3,-15.71,4.36
16:43:07.713,209.5,25.5,-22.19,-12.56
16:43:07.713,254.5,29.2,-7.8,-28.14
16:43:07.713,299.5,19.9,9.8,-17.32
16:43:07.713,344.5,43.3,41.73,-11.57
16:43:07.800,31.0,38.4,32.92,19.78
16:43:07.800,76.0,107.1,25.91,103.92
16:43:07.800,121.0,75.9,-39.09,65.06
16:43:07.800,166.0,16.4,-15.91,3.97
16:43:07.800,211.0,24.6,-21.09,-12.67
16:43:07.800,256.0,26.1,-6.31,-25.32
16:43:07.800,301.0,19.9,10.25,-17.06
16:43:07.800,346.0,43.3,42.01,-10.48
16:43:07.889,32.5,37.4,31.54,20.1
16:43:07.889,77.5,44.1,9.54,43.05
16:43:07.889,122.5,75.5,-40.57,63.68
16:43:07.889,167.5,16.3,-15.91,3.53
16:43:07.889,212.5,19.3,-16.28,-10.37
16:43:07.889,257.5,26.1,-5.65,-25.48
16:43:07.889,302.5,21.1,11.34,-17.8
16:43:07.889,347.5,149.7,146.15,-32.4
16:43:08.032,34.1,38.6,31.96,21.64
16:43:08.032,79.1,107.3,20.29,105.36
16:43:08.032,124.1,75.0,-42.05,62.1
16:43:08.032,169.1,16.3,-16.01,3.08
16:43:08.032,214.1,25.2,-20.87,-14.13
16:43:08.032,259.1,27.5,-5.2,-27.0
16:43:08.032,304.1,21.1,11.83,-17.47
16:43:08.032,349.1,41.8,41.05,-7.9
16:43:08.054,35.6,38.1,30.98,22.18
16:43:08.054,80.6,107.8,17.61,106.35
16:43:08.054,125.6,74.5,-43.37,60.58
16:43:08.054,170.6,16.3,-16.08,2.66
16:43:08.054,215.6,25.8,-20.98,-15.02
16:43:08.054,260.6,25.7,-4.2,-25.35
16:43:08.054,305.6,19.9,11.58,-16.18
16:43:08.054,350.6,42.9,42.32,-7.01
16:43:08.145,37.1,48.4,38.6,29.2
16:43:08.145,82.1,107.8,14.82,106.78
16:43:08.145,127.1,73.6,-44.4,58.7
16:43:08.145,172.1,16.4,-16.24,2.25
16:43:08.145,217.1,20.0,-15.95,-12.06
16:43:08.145,262.1,26.6,-3.66,-26.35
16:43:08.145,307.1,19.9,12.0,-15.87
16:43:08.145,352.1,42.0,41.6,-5.77
16:43:08.223,38.6,46.3,36.18,28.89
16:43:08.223,83.6,108.7,12.12,108.02
16:43:08.223,128.6,74.0,-46.17,57.83
16:43:08.223,173.6,16.0,-15.9,1.78
16:43:08.223,218.6,27.2,-21.26,-16.97
16:43:08.223,263.6,25.2,-2.81,-25.04
16:43:08.223,308.6,20.8,12.98,-16.26
16:43:08.223,353.6,41.6,41.34,-4.64
16:43:08.310,40.2,46.2,35.29,29.82
16:43:08.310,85.2,108.8,9.1,108.42
16:43:08.310,130.2,73.5,-47.44,56.14
16:43:08.310,175.2,16.0,-15.94,1.34
16:43:08.310,220.2,17.1,-13.06,-11.04
16:43:08.310,265.2,26.0,-2.18,-25.91
16:43:08.310,310.2,22.1,14.26,-16.88
16:43:08.310,355.2,41.6,41.45,-3.48
16:43:08.391,41.7,52.6,39.27,34.99
16:43:08.391,86.7,109.4,6.3,109.22
16:43:08.391,131.7,73.1,-48.63,54.58
16:43:08.391,176.7,16.0,-15.97,0.92
16:43:08.391,221.7,17.1,-12.77,-11.38
16:43:08.391,266.7,24.6,-1.42,-24.56
16:43:08.391,311.7,21.8,14.5,-16.28
16:43:08.391,356.7,40.6,40.53,-2.34
16:43:08.470,43.2,37.2,27.12,25.47
16:43:08.470,88.2,43.9,1.38,43.88
16:43:08.470,133.2,73.5,-50.31,53.58
16:43:08.470,178.2,17.0,-16.99,0.53
16:43:08.470,223.2,17.1,-12.47,-11.71
16:43:08.470,268.2,23.7,-0.74,-23.69
16:43:08.470,313.2,21.5,14.72,-15.67
16:43:08.470,358.2,40.1,40.08,-1.26
16:43:08.559,44.6,36.8,26.2,25.84
16:43:08.559,89.6,197.6,1.38,197.6
16:43:08.559,134.6,73.5,-51.61,52.33
16:43:08.559,179.6,16.7,-16.7,0.12
16:43:08.559,224.6,17.1,-12.18,-12.01
16:43:08.559,269.6,24.6,-0.17,-24.6
16:43:08.559,314.6,46.2,32.44,-32.9
16:43:08.559,359.6,40.2,40.2,-0.28
16:43:08.648,46.2,36.3,25.12,26.2
16:43:08.648,91.2,197.6,-4.14,197.56
16:43:08.648,136.2,73.6,-53.12,50.94
16:43:08.648,181.2,16.3,-16.3,-0.34
16:43:08.648,226.2,18.7,-12.94,-13.5
16:43:08.648,271.2,25.7,0.54,-25.69
16:43:08.648,316.2,36.1,26.06,-24.99
16:43:08.648,1.2,39.7,39.69,0.83
16:43:08.730,47.8,36.3,24.38,26.89
16:43:08.730,92.8,57.2,-2.79,57.13
16:43:08.730,137.8,73.6,-54.52,49.44
16:43:08.730,182.8,17.3,-17.28,-0.85
16:43:08.730,227.8,18.7,-12.56,-13.85
16:43:08.730,272.8,24.9,1.22,-24.87
16:43:08.730,317.8,46.0,34.08,-30.9
16:43:08.730,2.8,39.7,39.65,1.94
16:43:08.811,49.3,36.7,23.93,27.82
16:43:08.811,94.3,62.1,-4.66,61.93
16:43:08.811,139.3,73.6,-55.8,47.99
16:43:08.811,184.3,18.3,-18.25,-1.37
16:43:08.811,229.3,17.4,-11.35,-13.19
16:43:08.811,274.3,16.1,1.21,-16.05
16:43:08.811,319.3,45.6,34.57,-29.74
16:43:08.811,4.3,39.7,39.59,2.98
16:43:08.891,50.7,37.2,23.56,28.79
16:43:08.891,95.7,66.3,-6.58,65.97
16:43:08.891,140.7,74.1,-57.34,46.93
16:43:08.891,185.7,18.0,-17.91,-1.79
16:43:08.891,230.7,16.4,-10.39,-12.69
16:43:08.891,275.7,16.1,1.6,-16.02
16:43:08.891,320.7,44.8,34.67,-28.38
16:43:08.891,5.7,39.7,39.5,3.94
16:43:08.971,52.2,36.3,22.25,28.68
16:43:08.971,97.2,60.2,-7.55,59.73
16:43:08.971,142.2,75.2,-59.42,46.09
16:43:08.971,187.2,18.9,-18.75,-2.37
16:43:08.971,232.2,17.7,-10.85,-13.99
16:43:08.971,277.2,16.1,2.02,-15.97
16:43:08.971,322.2,49.9,39.43,-30.58
16:43:08.971,7.2,20.9,20.74,2.62
16:43:09.053,53.6,36.5,21.66,29.38
16:43:09.053,98.6,56.3,-8.42,55.67
16:43:09.053,143.6,74.7,-60.13,44.33
16:43:09.053,188.6,27.7,-27.39,-4.14
16:43:09.053,233.6,20.3,-12.05,-16.34
16:43:09.053,278.6,16.1,2.41,-15.92
16:43:09.053,323.6,50.7,40.81,-30.09
16:43:09.053,8.6,22.2,21.95,3.32
16:43:09.136,55.1,37.9,21.68,31.08
16:43:09.136,100.1,55.0,-9.65,54.15
16:43:09.136,145.1,74.8,-61.35,42.8
16:43:09.136,190.1,26.5,-26.09,-4.65
16:43:09.136,235.1,18.4,-10.53,-15.09
16:43:09.136,280.1,16.1,2.82,-15.85
16:43:09.136,325.1,54.2,44.45,-31.01
16:43:09.136,10.1,43.7,43.02,7.66
16:43:09.217,56.6,37.5,20.64,31.31
16:43:09.217,101.6,53.6,-10.78,52.51
16:43:09.217,146.6,74.9,-62.53,41.23
16:43:09.217,191.6,25.7,-25.18,-5.17
16:43:09.217,236.6,16.1,-8.86,-13.44
16:43:09.217,281.6,24.9,5.01,-24.39
16:43:09.217,326.6,36.1,30.14,-19.87
16:43:09.217,11.6,21.5,21.06,4.32
16:43:09.299,58.0,37.5,19.87,31.8
16:43:09.299,103.0,56.3,-12.66,54.86
16:43:09.299,148.0,77.1,-65.38,40.86
16:43:09.299,193.0,27.1,-26.41,-6.1
16:43:09.299,238.0,18.0,-9.54,-15.26
16:43:09.299,283.0,16.1,3.62,-15.69
16:43:09.299,328.0,57.1,48.42,-30.26
16:43:09.299,13.0,20.6,20.07,4.63
16:43:09.380,59.5,37.2,18.88,32.05
16:43:09.380,104.5,39.6,-9.92,38.34
16:43:09.380,149.5,75.0,-64.62,38.07
16:43:09.380,194.5,27.1,-26.24,-6.79
16:43:09.380,239.5,16.4,-8.32,-14.13
16:43:09.380,284.5,17.1,4.28,-16.56
16:43:09.380,329.5,56.6,48.77,-28.73
16:43:09.380,14.5,20.6,19.94,5.16
16:43:09.460,60.9,37.0,17.99,32.33
16:43:09.460,105.9,38.7,-10.6,37.22
16:43:09.460,150.9,106.7,-93.23,51.89
16:43:09.460,195.9,29.4,-28.28,-8.05
16:43:09.460,240.9,16.4,-7.98,-14.33
16:43:09.460,285.9,26.3,7.21,-25.29
16:43:09.460,330.9,32.7,28.57,-15.9
16:43:09.460,15.9,20.6,19.81,5.64
16:43:09.545,62.4,48.5,22.47,42.98
16:43:09.545,107.4,38.5,-11.51,36.74
16:43:09.545,152.4,106.8,-94.65,49.48
16:43:09.545,197.4,76.8,-73.29,-22.97
16:43:09.545,242.4,16.4,-7.6,-14.53
16:43:09.545,287.4,25.4,7.6,-24.24
16:43:09.545,332.4,33.5,29.69,-15.52
16:43:09.545,17.4,19.6,18.7,5.86
16:43:09.627,64.0,48.7,21.35,43.77
16:43:09.627,109.0,37.3,-12.14,35.27
16:43:09.627,154.0,56.6,-50.87,24.81
16:43:09.627,199.0,76.2,-72.05,-24.81
16:43:09.627,244.0,16.4,-7.19,-14.74
16:43:09.627,289.0,19.0,6.19,-17.96
16:43:09.627,334.0,26.5,23.82,-11.62
16:43:09.627,19.0,19.6,18.53,6.38
16:43:09.712,65.4,42.8,17.82,38.92
16:43:09.712,110.4,37.3,-13.0,34.96
16:43:09.712,155.4,107.3,-97.56,44.67
16:43:09.712,200.4,74.4,-69.73,-25.93
16:43:09.712,245.4,16.4,-6.83,-14.91
16:43:09.712,290.4,25.2,8.78,-23.62
16:43:09.712,335.4,25.9,23.55,-10.78
16:43:09.712,20.4,19.6,18.37,6.83
16:43:09.796,66.9,43.2,16.95,39.74
16:43:09.796,111.9,36.4,-13.58,33.77
16:43:09.796,156.9,107.3,-98.7,42.1
16:43:09.796,201.9,74.8,-69.4,-27.9
16:43:09.796,246.9,16.4,-6.43,-15.09
16:43:09.796,291.9,24.9,9.29,-23.1
16:43:09.796,336.9,26.2,24.1,-10.28
16:43:09.796,21.9,20.9,19.39,7.8
16:43:09.883,68.5,44.0,16.13,40.94
16:43:09.883,113.5,36.6,-14.59,33.56
16:43:09.883,158.5,107.4,-99.93,39.36
16:43:09.883,203.5,73.9,-67.77,-29.47
16:43:09.883,248.5,16.4,-6.01,-15.26
16:43:09.883,293.5,18.4,7.34,-16.87
16:43:09.883,338.5,25.3,23.54,-9.27
16:43:09.883,23.5,20.6,18.89,8.21
16:43:09.964,70.0,43.0,14.71,40.41
16:43:09.964,115.0,36.2,-15.3,32.81
16:43:09.964,160.0,107.4,-100.92,36.73
16:43:09.964,205.0,73.4,-66.52,-31.02
16:43:09.964,250.0,16.4,-5.61,-15.41
16:43:09.964,295.0,17.1,7.23,-15.5
16:43:09.964,340.0,26.5,24.9,-9.06
16:43:09.964,25.0,19.6,17.76,8.28
16:43:10.051,71.5,42.1,13.36,39.92
16:43:10.051,116.5,36.2,-16.15,32.4
16:43:10.051,161.5,107.9,-102.32,34.24
16:43:10.051,206.5,73.8,-66.05,-32.93
16:43:10.051,251.5,16.4,-5.2,-15.55
16:43:10.051,296.5,17.1,7.63,-15.3
16:43:10.051,341.5,25.6,24.28,-8.12
16:43:10.051,26.5,19.3,17.27,8.61
16:43:10.132,73.0,43.2,12.63,41.31
16:43:10.132,118.0,36.9,-17.32,32.58
16:43:10.132,163.0,108.0,-103.28,31.58
16:43:10.132,208.0,73.4,-64.81,-34.46
16:43:10.132,253.0,16.4,-4.79,-15.68
16:43:10.132,298.0,17.1,8.03,-15.1
16:43:10.132,343.0,25.9,24.77,-7.57
16:43:10.132,28.0,20.6,18.19,9.67
16:43:10.216,74.5,41.2,11.01,39.7
16:43:10.216,119.5,36.4,-17.92,31.68
16:43:10.216,164.5,109.0,-105.04,29.13
16:43:10.216,209.5,73.8,-64.23,-36.34
16:43:10.216,254.5,16.1,-4.3,-15.51
16:43:10.216,299.5,17.1,8.42,-14.88
16:43:10.216,344.5,25.0,24.09,-6.68
16:43:10.216,29.5,21.6,18.8,10.64
16:43:10.301,76.0,40.2,9.73,39.01
16:43:10.301,121.0,35.9,-18.49,30.77
16:43:10.301,166.0,110.4,-107.12,26.71
16:43:10.301,211.0,73.3,-62.83,-37.75
16:43:10.301,256.0,16.1,-3.89,-15.62
16:43:10.301,301.0,17.0,8.76,-14.57
16:43:10.301,346.0,24.1,23.38,-5.83
16:43:10.301,31.0,36.9,31.63,19.0
16:43:10.385,77.5,39.8,8.61,38.86
16:43:10.385,122.5,37.1,-19.93,31.29
16:43:10.385,167.5,144.4,-140.98,31.25
16:43:10.385,212.5,73.4,-61.9,-39.44
16:43:10.385,257.5,17.1,-3.7,-16.69
16:43:10.385,302.5,17.1,9.19,-14.42
16:43:10.385,347.5,23.3,22.75,-5.04
16:43:10.385,32.5,21.2,17.88,11.39
16:43:10.475,79.1,39.3,7.43,38.59
16:43:10.475,124.1,37.1,-20.8,30.72
16:43:10.475,169.1,197.1,-193.54,37.27
16:43:10.475,214.1,73.4,-60.78,-41.15
16:43:10.475,259.1,16.8,-3.18,-16.5
16:43:10.475,304.1,19.6,10.99,-16.23
16:43:10.475,349.1,24.4,23.96,-4.61
16:43:10.475,34.1,20.9,17.31,11.72
16:43:10.565,80.7,39.3,6.35,38.78
16:43:10.565,125.7,36.9,-21.53,29.97
16:43:10.565,170.7,197.6,-195.0,31.93
16:43:10.565,215.7,73.5,-59.69,-42.89
16:43:10.565,260.7,16.4,-2.65,-16.18
16:43:10.565,305.7,18.7,10.91,-15.19
16:43:10.565,350.7,25.6,25.26,-4.14
16:43:10.565,35.7,45.7,37.11,26.67
16:43:10.648,82.3,39.3,5.27,38.95
16:43:10.648,127.3,58.3,-35.33,46.38
16:43:10.648,172.3,55.3,-54.8,7.41
16:43:10.648,217.3,73.0,-58.07,-44.24
16:43:10.648,262.3,17.7,-2.37,-17.54
16:43:10.648,307.3,17.4,10.54,-13.84
16:43:10.648,352.3,24.7,24.48,-3.31
16:43:10.648,37.3,45.0,35.8,27.27
16:43:10.732,83.8,39.3,4.24,39.07
16:43:10.732,128.8,46.3,-29.01,36.08
16:43:10.732,173.8,54.8,-54.48,5.92
16:43:10.732,218.8,74.0,-57.67,-46.37
16:43:10.732,263.8,18.4,-1.99,-18.29
16:43:10.732,308.8,16.1,10.09,-12.55
16:43:10.732,353.8,24.7,24.56,-2.67
16:43:10.732,38.8,44.6,34.76,27.95
16:43:10.814,85.3,38.8,3.18,38.67
16:43:10.814,130.3,60.2,-38.94,45.91
16:43:10.814,175.3,55.1,-54.91,4.51
16:43:10.814,220.3,73.2,-55.83,-47.35
16:43:10.814,265.3,19.3,-1.58,-19.24
16:43:10.814,310.3,16.4,10.61,-12.51
16:43:10.814,355.3,16.0,15.95,-1.31
16:43:10.814,40.3,46.0,35.08,29.75
16:43:10.897,86.8,39.3,2.19,39.24
16:43:10.897,131.8,49.8,-33.19,37.12
16:43:10.897,176.8,53.7,-53.62,3.0
16:43:10.897,221.8,75.0,-55.91,-49.99
16:43:10.897,266.8,19.0,-1.06,-18.97
16:43:10.897,311.8,37.0,24.66,-27.58
16:43:10.897,356.8,16.0,15.98,-0.89
16:43:10.897,41.8,52.1,38.84,34.73
16:43:10.999,88.3,39.8,1.18,39.78
16:43:10.999,178.3,51.9,-51.88,1.54
16:43:10.999,223.3,74.1,-53.93,-50.82
16:43:10.999,268.3,22.6,-0.67,-22.59
16:43:10.999,313.3,17.1,11.73,-12.44
16:43:10.999,358.3,25.6,25.59,-0.76
16:43:10.999,43.3,51.8,37.7,35.53
16:43:11.103,90.1,41.6,-0.07,41.6
16:43:11.103,180.1,38.9,-38.9,-0.07
16:43:11.103,225.1,76.0,-53.65,-53.83
16:43:11.103,270.1,27.8,0.05,-27.8
16:43:11.103,315.1,17.0,12.04,-12.0
16:43:11.103,0.1,24.4,24.4,0.04
16:43:11.103,45.1,37.6,26.54,26.63
16:43:11.202,92.0,20.6,-0.72,20.59
16:43:11.202,182.0,37.1,-37.08,-1.29
16:43:11.202,227.0,77.1,-52.58,-56.39
16:43:11.202,272.0,25.8,0.9,-25.78
16:43:11.202,317.0,16.4,11.99,-11.18
16:43:11.202,2.0,17.0,16.99,0.59
16:43:11.202,47.0,33.6,22.92,24.57
16:43:11.283,93.8,20.6,-1.37,20.55
16:43:11.283,138.8,56.8,-42.74,37.41
16:43:11.283,183.8,37.3,-37.22,-2.47
16:43:11.283,228.8,76.3,-50.26,-57.41
16:43:11.283,273.8,21.6,1.43,-21.55
16:43:11.283,318.8,16.4,12.34,-10.8
16:43:11.283,3.8,26.2,26.14,1.74
16:43:11.283,48.8,36.5,24.04,27.46
16:43:11.387,95.2,22.2,-2.01,22.11
16:43:11.387,185.2,37.5,-37.35,-3.4
16:43:11.387,230.2,81.3,-52.04,-62.46
16:43:11.387,275.2,75.8,6.87,-75.49
16:43:11.387,320.2,16.4,12.6,-10.5
16:43:11.387,5.2,25.0,24.9,2.27
16:43:11.387,50.2,33.4,21.38,25.66
16:43:11.471,97.1,19.6,-2.42,19.45
16:43:11.471,142.1,43.3,-34.17,26.6
16:43:11.471,187.1,36.1,-35.82,-4.46
16:43:11.471,232.1,107.0,-65.73,-84.43
16:43:11.471,277.1,73.5,9.08,-72.94
16:43:11.471,322.1,16.4,12.94,-10.07
16:43:11.471,7.1,25.0,24.81,3.09
16:43:11.471,52.1,26.3,16.16,20.75
16:43:11.576,98.6,19.6,-2.93,19.38
16:43:11.576,188.6,36.8,-36.39,-5.5
16:43:11.576,233.6,107.1,-63.56,-86.2
16:43:11.576,278.6,73.4,10.98,-72.57
16:43:11.576,323.6,16.4,13.2,-9.73
16:43:11.576,8.6,24.7,24.42,3.69
16:43:11.576,53.6,25.7,15.25,20.69
16:43:11.661,100.5,20.9,-3.81,20.55
16:43:11.661,145.5,42.2,-34.78,23.9
16:43:11.661,190.5,36.8,-36.18,-6.71
16:43:11.661,235.5,107.6,-60.95,-88.68
16:43:11.661,280.5,73.0,13.3,-71.78
16:43:11.661,325.5,16.4,13.52,-9.29
16:43:11.661,10.5,25.6,25.17,4.67
16:43:11.661,55.5,26.0,14.73,21.43
16:43:11.745,102.0,20.9,-4.35,20.44
16:43:11.745,147.0,45.1,-37.82,24.56
16:43:11.745,192.0,37.5,-36.68,-7.8
16:43:11.745,237.0,107.2,-58.39,-89.91
16:43:11.745,282.0,74.7,15.53,-73.07
16:43:11.745,327.0,16.4,13.75,-8.93
16:43:11.745,12.0,25.3,24.75,5.26
16:43:11.745,57.0,26.0,14.16,21.81
16:43:11.829,103.5,19.6,-4.58,19.06
16:43:11.829,148.5,42.4,-36.15,22.15
16:43:11.829,193.5,54.1,-52.61,-12.63
16:43:11.829,238.5,107.7,-56.27,-91.83
16:43:11.829,283.5,73.8,17.23,-71.76
16:43:11.829,328.5,16.4,13.98,-8.57
16:43:11.829,13.5,27.9,27.13,6.51
16:43:11.829,58.5,26.3,13.74,22.42
16:43:11.913,105.1,20.6,-5.37,19.89
16:43:11.913,150.1,42.4,-36.76,21.14
16:43:11.913,195.1,49.6,-47.89,-12.92
16:43:11.913,240.1,107.8,-53.74,-93.45
16:43:11.913,285.1,72.1,18.78,-69.61
16:43:11.913,330.1,16.1,13.96,-8.03
16:43:11.913,15.1,16.7,16.12,4.35
16:43:11.913,60.1,25.7,12.81,22.28
16:43:11.998,106.6,20.6,-5.89,19.74
16:43:11.998,151.6,41.5,-36.51,19.74
16:43:11.998,196.6,38.0,-36.42,-10.86
16:43:11.998,241.6,108.8,-51.75,-95.71
16:43:11.998,286.6,72.5,20.71,-69.48
16:43:11.998,331.6,16.1,14.16,-7.66
16:43:11.998,16.6,16.7,16.0,4.77
16:43:11.998,61.6,24.8,11.8,21.82
16:43:12.084,108.1,22.8,-7.08,21.67
16:43:12.084,153.1,41.0,-36.56,18.55
16:43:12.084,198.1,49.6,-47.15,-15.41
16:43:12.084,243.1,197.9,-89.54,-176.49
16:43:12.084,288.1,54.3,16.87,-51.61
16:43:12.084,333.1,16.1,14.36,-7.28
16:43:12.084,18.1,16.7,15.87,5.19
16:43:12.084,63.1,24.0,10.86,21.4
16:43:12.176,109.7,36.5,-12.3,34.36
16:43:12.176,154.7,40.5,-36.62,17.31
16:43:12.176,199.7,56.4,-53.1,-19.01
16:43:12.176,244.7,197.8,-84.53,-178.83
16:43:12.176,289.7,73.0,24.61,-68.73
16:43:12.176,334.7,17.0,15.37,-7.27
16:43:12.176,19.7,18.2,17.13,6.14
16:43:12.176,64.7,24.0,10.26,21.7
16:43:12.264,111.3,21.3,-7.74,19.85
16:43:12.264,156.3,40.5,-37.08,16.28
16:43:12.264,201.3,37.5,-34.94,-13.62
16:43:12.264,246.3,197.3,-79.3,-180.66
16:43:12.264,291.3,73.0,26.52,-68.01
16:43:12.264,336.3,16.7,15.29,-6.71
16:43:12.264,21.3,19.6,18.26,7.12
16:43:12.264,66.3,25.1,10.09,22.98
16:43:12.354,112.9,36.3,-14.13,33.44
16:43:12.354,157.9,40.1,-37.15,15.09
16:43:12.354,202.9,57.3,-52.78,-22.3
16:43:12.354,247.9,197.7,-74.38,-183.17
16:43:12.354,292.9,73.4,28.56,-67.62
16:43:12.354,337.9,17.4,16.12,-6.55
16:43:12.354,22.9,18.3,16.86,7.12
16:43:12.354,67.9,24.5,9.22,22.7
16:43:12.436,114.5,46.2,-19.16,42.04
16:43:12.436,159.5,40.1,-37.56,14.04
16:43:12.436,204.5,36.1,-32.85,-14.97
16:43:12.436,249.5,56.7,-19.86,-53.11
16:43:12.436,294.5,74.4,30.85,-67.7
16:43:12.436,339.5,17.4,16.3,-6.09
16:43:12.436,24.5,17.3,15.74,7.17
16:43:12.436,69.5,23.7,8.3,22.2
16:43:12.517,116.0,45.4,-19.9,40.81
16:43:12.517,161.0,40.6,-38.39,13.22
16:43:12.517,206.0,37.3,-33.53,-16.35
16:43:12.517,251.0,57.6,-18.75,-54.46
16:43:12.517,296.0,74.4,32.61,-66.87
16:43:12.517,341.0,19.3,18.25,-6.28
16:43:12.517,26.0,17.3,15.55,7.58
16:43:12.517,71.0,16.7,5.44,15.79
16:43:12.604,117.5,45.0,-20.78,39.92
16:43:12.604,162.5,41.0,-39.1,12.33
16:43:12.604,207.5,36.6,-32.46,-16.9
16:43:12.604,252.5,55.2,-16.6,-52.65
16:43:12.604,297.5,74.5,34.4,-66.08
16:43:12.604,342.5,35.3,33.67,-10.61
16:43:12.604,27.5,16.3,14.46,7.53
16:43:12.604,72.5,16.7,5.02,15.93
16:43:12.683,118.9,44.2,-21.36,38.7
16:43:12.683,163.9,41.0,-39.39,11.37
16:43:12.683,208.9,35.9,-31.43,-17.35
16:43:12.683,253.9,54.8,-15.2,-52.65
16:43:12.683,298.9,74.9,36.2,-65.57
16:43:12.683,343.9,26.9,25.84,-7.46
16:43:12.683,28.9,29.1,25.48,14.06
16:43:12.683,73.9,16.7,4.63,16.05
16:43:12.767,120.4,51.8,-26.21,44.68
16:43:12.767,165.4,41.5,-40.16,10.46
16:43:12.767,210.4,35.9,-30.96,-18.17
16:43:12.767,255.4,53.4,-13.46,-51.68
16:43:12.767,300.4,75.5,38.21,-65.12
16:43:12.767,345.4,24.3,23.52,-6.13
16:43:12.767,30.4,17.9,15.44,9.06
16:43:12.767,75.4,23.1,5.82,22.35
16:43:12.851,121.9,52.3,-27.64,44.4
16:43:12.851,166.9,40.8,-39.74,9.25
16:43:12.851,211.9,36.8,-31.24,-19.45
16:43:12.851,256.9,52.9,-11.99,-51.52
16:43:12.851,301.9,76.0,40.16,-64.52
16:43:12.851,346.9,26.6,25.91,-6.03
16:43:12.851,31.9,17.9,15.2,9.46
16:43:12.851,76.9,25.4,5.76,24.74
16:43:12.929,123.4,37.2,-20.48,31.06
16:43:12.929,168.4,21.8,-21.35,4.38
16:43:12.929,213.4,37.7,-31.47,-20.75
16:43:12.929,258.4,51.5,-10.36,-50.45
16:43:12.929,303.4,80.5,44.31,-67.21
16:43:12.929,348.4,27.5,26.94,-5.53
16:43:12.929,33.4,17.6,14.69,9.69
16:43:12.929,78.4,16.7,3.36,16.36
16:43:13.008,124.9,33.7,-19.28,27.64
16:43:13.008,169.9,21.8,-21.46,3.82
16:43:13.008,214.9,38.7,-31.74,-22.14
16:43:13.008,259.9,50.1,-8.79,-49.32
16:43:13.008,304.9,80.3,45.94,-65.86
16:43:13.008,349.9,28.1,27.66,-4.93
16:43:13.008,34.9,16.3,13.37,9.33
16:43:13.008,79.9,16.7,2.93,16.44
16:43:13.089,126.3,45.6,-27.0,36.75
16:43:13.089,171.3,22.1,-21.85,3.34
16:43:13.089,216.3,43.8,-35.3,-25.93
16:43:13.089,261.3,49.6,-7.5,-49.03
16:43:13.089,306.3,56.7,33.57,-45.7
16:43:13.089,351.3,30.3,29.95,-4.58
16:43:13.089,36.3,16.3,13.14,9.65
16:43:13.089,81.3,16.7,2.53,16.51
16:43:13.172,127.7,32.1,-19.63,25.4
16:43:13.172,172.7,20.9,-20.73,2.66
16:43:13.172,217.7,41.7,-32.99,-25.5
16:43:13.172,262.7,51.8,-6.58,-51.38
16:43:13.172,307.7,56.7,34.67,-44.86
16:43:13.172,352.7,29.5,29.26,-3.75
16:43:13.172,37.7,16.3,12.9,9.97
16:43:13.172,82.7,25.7,3.27,25.49
16:43:13.251,129.1,32.9,-20.75,25.53
16:43:13.251,174.1,20.9,-20.79,2.15
16:43:13.251,219.1,42.8,-33.21,-26.99
16:43:13.251,264.1,52.7,-5.42,-52.42
16:43:13.251,309.1,107.0,67.48,-83.04
16:43:13.251,354.1,74.4,74.01,-7.65
16:43:13.251,39.1,16.3,12.65,10.28
16:43:13.251,84.1,16.1,1.65,16.01
16:43:13.337,130.6,25.8,-16.79,19.59
16:43:13.337,175.6,20.9,-20.84,1.6
16:43:13.337,220.6,65.2,-49.5,-42.43
16:43:13.337,265.6,53.6,-4.11,-53.44
16:43:13.337,310.6,106.7,69.44,-81.01
16:43:13.337,355.6,73.1,72.88,-5.61
16:43:13.337,40.6,16.3,12.38,10.61
16:43:13.337,85.6,17.4,1.33,17.35
16:43:13.422,132.2,27.8,-18.67,20.59
16:43:13.422,177.2,20.9,-20.88,1.02
16:43:13.422,222.2,43.0,-31.85,-28.88
16:43:13.422,267.2,50.0,-2.44,-49.94
16:43:13.422,312.2,107.1,71.94,-79.34
16:43:13.422,357.2,73.9,73.81,-3.61
16:43:13.422,42.2,16.3,12.08,10.95
16:43:13.422,87.2,25.4,1.24,25.37
16:43:13.508,133.7,26.0,-17.96,18.8
16:43:13.508,178.7,20.8,-20.79,0.47
16:43:13.508,223.7,42.1,-30.44,-29.09
16:43:13.508,268.7,46.0,-1.04,-45.99
16:43:13.508,313.7,107.2,74.06,-77.5
16:43:13.508,358.7,74.3,74.28,-1.69
16:43:13.508,43.7,16.3,11.78,11.26
16:43:13.508,88.7,19.3,0.44,19.3
16:43:13.592,135.3,25.5,-18.13,17.94
16:43:13.592,180.3,20.9,-20.9,-0.11
16:43:13.592,225.3,41.2,-28.98,-29.28
16:43:13.592,270.3,47.8,0.25,-47.8
16:43:13.592,315.3,107.3,76.27,-75.47
16:43:13.592,0.3,74.2,74.2,0.39
16:43:13.592,45.3,16.0,11.25,11.37
16:43:13.592,90.3,26.9,-0.14,26.9
16:43:13.677,136.8,26.6,-19.39,18.21
16:43:13.677,181.8,21.8,-21.79,-0.68
16:43:13.677,226.8,40.7,-27.86,-29.67
16:43:13.677,271.8,56.3,1.77,-56.27
16:43:13.677,316.8,107.4,78.29,-73.52
16:43:13.677,1.8,73.4,73.36,2.31
16:43:13.677,46.8,16.0,10.95,11.66
16:43:13.677,91.8,16.4,-0.52,16.39
16:43:13.759,138.3,24.9,-18.59,16.56
16:43:13.759,183.3,22.8,-22.76,-1.31
16:43:13.759,228.3,40.3,-26.81,-30.09
16:43:13.759,273.3,44.8,2.58,-44.73
16:43:13.759,318.3,108.8,81.23,-72.38
16:43:13.759,3.3,73.4,73.28,4.23
16:43:13.759,48.3,16.0,10.64,11.95
16:43:13.759,93.3,16.4,-0.94,16.37
16:43:13.851,139.8,25.7,-19.63,16.59
16:43:13.851,184.8,36.4,-36.27,-3.05
16:43:13.851,229.8,39.4,-25.43,-30.09
16:43:13.851,274.8,44.8,3.75,-44.64
16:43:13.851,319.8,109.7,83.79,-70.81
16:43:13.851,4.8,73.4,73.14,6.14
16:43:13.851,49.8,17.0,10.97,12.98
16:43:13.851,94.8,16.4,-1.37,16.34
16:43:13.934,141.4,24.3,-18.99,15.16
16:43:13.934,186.4,22.5,-22.36,-2.51
16:43:13.934,231.4,39.4,-24.58,-30.79
16:43:13.934,276.4,38.2,4.26,-37.96
16:43:13.934,321.4,197.0,153.96,-122.9
16:43:13.934,6.4,73.0,72.55,8.14
16:43:13.934,51.4,16.7,10.42,13.05
16:43:13.934,96.4,17.7,-1.97,17.59
16:43:14.020,143.0,24.3,-19.41,14.62
16:43:14.020,188.0,46.9,-46.44,-6.53
16:43:14.020,233.0,39.4,-23.71,-31.47
16:43:14.020,278.0,37.3,5.19,-36.94
16:43:14.020,323.0,57.0,45.52,-34.3
16:43:14.020,8.0,73.4,72.69,10.22
16:43:14.020,53.0,16.3,9.81,13.02
16:43:14.020,98.0,20.3,-2.83,20.1
16:43:14.101,144.4,25.5,-20.73,14.84
16:43:14.101,189.4,45.3,-44.69,-7.4
16:43:14.101,234.4,40.5,-23.58,-32.93
16:43:14.101,279.4,36.4,5.95,-35.91
16:43:14.101,324.4,56.8,46.18,-33.06
16:43:14.101,9.4,73.9,72.91,12.07
16:43:14.101,54.4,17.3,10.07,14.07
16:43:14.101,99.4,19.3,-3.15,19.04
16:43:14.182,145.9,24.6,-20.37,13.79
16:43:14.182,190.9,44.5,-43.7,-8.41
16:43:14.182,235.9,38.9,-21.81,-32.21
16:43:14.182,280.9,37.5,7.09,-36.82
16:43:14.182,325.9,53.0,43.89,-29.71
16:43:14.182,10.9,73.5,72.17,13.9
16:43:14.182,55.9,18.2,10.2,15.07
16:43:14.182,100.9,18.0,-3.4,17.68
16:43:14.263,147.4,23.7,-19.97,12.77
16:43:14.263,192.4,46.3,-45.22,-9.94
16:43:14.263,237.4,41.0,-22.09,-34.54
16:43:14.263,282.4,36.1,7.75,-35.26
16:43:14.263,327.4,52.4,44.14,-28.23
16:43:14.263,12.4,74.4,72.66,15.98
16:43:14.263,57.4,17.9,9.64,15.08
16:43:14.263,102.4,17.0,-3.65,16.6
16:43:14.356,148.9,23.7,-20.29,12.24
16:43:14.356,193.9,45.5,-44.17,-10.93
16:43:14.356,238.9,41.5,-21.44,-35.54
16:43:14.356,283.9,36.1,8.67,-35.04
16:43:14.356,328.9,49.9,42.73,-25.78
16:43:14.356,13.9,56.9,55.23,13.67
16:43:14.356,58.9,18.9,9.76,16.18
16:43:14.356,103.9,17.0,-4.08,16.5
16:43:14.426,150.3,24.6,-21.37,12.19
16:43:14.426,195.3,51.7,-49.87,-13.64
16:43:14.426,240.3,23.0,-11.4,-19.98
16:43:14.426,285.3,36.1,9.53,-34.82
16:43:14.426,330.3,52.3,45.43,-25.91
16:43:14.426,15.3,56.9,54.88,15.01
16:43:14.426,60.3,29.9,14.81,25.97
16:43:14.426,105.3,18.3,-4.83,17.65
16:43:14.508,151.8,25.5,-22.47,12.05
16:43:14.508,196.8,52.6,-50.36,-15.2
16:43:14.508,241.8,40.7,-19.23,-35.87
16:43:14.508,286.8,36.1,10.43,-34.56
16:43:14.508,331.8,52.1,45.92,-24.62
16:43:14.508,16.8,75.5,72.28,21.82
16:43:14.508,61.8,29.1,13.75,25.65
16:43:14.508,106.8,17.7,-5.12,16.94
16:43:14.593,153.3,25.5,-22.78,11.46
16:43:14.593,198.3,56.8,-53.93,-17.83
16:43:14.593,243.3,41.2,-18.51,-36.81
16:43:14.593,288.3,36.1,11.34,-34.27
16:43:14.593,333.3,51.6,46.1,-23.18
16:43:14.593,18.3,75.1,71.3,23.58
16:43:14.593,63.3,29.1,13.08,26.0
16:43:14.593,108.3,16.4,-5.15,15.57
16:43:14.670,154.8,24.6,-22.26,10.47
16:43:14.670,199.8,37.6,-35.38,-12.74
16:43:14.670,244.8,21.5,-9.15,-19.45
16:43:14.670,289.8,36.6,12.4,-34.44
16:43:14.670,334.8,50.5,45.69,-21.5
16:43:14.670,19.8,56.6,53.25,19.17
16:43:14.670,64.8,29.6,12.6,26.78
16:43:14.670,109.8,17.7,-6.0,16.65
16:43:14.752,156.2,24.6,-22.51,9.93
16:43:14.752,201.2,56.8,-52.96,-20.54
16:43:14.752,246.2,21.5,-8.68,-19.67
16:43:14.752,291.2,37.5,13.56,-34.96
16:43:14.752,336.2,49.7,45.47,-20.06
16:43:14.752,21.2,75.8,70.67,27.41
16:43:14.752,66.2,27.1,10.94,24.8
16:43:14.752,111.2,17.4,-6.29,16.22
16:43:14.833,157.7,16.7,-15.45,6.34
16:43:14.833,202.7,54.6,-50.37,-21.07
16:43:14.833,247.7,21.8,-8.27,-20.17
16:43:14.833,292.7,50.1,19.33,-46.22
16:43:14.833,337.7,48.3,44.69,-18.33
16:43:14.833,22.7,80.8,74.54,31.18
16:43:14.833,67.7,25.9,9.83,23.96
16:43:14.833,112.7,16.1,-6.21,14.85
16:43:14.936,159.1,26.1,-24.38,9.31
16:43:14.936,204.1,34.6,-31.58,-14.13
16:43:14.936,249.1,20.5,-7.31,-19.15
16:43:14.936,294.1,387.6,158.27,-353.81
16:43:14.936,339.1,49.9,46.62,-17.8
16:43:14.936,24.1,82.3,75.13,33.61
16:43:14.936,69.1,76.7,27.36,71.65
16:43:14.936,114.1,16.1,-6.57,14.7
16:43:15.038,161.0,25.2,-23.83,8.2
16:43:15.038,206.0,29.7,-26.69,-13.02
16:43:15.038,251.0,20.5,-6.67,-19.38
16:43:15.038,296.0,393.5,172.5,-353.68
16:43:15.038,341.0,48.5,45.86,-15.79
16:43:15.038,26.0,56.9,51.14,24.94
16:43:15.038,71.0,76.1,24.78,71.95
16:43:15.038,116.0,16.1,-7.06,14.47
16:43:15.122,162.8,16.1,-15.38,4.76
16:43:15.122,207.8,26.5,-23.44,-12.36
16:43:15.122,252.8,20.5,-6.06,-19.58
16:43:15.122,297.8,57.6,26.86,-50.95
16:43:15.122,342.8,37.7,36.01,-11.15
16:43:15.122,27.8,108.0,95.53,50.37
16:43:15.122,72.8,72.5,21.44,69.26
16:43:15.122,117.8,16.1,-7.51,14.24
16:43:15.206,164.3,25.8,-24.84,6.98
16:43:15.206,209.3,26.8,-23.37,-13.12
16:43:15.206,254.3,20.5,-5.55,-19.74
16:43:15.206,299.3,45.4,22.22,-39.59
16:43:15.206,344.3,36.8,35.43,-9.96
16:43:15.206,29.3,108.0,94.18,52.85
16:43:15.206,74.3,73.4,19.86,70.66
16:43:15.206,119.3,16.1,-7.88,14.04
16:43:15.290,165.8,24.6,-23.85,6.03
16:43:15.290,210.8,25.1,-21.56,-12.85
16:43:15.290,255.8,20.5,-5.03,-19.87
16:43:15.290,300.8,42.8,21.92,-36.76
16:43:15.290,345.8,37.5,36.35,-9.2
16:43:15.290,30.8,108.1,92.85,55.35
16:43:15.290,75.8,74.7,18.32,72.42
16:43:15.290,120.8,16.1,-8.24,13.83
16:43:15.377,167.4,26.3,-25.67,5.74
16:43:15.377,212.4,26.3,-22.21,-14.09
16:43:15.377,257.4,21.5,-4.69,-20.98
16:43:15.377,302.4,44.5,23.84,-37.57
16:43:15.377,347.4,37.0,36.11,-8.07
16:43:15.377,32.4,108.2,91.36,57.98
16:43:15.377,77.4,74.2,16.19,72.41
16:43:15.377,122.4,17.0,-9.11,14.35
16:43:15.476,168.9,16.4,-16.09,3.16
16:43:15.476,213.9,26.3,-21.83,-14.67
16:43:15.476,258.9,21.5,-4.14,-21.1
16:43:15.476,303.9,43.0,23.98,-35.69
16:43:15.476,348.9,36.5,35.82,-7.03
16:43:15.476,33.9,108.7,90.22,60.63
16:43:15.476,78.9,74.7,14.38,73.3
16:43:15.476,123.9,17.0,-9.48,14.11
16:43:15.543,170.4,16.4,-16.17,2.74
16:43:15.543,215.4,25.7,-20.95,-14.89
16:43:15.543,260.4,26.2,-4.37,-25.83
16:43:15.543,305.4,43.0,24.91,-35.05
16:43:15.543,350.4,38.2,37.67,-6.37
16:43:15.543,35.4,111.0,90.48,64.3
16:43:15.543,80.4,75.0,12.51,73.95
16:43:15.543,125.4,16.7,-9.67,13.61
16:43:15.634,171.9,16.4,-16.24,2.31
16:43:15.634,216.9,24.8,-19.83,-14.89
16:43:15.634,261.9,23.3,-3.28,-23.07
16:43:15.634,306.9,40.1,24.08,-32.07
16:43:15.634,351.9,36.1,35.74,-5.09
16:43:15.634,36.9,197.8,158.18,118.76
16:43:15.634,81.9,74.7,10.53,73.95
16:43:15.634,126.9,16.7,-10.03,13.35
16:43:15.721,173.5,16.4,-16.29,1.86
16:43:15.721,218.5,23.9,-18.7,-14.88
16:43:15.721,263.5,22.1,-2.5,-21.96
16:43:15.721,308.5,41.7,25.96,-32.63
16:43:15.721,353.5,37.5,37.26,-4.25
16:43:15.721,38.5,197.8,154.8,123.13
16:43:15.721,83.5,73.4,8.31,72.93
16:43:15.721,128.5,16.4,-10.21,12.83
16:43:15.811,175.1,19.3,-19.23,1.65
16:43:15.811,220.1,25.1,-19.2,-16.17
16:43:15.811,265.1,46.0,-3.93,-45.83
16:43:15.811,310.1,41.7,26.86,-31.9
16:43:15.811,355.1,37.5,37.36,-3.2
16:43:15.811,40.1,197.8,151.3,127.41
16:43:15.811,85.1,74.2,6.34,73.93
16:43:15.811,130.1,16.1,-10.37,12.32
16:43:15.893,176.7,19.3,-19.27,1.11
16:43:15.893,221.7,26.0,-19.41,-17.3
16:43:15.893,266.7,46.3,-2.67,-46.22
16:43:15.893,311.7,39.6,26.34,-29.57
16:43:15.893,356.7,36.5,36.44,-2.1
16:43:15.893,41.7,56.8,42.41,37.79
16:43:15.893,86.7,74.3,4.28,74.18
16:43:15.893,131.7,17.0,-11.31,12.69
16:43:15.975,178.2,18.0,-17.99,0.57
16:43:15.975,223.2,24.5,-17.86,-16.77
16:43:15.975,268.2,45.8,-1.44,-45.78
16:43:15.975,313.2,39.1,26.77,-28.5
16:43:15.975,358.2,36.5,36.48,-1.15
16:43:15.975,43.2,55.8,40.68,38.2
16:43:15.975,88.2,74.8,2.35,74.76
16:43:15.975,133.2,18.0,-12.32,13.12
16:43:16.057,179.7,17.1,-17.1,0.09
16:43:16.057,224.7,24.5,-17.41,-17.23
16:43:16.057,269.7,44.6,-0.23,-44.6
16:43:16.057,314.7,39.6,27.85,-28.15
16:43:16.057,359.7,36.5,36.5,-0.19
16:43:16.057,44.7,56.6,40.23,39.81
16:43:16.057,89.7,73.1,0.38,73.1
16:43:16.057,134.7,18.6,-13.08,13.22
16:43:16.140,180.0,17.1,-17.1,0.0
16:43:16.140,225.0,24.2,-17.11,-17.11
16:43:16.140,270.0,44.6,-0.0,-44.6
16:43:16.140,315.0,22.4,15.84,-15.84
16:43:16.140,0.0,36.5,36.5,0.0
16:43:16.140,45.0,53.6,37.9,37.9
16:43:16.140,90.0,75.3,0.0,75.3
16:43:16.140,135.0,18.7,-13.22,13.22
16:43:16.222,180.0,17.1,-17.1,0.0
16:43:16.222,225.0,24.2,-17.11,-17.11
16:43:16.222,270.0,52.2,-0.0,-52.2
16:43:16.222,315.0,22.4,15.84,-15.84
16:43:16.222,0.0,39.1,39.1,0.0
16:43:16.222,45.0,53.9,38.11,38.11
16:43:16.222,90.0,75.8,0.0,75.8
16:43:16.222,135.0,19.9,-14.07,14.07
16:43:16.305,180.0,17.1,-17.1,0.0
16:43:16.305,225.0,24.2,-17.11,-17.11
16:43:16.305,270.0,52.2,-0.0,-52.2
16:43:16.305,315.0,40.1,28.35,-28.35
16:43:16.305,0.0,37.0,37.0,0.0
16:43:16.305,45.0,54.0,38.18,38.18
16:43:16.305,90.0,75.4,0.0,75.4
16:43:16.305,135.0,19.9,-14.07,14.07
16:43:16.388,180.0,17.1,-17.1,0.0
16:43:16.388,225.0,24.2,-17.11,-17.11
16:43:16.388,270.0,49.8,-0.0,-49.8
16:43:16.388,315.0,40.1,28.35,-28.35
16:43:16.388,0.0,36.3,36.3,0.0
16:43:16.388,45.0,53.9,38.11,38.11
16:43:16.388,90.0,75.4,0.0,75.4
16:43:16.388,135.0,19.9,-14.07,14.07
16:43:16.472,180.0,17.1,-17.1,0.0
16:43:16.472,225.0,24.2,-17.11,-17.11
16:43:16.472,270.0,52.2,-0.0,-52.2
16:43:16.472,315.0,40.1,28.35,-28.35
16:43:16.472,0.0,36.1,36.1,0.0
16:43:16.472,45.0,53.9,38.11,38.11
16:43:16.472,90.0,75.8,0.0,75.8
16:43:16.472,135.0,19.9,-14.07,14.07
16:43:16.555,180.0,17.1,-17.1,0.0
16:43:16.555,225.0,24.2,-17.11,-17.11
16:43:16.555,270.0,52.2,-0.0,-52.2
16:43:16.555,315.0,40.1,28.35,-28.35
16:43:16.555,0.0,36.1,36.1,0.0
16:43:16.555,45.0,53.9,38.11,38.11
16:43:16.555,90.0,75.8,0.0,75.8
16:43:16.555,135.0,19.9,-14.07,14.07
16:43:16.637,180.0,17.1,-17.1,0.0
16:43:16.637,225.0,24.2,-17.11,-17.11
16:43:16.637,270.0,52.2,-0.0,-52.2
16:43:16.637,315.0,40.1,28.35,-28.35
16:43:16.637,0.0,37.7,37.7,0.0
16:43:16.637,45.0,53.6,37.9,37.9
16:43:16.637,90.0,76.2,0.0,76.2
16:43:16.637,135.0,19.9,-14.07,14.07
16:43:16.720,180.0,17.1,-17.1,0.0
16:43:16.720,225.0,24.2,-17.11,-17.11
16:43:16.720,270.0,51.0,-0.0,-51.0
16:43:16.720,315.0,40.1,28.35,-28.35
16:43:16.720,0.0,36.3,36.3,0.0
16:43:16.720,45.0,52.7,37.26,37.26
16:43:16.720,90.0,76.2,0.0,76.2
16:43:16.720,135.0,19.9,-14.07,14.07
16:43:16.803,180.0,17.1,-17.1,0.0
16:43:16.803,225.0,24.2,-17.11,-17.11
16:43:16.803,270.0,52.2,-0.0,-52.2
16:43:16.803,315.0,40.0,28.28,-28.28
16:43:16.803,0.0,37.5,37.5,0.0
16:43:16.803,45.0,52.7,37.26,37.26
16:43:16.803,90.0,75.8,0.0,75.8
16:43:16.803,135.0,19.9,-14.07,14.07
16:43:16.887,180.0,17.1,-17.1,0.0
16:43:16.887,225.0,24.2,-17.11,-17.11
16:43:16.887,270.0,51.3,-0.0,-51.3
16:43:16.887,315.0,40.0,28.28,-28.28
16:43:16.887,0.0,36.1,36.1,0.0
16:43:16.887,45.0,52.7,37.26,37.26
16:43:16.887,90.0,75.4,0.0,75.4
16:43:16.887,135.0,19.9,-14.07,14.07
16:43:16.968,180.0,17.1,-17.1,0.0
16:43:16.968,225.0,24.2,-17.11,-17.11
16:43:16.968,270.0,52.2,-0.0,-52.2
16:43:16.968,315.0,40.1,28.35,-28.35
16:43:16.968,0.0,36.8,36.8,0.0
16:43:16.968,45.0,53.6,37.9,37.9
16:43:16.968,90.0,75.8,0.0,75.8
16:43:16.968,135.0,19.9,-14.07,14.07
16:43:17.054,180.0,17.1,-17.1,0.0
16:43:17.054,225.0,24.2,-17.11,-17.11
16:43:17.054,270.0,49.8,-0.0,-49.8
16:43:17.054,315.0,40.1,28.35,-28.35
16:43:17.054,0.0,36.1,36.1,0.0
16:43:17.054,45.0,49.8,35.21,35.21
16:43:17.054,90.0,55.4,0.0,55.4
16:43:17.054,135.0,19.9,-14.07,14.07
16:43:17.131,180.0,17.1,-17.1,0.0
16:43:17.131,225.0,24.2,-17.11,-17.11
16:43:17.131,270.0,52.2,-0.0,-52.2
16:43:17.131,315.0,40.1,28.35,-28.35
16:43:17.131,0.0,36.8,36.8,0.0
16:43:17.131,45.0,53.6,37.9,37.9
16:43:17.131,90.0,75.8,0.0,75.8
16:43:17.131,135.0,19.9,-14.07,14.07
16:43:17.214,180.0,17.2,-17.2,0.0
16:43:17.214,225.0,24.2,-17.11,-17.11
16:43:17.214,270.0,49.8,-0.0,-49.8
16:43:17.214,315.0,40.1,28.35,-28.35
16:43:17.214,0.0,37.9,37.9,0.0
16:43:17.214,45.0,53.6,37.9,37.9
16:43:17.214,90.0,75.4,0.0,75.4
16:43:17.214,135.0,19.9,-14.07,14.07
16:43:17.297,178.6,17.1,-17.09,0.42
16:43:17.297,223.6,24.2,-17.52,-16.69
16:43:17.297,268.6,52.2,-1.28,-52.18
16:43:17.297,313.6,40.0,27.58,-28.97
16:43:17.297,358.6,38.8,38.79,-0.95
16:43:17.297,43.6,53.6,38.82,36.96
16:43:17.297,88.6,75.4,1.84,75.38
16:43:17.297,133.6,19.9,-13.72,14.41
16:43:17.400,177.1,17.1,-17.08,0.87
16:43:17.400,222.1,24.2,-17.96,-16.22
16:43:17.400,267.1,51.0,-2.58,-50.93
16:43:17.400,312.1,22.4,15.02,-16.62
16:43:17.400,357.1,37.2,37.15,-1.88
16:43:17.400,42.1,53.6,39.77,35.93
16:43:17.400,87.1,75.3,3.81,75.2
16:43:17.400,132.1,18.7,-12.54,13.87
16:43:17.461,175.7,17.1,-17.05,1.28
16:43:17.461,220.7,24.2,-18.35,-15.78
16:43:17.461,265.7,44.6,-3.34,-44.47
16:43:17.461,310.7,22.4,14.61,-16.98
16:43:17.461,355.7,37.7,37.59,-2.83
16:43:17.461,40.7,54.5,41.32,35.54
16:43:17.461,85.7,74.9,5.62,74.69
16:43:17.461,130.7,18.7,-12.19,14.18
16:43:17.543,174.3,17.0,-16.92,1.69
16:43:17.543,219.3,24.2,-18.73,-15.33
16:43:17.543,264.3,44.2,-4.39,-43.98
16:43:17.543,309.3,39.6,25.08,-30.64
16:43:17.543,354.3,36.5,36.32,-3.63
16:43:17.543,39.3,55.0,42.56,34.84
16:43:17.543,84.3,75.7,7.52,75.33
16:43:17.543,129.3,17.7,-11.21,13.7
16:43:17.625,172.9,17.1,-16.97,2.11
16:43:17.625,217.9,24.5,-19.33,-15.05
16:43:17.625,262.9,36.6,-4.52,-36.32
16:43:17.625,307.9,39.6,24.33,-31.25
16:43:17.625,352.9,37.7,37.41,-4.66
16:43:17.625,37.9,54.6,43.08,33.54
16:43:17.625,82.9,74.3,9.18,73.73
16:43:17.625,127.9,18.0,-11.06,14.2
16:43:17.707,171.5,17.1,-16.91,2.53
16:43:17.707,216.5,24.5,-19.69,-14.57
16:43:17.707,261.5,45.4,-6.71,-44.9
16:43:17.707,306.5,39.1,23.26,-31.43
16:43:17.707,351.5,36.5,36.1,-5.4
16:43:17.707,36.5,56.8,45.66,33.79
16:43:17.707,81.5,74.3,10.98,73.48
16:43:17.707,126.5,17.0,-10.11,13.67
16:43:17.808,170.1,18.0,-17.73,3.09
16:43:17.808,215.1,25.4,-20.78,-14.61
16:43:17.808,260.1,46.2,-7.94,-45.51
16:43:17.808,305.1,39.1,22.48,-31.99
16:43:17.808,350.1,36.3,35.76,-6.24
16:43:17.808,35.1,56.9,46.55,32.72
16:43:17.808,80.1,74.2,12.76,73.1
16:43:17.808,125.1,17.4,-10.01,14.24
16:43:17.881,168.7,19.3,-18.93,3.78
16:43:17.881,213.7,25.1,-20.88,-13.93
16:43:17.881,258.7,36.4,-7.13,-35.69
16:43:17.881,303.7,39.6,21.97,-32.95
16:43:17.881,348.7,36.8,36.09,-7.21
16:43:17.881,33.7,197.8,164.56,109.75
16:43:17.881,78.7,74.2,14.54,72.76
16:43:17.881,123.7,16.4,-9.1,13.64
16:43:17.973,167.2,19.3,-18.82,4.28
16:43:17.973,212.2,25.1,-21.24,-13.38
16:43:17.973,257.2,48.7,-10.79,-47.49
16:43:17.973,302.2,41.7,22.22,-35.29
16:43:17.973,347.2,36.1,35.2,-8.0
16:43:17.973,32.2,56.6,47.89,30.16
16:43:17.973,77.2,74.2,16.44,72.36
16:43:17.973,122.2,16.4,-8.74,13.88
16:43:18.057,165.8,17.7,-17.16,4.34
16:43:18.057,210.8,23.9,-20.53,-12.24
16:43:18.057,255.8,23.0,-5.64,-22.3
16:43:18.057,300.8,41.7,21.35,-35.82
16:43:18.057,345.8,36.1,35.0,-8.86
16:43:18.057,30.8,197.4,169.56,101.08
16:43:18.057,75.8,74.6,18.3,72.32
16:43:18.057,120.8,16.4,-8.4,14.09
16:43:18.141,164.2,16.4,-15.78,4.47
16:43:18.141,209.2,23.9,-20.86,-11.66
16:43:18.141,254.2,24.2,-6.59,-23.29
16:43:18.141,299.2,40.1,19.56,-35.0
16:43:18.141,344.2,36.5,35.12,-9.94
16:43:18.141,29.2,197.9,172.75,96.55
16:43:18.141,74.2,74.6,20.31,71.78
16:43:18.141,119.2,16.7,-8.15,14.58
16:43:18.228,162.7,16.4,-15.66,4.88
16:43:18.228,207.7,24.8,-21.96,-11.53
16:43:18.228,252.7,37.3,-11.09,-35.61
16:43:18.228,297.7,43.0,19.99,-38.07
16:43:18.228,342.7,36.5,34.85,-10.85
16:43:18.228,27.7,109.2,96.68,50.76
16:43:18.228,72.7,74.6,22.18,71.23
16:43:18.228,117.7,16.7,-7.76,14.79
16:43:18.331,161.2,16.4,-15.53,5.29
16:43:18.331,206.2,25.7,-23.06,-11.35
16:43:18.331,251.2,22.7,-7.32,-21.49
16:43:18.331,296.2,43.0,18.98,-38.58
16:43:18.331,341.2,53.5,50.65,-17.24
16:43:18.331,26.2,108.7,97.53,47.99
16:43:18.331,71.2,74.2,23.91,70.24
16:43:18.331,116.2,17.0,-7.51,15.25
16:43:18.458,159.8,16.4,-15.39,5.66
16:43:18.458,204.8,26.2,-23.78,-10.99
16:43:18.458,249.8,21.5,-7.42,-20.18
16:43:18.458,294.8,148.2,62.16,-134.53
16:43:18.458,339.8,47.5,44.58,-16.4
16:43:18.458,24.8,107.8,97.86,45.22
16:43:18.458,69.8,75.5,26.07,70.86
16:43:18.458,114.8,16.1,-6.75,14.62
16:43:18.487,158.2,26.9,-24.98,9.99
16:43:18.487,203.2,26.2,-24.08,-10.32
16:43:18.487,248.2,20.5,-7.61,-19.03
16:43:18.487,293.2,44.1,17.37,-40.53
16:43:18.487,338.2,36.5,33.89,-13.55
16:43:18.487,23.2,107.7,98.99,42.43
16:43:18.487,68.2,75.1,27.89,69.73
16:43:18.487,113.2,16.1,-6.34,14.8
16:43:18.576,156.8,24.6,-22.61,9.69
16:43:18.576,201.8,25.9,-24.05,-9.62
16:43:18.576,246.8,20.5,-8.08,-18.84
16:43:18.576,291.8,43.2,16.04,-40.11
16:43:18.576,336.8,40.5,37.22,-15.95
16:43:18.576,21.8,108.1,100.37,40.14
16:43:18.576,66.8,75.1,29.59,69.03
16:43:18.576,111.8,16.1,-5.98,14.95
16:43:18.653,155.4,24.6,-22.37,10.24
16:43:18.653,200.4,26.0,-24.37,-9.06
16:43:18.653,245.4,20.5,-8.53,-18.64
16:43:18.653,290.4,43.2,15.06,-40.49
16:43:18.653,335.4,38.9,35.37,-16.19
16:43:18.653,20.4,107.6,100.85,37.51
16:43:18.653,65.4,75.6,31.47,68.74
16:43:18.653,110.4,16.1,-5.61,15.09
16:43:18.740,153.9,25.8,-23.17,11.35
16:43:18.740,198.9,26.5,-25.07,-8.58
16:43:18.740,243.9,20.5,-9.02,-18.41
16:43:18.740,288.9,56.9,18.43,-53.83
16:43:18.740,333.9,56.5,50.74,-24.86
16:43:18.740,18.9,106.6,100.85,34.53
16:43:18.740,63.9,75.7,33.3,67.98
16:43:18.740,108.9,16.1,-5.22,15.23
16:43:18.821,152.4,16.1,-14.27,7.46
16:43:18.821,197.4,26.5,-25.29,-7.92
16:43:18.821,242.4,20.5,-9.5,-18.17
16:43:18.821,287.4,43.4,12.98,-41.41
16:43:18.821,332.4,48.5,42.98,-22.47
16:43:18.821,17.4,57.0,54.39,17.05
16:43:18.821,62.4,72.5,33.59,64.25
16:43:18.821,107.4,16.1,-4.81,15.36
16:43:18.903,151.0,25.2,-22.04,12.22
16:43:18.903,196.0,29.7,-28.55,-8.19
16:43:18.903,241.0,20.5,-9.94,-17.93
16:43:18.903,286.0,58.6,16.15,-56.33
16:43:18.903,331.0,49.9,43.64,-24.19
16:43:18.903,16.0,82.3,79.11,22.68
16:43:18.903,61.0,76.7,37.18,67.08
16:43:18.903,106.0,16.1,-4.44,15.48
16:43:19.004,149.6,25.2,-21.74,12.75
16:43:19.004,194.6,38.0,-36.77,-9.58
16:43:19.004,239.6,20.5,-10.37,-17.68
16:43:19.004,284.6,375.3,94.6,-363.18
16:43:19.004,329.6,56.5,48.73,-28.59
16:43:19.004,14.6,80.8,78.19,20.37
16:43:19.004,59.6,25.9,13.11,22.34
16:43:19.004,104.6,17.0,-4.29,16.45
16:43:19.104,147.9,16.8,-14.23,8.93
16:43:19.104,192.9,35.9,-34.99,-8.01
16:43:19.104,237.9,21.8,-11.58,-18.47
16:43:19.104,327.9,51.7,43.8,-27.47
16:43:19.104,12.9,76.2,74.28,17.01
16:43:19.104,57.9,27.9,14.83,23.63
16:43:19.104,102.9,17.4,-3.88,16.96
16:43:19.205,146.2,16.7,-13.88,9.29
16:43:19.205,191.2,56.4,-55.33,-10.95
16:43:19.205,236.2,21.5,-11.96,-17.87
16:43:19.205,281.2,369.3,71.73,-362.27
16:43:19.205,326.2,49.7,41.3,-27.65
16:43:19.205,11.2,74.9,73.47,14.55
16:43:19.205,56.2,27.9,15.52,23.18
16:43:19.205,101.2,17.7,-3.44,17.36
16:43:19.286,144.4,24.6,-20.0,14.32
16:43:19.286,189.4,37.1,-36.6,-6.06
16:43:19.286,234.4,21.5,-12.52,-17.48
16:43:19.286,279.4,57.7,9.42,-56.93
16:43:19.286,324.4,49.9,40.57,-29.05
16:43:19.286,9.4,76.5,75.47,12.49
16:43:19.286,54.4,29.1,16.94,23.66
16:43:19.286,99.4,16.4,-2.68,16.18
16:43:19.386,143.0,25.5,-20.37,15.35
16:43:19.386,188.0,54.0,-53.47,-7.52
16:43:19.386,233.0,41.2,-24.79,-32.9
16:43:19.386,278.0,335.7,46.72,-332.43
16:43:19.386,323.0,51.2,40.89,-30.81
16:43:19.386,8.0,56.9,56.35,7.92
16:43:19.386,53.0,29.1,17.51,23.24
16:43:19.386,98.0,26.0,-3.62,25.75
16:43:19.486,141.3,25.5,-19.9,15.94
16:43:19.486,186.3,53.4,-53.08,-5.86
16:43:19.486,231.3,42.4,-26.51,-33.09
16:43:19.486,276.3,339.0,37.2,-336.95
16:43:19.486,321.3,51.7,40.35,-32.33
16:43:19.486,6.3,56.5,56.16,6.2
16:43:19.486,51.3,29.9,18.69,23.33
16:43:19.486,96.3,17.0,-1.87,16.9
16:43:19.566,139.6,24.6,-18.73,15.94
16:43:19.566,184.6,50.9,-50.74,-4.08
16:43:19.566,229.6,23.0,-14.91,-17.52
16:43:19.566,274.6,56.4,4.52,-56.22
16:43:19.566,319.6,52.3,39.83,-33.9
16:43:19.566,4.6,56.9,56.72,4.56
16:43:19.566,49.6,18.9,12.25,14.39
16:43:19.566,94.6,17.0,-1.36,16.95
16:43:19.652,138.3,23.7,-17.7,15.77
16:43:19.652,183.3,45.5,-45.42,-2.62
16:43:19.652,228.3,41.0,-27.27,-30.61
16:43:19.652,273.3,67.7,3.9,-67.59
16:43:19.652,318.3,52.8,39.42,-35.12
16:43:19.652,3.3,74.4,74.28,4.28
16:43:19.652,48.3,17.9,11.91,13.36
16:43:19.652,93.3,16.7,-0.96,16.67
16:43:19.732,136.8,23.7,-17.28,16.22
16:43:19.732,181.8,46.3,-46.28,-1.45
16:43:19.732,226.8,41.0,-28.07,-29.89
16:43:19.732,271.8,56.6,1.78,-56.57
16:43:19.732,316.8,52.4,38.2,-35.87
16:43:19.732,1.8,74.0,73.96,2.32
16:43:19.732,46.8,18.2,12.46,13.27
16:43:19.732,91.8,18.0,-0.57,17.99
16:43:19.815,135.4,23.7,-16.88,16.64
16:43:19.815,180.4,44.9,-44.9,-0.31
16:43:19.815,225.4,40.5,-28.44,-28.84
16:43:19.815,270.4,57.8,0.4,-57.8
16:43:19.815,315.4,53.8,38.31,-37.78
16:43:19.815,0.4,73.9,73.9,0.52
16:43:19.815,45.4,17.3,12.15,12.32
16:43:19.815,90.4,19.3,-0.13,19.3
16:43:19.898,134.0,24.6,-17.09,17.7
16:43:19.898,179.0,44.9,-44.89,0.78
16:43:19.898,224.0,38.9,-27.98,-27.02
16:43:19.898,269.0,56.9,-0.99,-56.89
16:43:19.898,314.0,54.3,37.72,-39.06
16:43:19.898,359.0,73.9,73.89,-1.29
16:43:19.898,44.0,16.3,11.73,11.32
16:43:19.898,89.0,19.3,0.34,19.3
16:43:19.984,132.5,25.5,-17.23,18.8
16:43:19.984,177.5,45.7,-45.66,1.99
16:43:19.984,222.5,40.5,-29.86,-27.36
16:43:19.984,267.5,59.0,-2.57,-58.94
16:43:19.984,312.5,57.0,38.51,-42.02
16:43:19.984,357.5,73.0,72.93,-3.18
16:43:19.984,42.5,16.7,12.31,11.28
16:43:19.984,87.5,17.7,0.77,17.68
16:43:20.072,131.1,24.3,-15.97,18.31
16:43:20.072,176.1,47.3,-47.19,3.22
16:43:20.072,221.1,39.4,-29.69,-25.9
16:43:20.072,266.1,36.4,-2.48,-36.32
16:43:20.072,311.1,197.4,129.77,-148.75
16:43:20.072,356.1,72.9,72.73,-4.96
16:43:20.072,41.1,16.7,12.58,10.98
16:43:20.072,86.1,16.4,1.12,16.36
16:43:20.155,129.6,24.3,-15.49,18.72
16:43:20.155,174.6,22.5,-22.4,2.12
16:43:20.155,219.6,39.4,-30.36,-25.11
16:43:20.155,264.6,56.4,-5.31,-56.15
16:43:20.155,309.6,109.0,69.48,-83.99
16:43:20.155,354.6,72.9,72.58,-6.86
16:43:20.155,39.6,17.0,13.1,10.84
16:43:20.155,84.6,16.4,1.54,16.33
16:43:20.241,128.1,25.2,-15.55,19.83
16:43:20.241,173.1,23.6,-23.43,2.84
16:43:20.241,218.1,39.8,-31.32,-24.56
16:43:20.241,263.1,63.1,-7.58,-62.64
16:43:20.241,308.1,109.2,67.38,-85.93
16:43:20.241,353.1,72.9,72.37,-8.76
16:43:20.241,38.1,16.0,12.59,9.87
16:43:20.241,83.1,16.4,1.97,16.28
16:43:20.325,126.7,24.9,-14.88,19.96
16:43:20.325,171.7,35.9,-35.52,5.18
16:43:20.325,216.7,41.9,-33.59,-25.04
16:43:20.325,261.7,39.4,-5.69,-38.99
16:43:20.325,306.7,108.3,64.72,-86.83
16:43:20.325,351.7,72.9,72.14,-10.52
16:43:20.325,36.7,16.0,12.83,9.56
16:43:20.325,81.7,16.4,2.37,16.23
16:43:20.410,125.2,25.8,-14.87,21.08
16:43:20.410,170.2,21.8,-21.48,3.71
16:43:20.410,215.2,40.3,-32.93,-23.23
16:43:20.410,260.2,39.4,-6.71,-38.83
16:43:20.410,305.2,107.3,61.85,-87.68
16:43:20.410,350.2,73.4,72.33,-12.49
16:43:20.410,35.2,16.0,13.07,9.22
16:43:20.410,80.2,26.9,4.58,26.51
16:43:20.497,123.8,26.3,-14.63,21.85
16:43:20.497,168.8,21.8,-21.38,4.23
16:43:20.497,213.8,40.8,-33.9,-22.7
16:43:20.497,258.8,50.0,-9.71,-49.05
16:43:20.497,303.8,107.3,59.69,-89.16
16:43:20.497,348.8,73.4,72.0,-14.26
16:43:20.497,33.8,16.3,13.55,9.07
16:43:20.497,78.8,26.0,5.05,25.5
16:43:20.576,122.3,26.3,-14.05,22.23
16:43:20.576,167.3,20.9,-20.39,4.59
16:43:20.576,212.3,43.8,-37.02,-23.4
16:43:20.576,257.3,49.4,-10.86,-48.19
16:43:20.576,302.3,56.7,30.3,-47.93
16:43:20.576,347.3,73.9,72.09,-16.25
16:43:20.576,32.3,16.3,13.78,8.71
16:43:20.576,77.3,25.4,5.58,24.78
16:43:20.660,120.9,26.0,-13.35,22.31
16:43:20.660,165.9,20.9,-20.27,5.09
16:43:20.660,210.9,43.0,-36.9,-22.08
16:43:20.660,255.9,38.5,-9.38,-37.34
16:43:20.660,300.9,107.1,55.0,-91.9
16:43:20.660,345.9,73.9,71.67,-18.0
16:43:20.660,30.9,16.3,13.99,8.37
16:43:20.660,75.9,17.4,4.24,16.88
16:43:20.741,119.5,26.6,-13.1,23.15
16:43:20.741,164.5,20.9,-20.14,5.59
16:43:20.741,209.5,56.7,-49.35,-27.92
16:43:20.741,254.5,36.1,-9.65,-34.79
16:43:20.741,299.5,57.0,28.07,-49.61
16:43:20.741,344.5,74.8,72.08,-19.99
16:43:20.741,29.5,16.3,14.19,8.03
16:43:20.741,74.5,16.1,4.3,15.51
16:43:20.828,118.1,25.8,-12.15,22.76
16:43:20.828,163.1,20.9,-20.0,6.08
16:43:20.828,208.1,53.4,-47.11,-25.15
16:43:20.828,253.1,52.5,-15.26,-50.23
16:43:20.828,298.1,106.6,50.21,-94.03
16:43:20.828,343.1,74.9,71.67,-21.77
16:43:20.828,28.1,16.3,14.38,7.68
16:43:20.828,73.1,24.9,7.24,23.82
16:43:20.908,116.6,29.8,-13.34,26.65
16:43:20.908,161.6,20.9,-19.83,6.6
16:43:20.908,206.6,42.4,-37.91,-18.98
16:43:20.908,251.6,51.7,-16.32,-49.06
16:43:20.908,296.6,81.8,36.63,-73.14
16:43:20.908,341.6,29.5,27.99,-9.31
16:43:20.908,26.6,16.3,14.57,7.3
16:43:20.908,71.6,26.0,8.21,24.67
16:43:20.992,115.3,32.1,-13.72,29.02
16:43:20.992,160.3,20.9,-19.68,7.05
16:43:20.992,205.3,42.8,-38.69,-18.29
16:43:20.992,250.3,50.0,-16.85,-47.07
16:43:20.992,295.3,106.1,45.34,-95.92
16:43:20.992,340.3,29.5,27.77,-9.94
16:43:20.992,25.3,16.3,14.74,6.97
16:43:20.992,70.3,16.7,5.63,15.72
16:43:21.068,113.9,45.2,-18.31,41.32
16:43:21.068,158.9,22.2,-20.71,7.99
16:43:21.068,203.9,38.5,-35.2,-15.6
16:43:21.068,248.9,47.5,-17.1,-44.32
16:43:21.068,293.9,82.0,33.22,-74.97
16:43:21.068,338.9,28.1,26.22,-10.12
16:43:21.068,23.9,16.3,14.9,6.6
16:43:21.068,68.9,16.7,6.01,15.58
16:43:21.147,112.5,36.3,-13.89,33.54
16:43:21.147,157.5,21.8,-20.14,8.34
16:43:21.147,202.5,38.0,-35.11,-14.54
16:43:21.147,247.5,49.6,-18.98,-45.82
16:43:21.147,292.5,81.0,31.0,-74.83
16:43:21.147,337.5,29.2,26.98,-11.17
16:43:21.147,22.5,16.3,15.06,6.24
16:43:21.147,67.5,25.1,9.61,23.19
16:43:21.229,111.1,35.0,-12.6,32.65
16:43:21.229,156.1,21.8,-19.93,8.83
16:43:21.229,201.1,37.1,-34.61,-13.36
16:43:21.229,246.1,51.3,-20.78,-46.9
16:43:21.229,291.1,75.2,27.07,-70.16
16:43:21.229,336.1,26.6,24.32,-10.78
16:43:21.229,21.1,17.9,16.7,6.44
16:43:21.229,66.1,25.4,10.29,23.22
16:43:21.310,109.7,51.0,-17.19,48.01
16:43:21.310,154.7,22.8,-20.61,9.74
16:43:21.310,199.7,39.1,-36.81,-13.18
16:43:21.310,244.7,51.9,-22.18,-46.92
16:43:21.310,289.7,75.1,25.32,-70.7
16:43:21.310,334.7,26.9,24.32,-11.5
16:43:21.310,19.7,17.0,16.0,5.73
16:43:21.310,64.7,23.1,9.87,20.88
16:43:21.393,108.4,51.4,-16.22,48.77
16:43:21.393,153.4,42.4,-37.91,18.98
16:43:21.393,198.4,36.6,-34.73,-11.55
16:43:21.393,243.4,52.9,-23.69,-47.3
16:43:21.393,288.4,74.6,23.55,-70.79
16:43:21.393,333.4,25.2,22.53,-11.28
16:43:21.393,18.4,17.9,16.98,5.65
16:43:21.393,63.4,16.7,7.48,14.93
16:43:21.473,107.0,50.2,-14.68,48.01
16:43:21.473,152.0,41.5,-36.64,19.48
16:43:21.473,197.0,37.7,-36.05,-11.02
16:43:21.473,242.0,53.4,-25.07,-47.15
16:43:21.473,287.0,74.9,21.9,-71.63
16:43:21.473,332.0,27.8,24.55,-13.05
16:43:21.473,17.0,16.3,15.59,4.77
16:43:21.473,62.0,16.7,7.84,14.75
16:43:21.556,105.5,44.2,-11.81,42.59
16:43:21.556,150.5,39.4,-34.29,19.4
16:43:21.556,195.5,37.3,-35.94,-9.97
16:43:21.556,240.5,53.9,-26.54,-46.91
16:43:21.556,285.5,74.5,19.91,-71.79
16:43:21.556,330.5,35.3,30.72,-17.38
16:43:21.556,15.5,16.3,15.71,4.36
16:43:21.556,60.5,16.7,8.22,14.53
16:43:21.637,104.2,44.6,-10.94,43.24
16:43:21.637,149.2,41.0,-35.22,20.99
16:43:21.637,194.2,39.1,-37.91,-9.59
16:43:21.637,239.2,53.2,-27.24,-45.7
16:43:21.637,284.2,74.0,18.15,-71.74
16:43:21.637,329.2,18.0,15.46,-9.22
16:43:21.637,14.2,17.3,16.77,4.24
16:43:21.637,59.2,16.7,8.55,14.34
16:43:21.721,102.8,45.4,-10.06,44.27
16:43:21.721,147.8,40.5,-34.27,21.58
16:43:21.721,192.8,37.5,-36.57,-8.31
16:43:21.721,237.8,56.7,-30.21,-47.98
16:43:21.721,282.8,74.0,16.39,-72.16
16:43:21.721,327.8,18.4,15.57,-9.8
16:43:21.721,12.8,17.0,16.58,3.77
16:43:21.721,57.8,23.7,12.63,20.05
16:43:21.802,101.3,45.8,-8.97,44.91
16:43:21.802,146.3,40.6,-33.78,22.53
16:43:21.802,191.3,37.1,-36.38,-7.27
16:43:21.802,236.3,57.3,-31.79,-47.67
16:43:21.802,281.3,73.0,14.3,-71.58
16:43:21.802,326.3,17.4,14.48,-9.65
16:43:21.802,11.3,18.2,17.85,3.57
16:43:21.802,56.3,24.5,13.59,20.38
16:43:21.883,99.9,40.7,-7.0,40.09
16:43:21.883,144.9,40.1,-32.81,23.06
16:43:21.883,189.9,36.6,-36.06,-6.29
16:43:21.883,234.9,57.4,-33.01,-46.96
16:43:21.883,279.9,72.5,12.46,-71.42
16:43:21.883,324.9,17.7,14.48,-10.18
16:43:21.883,9.9,19.5,19.21,3.35
16:43:21.883,54.9,25.1,14.43,20.54
16:43:21.975,98.5,36.3,-5.37,35.9
16:43:21.975,143.5,40.5,-32.56,24.09
16:43:21.975,188.5,36.6,-36.2,-5.41
16:43:21.975,233.5,197.4,-117.42,-158.68
16:43:21.975,278.5,72.5,10.72,-71.7
16:43:21.975,323.5,16.7,13.42,-9.93
16:43:21.975,8.5,19.5,19.29,2.88
16:43:21.975,53.5,23.1,13.74,18.57
16:43:22.068,97.0,21.3,-2.6,21.14
16:43:22.068,142.0,40.6,-31.99,25.0
16:43:22.068,187.0,36.1,-35.83,-4.4
16:43:22.068,232.0,197.8,-121.78,-155.87
16:43:22.068,277.0,59.2,7.21,-58.76
16:43:22.068,322.0,17.0,13.4,-10.47
16:43:22.068,7.0,17.9,17.77,2.18
16:43:22.068,52.0,24.0,14.78,18.91
16:43:22.149,95.5,22.6,-2.17,22.5
16:43:22.149,140.5,40.5,-31.25,25.76
16:43:22.149,185.5,36.1,-35.93,-3.46
16:43:22.149,230.5,198.3,-126.13,-153.01
16:43:22.149,275.5,72.5,6.95,-72.17
16:43:22.149,320.5,16.1,12.42,-10.24
16:43:22.149,5.5,16.6,16.52,1.59
16:43:22.149,50.5,24.8,15.77,19.14
16:43:22.233,94.0,21.6,-1.51,21.55
16:43:22.233,139.0,41.0,-30.94,26.9
16:43:22.233,184.0,36.6,-36.51,-2.55
16:43:22.233,229.0,110.2,-72.3,-83.17
16:43:22.233,274.0,72.4,5.05,-72.22
16:43:22.233,319.0,16.1,12.15,-10.56
16:43:22.233,4.0,16.7,16.66,1.16
16:43:22.233,49.0,24.8,16.27,18.72
16:43:22.317,92.5,20.6,-0.9,20.58
16:43:22.317,137.5,41.9,-30.89,28.31
16:43:22.317,182.5,36.6,-36.57,-1.6
16:43:22.317,227.5,108.7,-73.44,-80.14
16:43:22.317,272.5,72.5,3.16,-72.43
16:43:22.317,317.5,16.1,11.87,-10.88
16:43:22.317,2.5,16.7,16.68,0.73
16:43:22.317,47.5,26.3,17.77,19.39
16:43:22.401,91.1,20.6,-0.4,20.6
16:43:22.401,136.1,41.9,-30.19,29.05
16:43:22.401,181.1,35.9,-35.89,-0.69
16:43:22.401,226.1,107.8,-74.75,-77.68
16:43:22.401,271.1,72.9,1.4,-72.89
16:43:22.401,316.1,16.4,11.82,-11.37
16:43:22.401,1.1,27.9,27.89,0.54
16:43:22.401,46.1,26.3,18.24,18.95
16:43:22.487,89.6,19.7,0.14,19.7
16:43:22.487,134.6,42.4,-29.77,30.19
16:43:22.487,179.6,35.9,-35.9,0.25
16:43:22.487,224.6,107.8,-76.76,-75.69
16:43:22.487,269.6,74.7,-0.52,-74.7
16:43:22.487,314.6,16.4,11.52,-11.68
16:43:22.487,359.6,25.3,25.3,-0.18
16:43:22.487,44.6,26.0,18.51,18.26
16:43:22.573,88.2,19.6,0.62,19.59
16:43:22.573,133.2,100.7,-68.93,73.41
16:43:22.573,178.2,36.4,-36.38,1.14
16:43:22.573,223.2,107.7,-78.51,-73.73
16:43:22.573,268.2,73.4,-2.31,-73.36
16:43:22.573,313.2,16.4,11.23,-11.96
16:43:22.573,358.2,25.3,25.29,-0.79
16:43:22.573,43.2,26.0,18.95,17.8
16:43:22.658,86.7,20.9,1.2,20.87
16:43:22.658,131.7,41.7,-27.74,31.13
16:43:22.658,176.7,37.3,-37.24,2.15
16:43:22.658,221.7,107.2,-80.04,-71.31
16:43:22.658,266.7,73.8,-4.25,-73.68
16:43:22.658,311.7,16.4,10.91,-12.24
16:43:22.658,356.7,24.7,24.66,-1.42
16:43:22.658,41.7,25.7,19.19,17.1
16:43:22.741,85.3,20.9,1.71,20.83
16:43:22.741,130.3,56.5,-36.54,43.09
16:43:22.741,175.3,38.2,-38.07,3.13
16:43:22.741,220.3,107.5,-81.99,-69.53
16:43:22.741,265.3,75.2,-6.16,-74.95
16:43:22.741,310.3,16.4,10.61,-12.51
16:43:22.741,355.3,17.6,17.54,-1.44
16:43:22.741,40.3,25.4,19.37,16.43
16:43:22.833,83.8,19.7,2.13,19.58
16:43:22.833,128.8,41.5,-26.0,32.34
16:43:22.833,173.8,37.1,-36.88,4.01
16:43:22.833,218.8,107.0,-83.39,-67.05
16:43:22.833,263.8,74.4,-8.04,-73.96
16:43:22.833,308.8,16.4,10.28,-12.78
16:43:22.833,353.8,25.0,24.85,-2.7
16:43:22.833,38.8,28.0,21.82,17.54
16:43:22.910,82.4,19.6,2.59,19.43
16:43:22.910,127.4,44.9,-27.27,35.67
16:43:22.910,172.4,38.0,-37.67,5.03
16:43:22.910,217.4,106.1,-84.29,-64.44
16:43:22.910,262.4,73.1,-9.67,-72.46
16:43:22.910,307.4,16.4,9.96,-13.03
16:43:22.910,352.4,25.0,24.78,-3.31
16:43:22.910,37.4,32.1,25.5,19.5
16:43:23.010,80.9,20.9,3.31,20.64
16:43:23.010,170.9,37.7,-37.23,5.96
16:43:23.010,215.9,57.7,-46.74,-33.83
16:43:23.010,260.9,25.5,-4.03,-25.18
16:43:23.010,305.9,16.4,9.62,-13.28
16:43:23.010,350.9,26.2,25.87,-4.14
16:43:23.010,35.9,47.4,38.4,27.79
16:43:23.089,79.2,21.9,4.1,21.51
16:43:23.089,124.2,41.2,-23.16,34.08
16:43:23.089,169.2,38.7,-38.01,7.25
16:43:23.089,214.2,77.1,-63.77,-43.34
16:43:23.089,259.2,22.8,-4.27,-22.4
16:43:23.089,304.2,16.4,9.22,-13.56
16:43:23.089,349.2,17.0,16.7,-3.19
16:43:23.089,34.2,35.0,28.95,19.67
16:43:23.190,77.9,20.6,4.32,20.14
16:43:23.190,167.9,49.6,-48.5,10.4
16:43:23.190,212.9,77.0,-64.65,-41.82
16:43:23.190,257.9,26.6,-5.58,-26.01
16:43:23.190,302.9,18.0,9.78,-15.11
16:43:23.190,347.9,24.4,23.86,-5.11
16:43:23.190,32.9,37.6,31.57,20.42
16:43:23.271,76.1,21.9,5.26,21.26
16:43:23.271,121.1,56.5,-29.18,48.38
16:43:23.271,166.1,50.1,-48.63,12.04
16:43:23.271,211.1,76.5,-65.5,-39.51
16:43:23.271,256.1,27.8,-6.68,-26.99
16:43:23.271,301.1,17.0,8.78,-14.56
16:43:23.271,346.1,25.3,24.56,-6.08
16:43:23.271,31.1,51.8,44.35,26.76
16:43:23.353,74.7,41.2,10.87,39.74
16:43:23.353,119.7,39.4,-19.52,34.22
16:43:23.353,164.7,41.2,-39.74,10.87
16:43:23.353,209.7,56.7,-49.25,-28.09
16:43:23.353,254.7,23.4,-6.17,-22.57
16:43:23.353,299.7,17.0,8.42,-14.77
16:43:23.353,344.7,25.6,24.69,-6.76
16:43:23.353,29.7,52.1,45.26,25.81
16:43:23.434,73.3,41.2,11.84,39.46
16:43:23.434,118.3,36.9,-17.49,32.49
16:43:23.434,163.3,51.5,-49.33,14.8
16:43:23.434,208.3,56.7,-49.92,-26.88
16:43:23.434,253.3,21.6,-6.21,-20.69
16:43:23.434,298.3,17.1,8.11,-15.06
16:43:23.434,343.3,17.3,16.57,-4.97
16:43:23.434,28.3,49.8,43.85,23.61
16:43:23.514,71.9,24.3,7.55,23.1
16:43:23.514,116.9,36.9,-16.69,32.91
16:43:23.514,161.9,53.2,-50.57,16.53
16:43:23.514,206.9,74.9,-66.8,-33.89
16:43:23.514,251.9,19.0,-5.9,-18.06
16:43:23.514,296.9,19.0,8.6,-16.94
16:43:23.514,341.9,16.0,15.21,-4.97
16:43:23.514,26.9,43.7,38.97,19.77
16:43:23.596,70.6,39.3,13.05,37.07
16:43:23.596,115.6,36.4,-15.73,32.83
16:43:23.596,160.6,53.7,-50.65,17.84
16:43:23.596,205.6,74.4,-67.1,-32.15
16:43:23.596,250.6,19.3,-6.41,-18.2
16:43:23.596,295.6,16.4,7.09,-14.79
16:43:23.596,340.6,24.5,23.11,-8.14
16:43:23.596,25.6,44.6,40.22,19.27
16:43:23.679,69.2,38.9,13.81,36.36
16:43:23.679,114.2,38.0,-15.58,34.66
16:43:23.679,159.2,55.1,-51.51,19.57
16:43:23.679,204.2,73.5,-67.04,-30.13
16:43:23.679,249.2,18.4,-6.53,-17.2
16:43:23.679,294.2,16.1,6.6,-14.69
16:43:23.679,339.2,24.7,23.09,-8.77
16:43:23.679,24.2,45.0,41.05,18.45
16:43:23.761,67.7,38.8,14.72,35.9
16:43:23.761,112.7,37.1,-14.32,34.23
16:43:23.761,157.7,54.8,-50.7,20.79
16:43:23.761,202.7,73.9,-68.18,-28.52
16:43:23.761,247.7,17.4,-6.6,-16.1
16:43:23.761,292.7,17.4,6.71,-16.05
16:43:23.761,337.7,24.7,22.85,-9.37
16:43:23.761,22.7,45.4,41.88,17.52
16:43:23.845,66.3,39.3,15.8,35.99
16:43:23.845,111.3,35.9,-13.04,33.45
16:43:23.845,156.3,56.6,-51.83,22.75
16:43:23.845,201.3,72.5,-67.55,-26.34
16:43:23.845,246.3,16.4,-6.59,-15.02
16:43:23.845,291.3,18.7,6.79,-17.42
16:43:23.845,336.3,25.6,23.44,-10.29
16:43:23.845,21.3,37.6,35.03,13.66
16:43:23.926,64.9,39.3,16.67,35.59
16:43:23.926,109.9,35.7,-12.15,33.57
16:43:23.926,154.9,57.1,-51.71,24.22
16:43:23.926,199.9,73.0,-68.64,-24.85
16:43:23.926,244.9,16.7,-7.08,-15.12
16:43:23.926,289.9,19.6,6.67,-18.43
16:43:23.926,334.9,25.3,22.91,-10.73
16:43:23.926,19.9,20.9,19.65,7.11
16:43:24.008,63.5,39.3,17.54,35.17
16:43:24.008,108.5,36.2,-11.49,34.33
16:43:24.008,153.5,67.9,-60.77,30.3
16:43:24.008,198.5,73.3,-69.51,-23.26
16:43:24.008,243.5,17.1,-7.63,-15.3
16:43:24.008,288.5,18.3,5.81,-17.35
16:43:24.008,333.5,23.3,20.85,-10.4
16:43:24.008,18.5,21.2,20.1,6.73
16:43:24.098,62.1,39.3,18.39,34.73
16:43:24.098,107.1,66.0,-19.41,63.08
16:43:24.098,152.1,197.5,-174.54,92.42
16:43:24.098,197.1,73.3,-70.06,-21.55
16:43:24.098,242.1,16.1,-7.53,-14.23
16:43:24.098,287.1,17.1,5.03,-16.34
16:43:24.098,332.1,24.1,21.3,-11.28
16:43:24.098,17.1,36.9,35.27,10.85
16:43:24.183,60.5,39.8,19.6,34.64
16:43:24.183,105.5,37.3,-9.97,35.94
16:43:24.183,150.5,110.8,-96.44,54.56
16:43:24.183,195.5,73.3,-70.63,-19.59
16:43:24.183,240.5,16.1,-7.93,-14.01
16:43:24.183,285.5,17.1,4.57,-16.48
16:43:24.183,330.5,24.1,20.98,-11.87
16:43:24.183,15.5,21.5,20.72,5.75
16:43:24.272,59.1,38.2,19.62,32.78
16:43:24.272,104.1,36.9,-8.99,35.79
16:43:24.272,149.1,198.6,-170.41,101.99
16:43:24.272,194.1,73.3,-71.09,-17.86
16:43:24.272,239.1,16.1,-8.27,-13.81
16:43:24.272,284.1,17.1,4.17,-16.58
16:43:24.272,329.1,25.0,21.45,-12.84
16:43:24.272,14.1,20.6,19.98,5.02
16:43:24.355,57.6,40.3,21.59,34.03
16:43:24.355,102.6,36.9,-8.05,36.01
16:43:24.355,147.6,108.5,-91.61,58.14
16:43:24.355,192.6,72.9,-71.14,-15.9
16:43:24.355,237.6,16.4,-8.79,-13.85
16:43:24.355,282.6,16.8,3.66,-16.4
16:43:24.355,327.6,25.9,21.87,-13.88
16:43:24.355,12.6,19.3,18.84,4.21
16:43:24.439,56.2,40.2,22.36,33.41
16:43:24.439,101.2,37.8,-7.34,37.08
16:43:24.439,146.2,108.4,-90.08,60.3
16:43:24.439,191.2,73.4,-72.0,-14.26
16:43:24.439,236.2,16.4,-9.12,-13.63
16:43:24.439,281.2,26.3,5.11,-25.8
16:43:24.439,326.2,25.6,21.27,-14.24
16:43:24.439,11.2,20.6,20.21,4.0
16:43:24.522,54.7,38.4,22.19,31.34
16:43:24.522,99.7,40.3,-6.79,39.72
16:43:24.522,144.7,107.5,-87.73,62.12
16:43:24.522,189.7,73.8,-72.74,-12.43
16:43:24.522,234.7,16.4,-9.48,-13.38
16:43:24.522,279.7,17.0,2.86,-16.76
16:43:24.522,324.7,25.3,20.65,-14.62
16:43:24.522,9.7,20.6,20.31,3.47
16:43:24.607,53.3,40.0,23.91,32.07
16:43:24.607,98.3,39.9,-5.76,39.48
16:43:24.607,143.3,107.8,-86.43,64.42
16:43:24.607,188.3,73.4,-72.63,-10.6
16:43:24.607,233.3,16.4,-9.8,-13.15
16:43:24.607,278.3,18.4,2.66,-18.21
16:43:24.607,323.3,25.3,20.28,-15.12
16:43:24.607,8.3,20.9,20.68,3.02
16:43:24.705,51.8,40.9,25.29,32.14
16:43:24.705,96.8,37.3,-4.42,37.04
16:43:24.705,141.8,107.8,-84.72,66.66
16:43:24.705,186.8,74.8,-74.27,-8.86
16:43:24.705,231.8,16.4,-10.14,-12.89
16:43:24.705,276.8,24.9,2.95,-24.72
16:43:24.705,321.8,27.1,21.3,-16.76
16:43:24.705,6.8,20.9,20.75,2.47
16:43:24.779,50.4,39.1,24.92,30.13
16:43:24.779,95.4,37.1,-3.49,36.94
16:43:24.779,140.4,107.3,-82.68,68.4
16:43:24.779,185.4,74.9,-74.57,-7.05
16:43:24.779,230.4,16.4,-10.45,-12.64
16:43:24.779,275.4,25.2,2.37,-25.09
16:43:24.779,320.4,25.9,19.96,-16.51
16:43:24.779,5.4,19.6,19.51,1.84
16:43:24.863,48.9,38.1,25.05,28.71
16:43:24.863,93.9,37.3,-2.54,37.21
16:43:24.863,138.9,107.2,-80.78,70.47
16:43:24.863,183.9,74.9,-74.73,-5.09
16:43:24.863,228.9,16.4,-10.78,-12.36
16:43:24.863,273.9,19.0,1.29,-18.96
16:43:24.863,318.9,26.5,19.97,-17.42
16:43:24.863,3.9,19.6,19.55,1.33
16:43:24.954,47.5,37.2,25.13,27.43
16:43:24.954,92.5,50.2,-2.19,50.15
16:43:24.954,137.5,107.2,-79.04,72.42
16:43:24.954,182.5,75.8,-75.73,-3.31
16:43:24.954,227.5,16.4,-11.08,-12.09
16:43:24.954,272.5,25.5,1.11,-25.48
16:43:24.954,317.5,29.1,21.45,-19.66
16:43:24.954,2.5,19.6,19.58,0.85
16:43:25.031,46.0,36.3,25.22,26.11
16:43:25.031,91.0,49.8,-0.87,49.79
16:43:25.031,136.0,107.1,-77.04,74.4
16:43:25.031,181.0,76.7,-76.69,-1.34
16:43:25.031,226.0,16.4,-11.39,-11.8
16:43:25.031,271.0,25.5,0.45,-25.5
16:43:25.031,316.0,32.7,23.52,-22.72
16:43:25.031,1.0,20.6,20.6,0.36
16:43:25.113,44.6,36.3,25.85,25.49
16:43:25.113,89.6,49.5,0.35,49.5
16:43:25.113,134.6,107.1,-75.2,76.26
16:43:25.113,179.6,29.4,-29.4,0.21
16:43:25.113,224.6,16.4,-11.68,-11.52
16:43:25.113,269.6,17.1,-0.12,-17.1
16:43:25.113,314.6,56.6,39.74,-40.3
16:43:25.113,359.6,20.6,20.6,-0.14
16:43:25.194,43.1,36.3,26.5,24.8
16:43:25.194,88.1,50.4,1.67,50.37
16:43:25.194,133.1,75.5,-51.59,55.13
16:43:25.194,178.1,27.1,-27.09,0.9
16:43:25.194,223.1,16.4,-11.97,-11.21
16:43:25.194,268.1,16.1,-0.53,-16.09
16:43:25.194,313.1,57.5,39.29,-41.98
16:43:25.194,358.1,20.2,20.19,-0.67
16:43:25.273,41.8,37.9,28.25,25.26
16:43:25.273,86.8,50.0,2.79,49.92
16:43:25.273,131.8,74.6,-49.72,55.61
16:43:25.273,176.8,27.1,-27.06,1.51
16:43:25.273,221.8,18.0,-13.42,-12.0
16:43:25.273,266.8,17.1,-0.95,-17.07
16:43:25.273,311.8,36.1,24.06,-26.91
16:43:25.273,356.8,20.2,20.17,-1.13
16:43:25.354,40.4,39.1,29.78,25.34
16:43:25.354,85.4,50.9,4.08,50.74
16:43:25.354,130.4,74.5,-48.28,56.73
16:43:25.354,175.4,29.1,-29.01,2.33
16:43:25.354,220.4,18.4,-14.01,-11.93
16:43:25.354,265.4,24.9,-2.0,-24.82
16:43:25.354,310.4,36.1,23.4,-27.49
16:43:25.354,355.4,21.5,21.43,-1.72
16:43:25.439,39.0,38.1,29.61,23.98
16:43:25.439,84.0,52.2,5.46,51.91
16:43:25.439,129.0,74.9,-47.14,58.21
16:43:25.439,174.0,24.8,-24.66,2.59
16:43:25.439,219.0,16.1,-12.51,-10.13
16:43:25.439,264.0,16.1,-1.68,-16.01
16:43:25.439,309.0,52.5,33.04,-40.8
16:43:25.439,354.0,43.3,43.06,-4.53
16:43:25.516,37.7,36.3,28.72,22.2
16:43:25.516,82.7,53.6,6.81,53.17
16:43:25.516,127.7,74.8,-45.74,59.18
16:43:25.516,172.7,27.4,-27.18,3.48
16:43:25.516,217.7,26.6,-21.05,-16.27
16:43:25.516,262.7,16.1,-2.05,-15.97
16:43:25.516,307.7,51.6,31.55,-40.83
16:43:25.516,352.7,22.2,22.02,-2.82
16:43:25.599,36.3,35.0,28.21,20.72
16:43:25.599,81.3,53.6,8.11,52.98
16:43:25.599,126.3,74.3,-43.99,59.88
16:43:25.599,171.3,22.4,-22.14,3.39
16:43:25.599,216.3,19.0,-15.31,-11.25
16:43:25.599,261.3,16.1,-2.44,-15.91
16:43:25.599,306.3,49.9,29.54,-40.22
16:43:25.599,351.3,22.2,21.94,-3.36
16:43:25.678,34.9,38.1,31.25,21.8
16:43:25.678,79.9,54.1,9.49,53.26
16:43:25.678,124.9,74.7,-42.74,61.27
16:43:25.678,169.9,18.9,-18.61,3.31
16:43:25.678,214.9,17.7,-14.52,-10.13
16:43:25.678,259.9,16.1,-2.82,-15.85
16:43:25.678,304.9,44.4,25.4,-36.41
16:43:25.678,349.9,40.1,39.48,-7.03
16:43:25.759,33.5,49.8,41.53,27.49
16:43:25.759,78.5,53.8,10.73,52.72
16:43:25.759,123.5,74.6,-41.17,62.21
16:43:25.759,168.5,18.0,-17.64,3.59
16:43:25.759,213.5,16.4,-13.68,-9.05
16:43:25.759,258.5,16.1,-3.21,-15.78
16:43:25.759,303.5,44.8,24.73,-37.36
16:43:25.759,348.5,39.7,38.9,-7.91
16:43:25.842,32.1,36.3,30.75,19.29
16:43:25.842,77.1,56.5,12.61,55.07
16:43:25.842,122.1,74.6,-39.64,63.2
16:43:25.842,167.1,18.3,-17.84,4.09
16:43:25.842,212.1,16.4,-13.89,-8.71
16:43:25.842,257.1,16.1,-3.59,-15.69
16:43:25.842,302.1,45.6,24.23,-38.63
16:43:25.842,347.1,39.7,38.7,-8.86
16:43:25.925,30.7,35.8,30.78,18.28
16:43:25.925,75.7,54.0,13.34,52.33
16:43:25.925,120.7,73.2,-37.37,62.94
16:43:25.925,165.7,17.3,-16.76,4.27
16:43:25.925,210.7,17.4,-14.96,-8.88
16:43:25.925,255.7,24.9,-6.15,-24.13
16:43:25.925,300.7,44.2,22.57,-38.01
16:43:25.925,345.7,39.7,38.47,-9.81
16:43:26.004,29.3,37.0,32.27,18.11
16:43:26.004,74.3,56.6,15.32,54.49
16:43:26.004,119.3,73.6,-36.02,64.18
16:43:26.004,164.3,16.3,-15.69,4.41
16:43:26.004,209.3,18.7,-16.31,-9.15
16:43:26.004,254.3,24.9,-6.74,-23.97
16:43:26.004,299.3,36.1,17.67,-31.48
16:43:26.004,344.3,39.7,38.22,-10.74
16:43:26.095,27.9,37.9,33.49,17.73
16:43:26.095,72.9,197.1,57.96,188.39
16:43:26.095,117.9,73.2,-34.25,64.69
16:43:26.095,162.9,16.7,-15.96,4.91
16:43:26.095,207.9,18.4,-16.26,-8.61
16:43:26.095,252.9,24.6,-7.23,-23.51
16:43:26.095,297.9,45.8,21.43,-40.48
16:43:26.095,342.9,40.1,38.33,-11.79
16:43:26.185,26.3,36.3,32.54,16.08
16:43:26.185,71.3,197.5,63.32,187.07
16:43:26.185,116.3,74.0,-32.79,66.34
16:43:26.185,161.3,16.7,-15.82,5.35
16:43:26.185,206.3,17.1,-15.33,-7.58
16:43:26.185,251.3,23.7,-7.6,-22.45
16:43:26.185,296.3,21.4,9.48,-19.18
16:43:26.185,341.3,40.6,38.46,-13.02
16:43:26.272,24.8,37.0,33.59,15.52
16:43:26.272,69.8,198.0,68.37,185.82
16:43:26.272,114.8,72.7,-30.49,66.0
16:43:26.272,159.8,17.0,-15.95,5.87
16:43:26.272,204.8,17.1,-15.52,-7.17
16:43:26.272,249.8,24.6,-8.49,-23.09
16:43:26.272,294.8,21.8,9.14,-19.79
16:43:26.272,339.8,40.6,38.1,-14.02
16:43:26.354,23.3,36.5,33.52,14.44
16:43:26.354,68.3,109.5,40.49,101.74
16:43:26.354,113.3,74.0,-29.27,67.97
16:43:26.354,158.3,16.0,-14.87,5.92
16:43:26.354,203.3,17.1,-15.71,-6.76
16:43:26.354,248.3,25.4,-9.39,-23.6
16:43:26.354,293.3,22.1,8.74,-20.3
16:43:26.354,338.3,44.1,40.97,-16.31
16:43:26.439,21.9,52.4,48.62,19.54
16:43:26.439,66.9,110.2,43.24,101.36
16:43:26.439,111.9,74.4,-27.75,69.03
16:43:26.439,156.9,16.0,-14.72,6.28
16:43:26.439,201.9,17.1,-15.87,-6.38
16:43:26.439,246.9,25.2,-9.89,-23.18
16:43:26.439,291.9,20.8,7.76,-19.3
16:43:26.439,336.9,41.5,38.17,-16.28
16:43:26.524,20.4,49.8,46.68,17.36
16:43:26.524,65.4,108.8,45.29,98.92
16:43:26.524,110.4,74.1,-25.83,69.45
16:43:26.524,155.4,16.0,-14.55,6.66
16:43:26.524,200.4,26.3,-24.65,-9.17
16:43:26.524,245.4,26.0,-10.82,-23.64
16:43:26.524,290.4,21.1,7.35,-19.78
16:43:26.524,335.4,40.4,36.73,-16.82
16:43:26.602,19.0,38.2,36.12,12.44
16:43:26.602,64.0,42.6,18.67,38.29
16:43:26.602,109.0,72.7,-23.67,68.74
16:43:26.602,154.0,16.0,-14.38,7.01
16:43:26.602,199.0,18.7,-17.68,-6.09
16:43:26.602,244.0,25.7,-11.27,-23.1
16:43:26.602,289.0,19.9,6.48,-18.82
16:43:26.602,334.0,42.9,38.56,-18.81
16:43:26.689,17.6,50.2,47.85,15.18
16:43:26.689,62.6,107.8,49.61,95.71
16:43:26.689,107.6,74.5,-22.53,71.01
16:43:26.689,152.6,16.4,-14.56,7.55
16:43:26.689,197.6,20.0,-19.06,-6.05
16:43:26.689,242.6,25.7,-11.83,-22.82
16:43:26.689,287.6,19.9,6.02,-18.97
16:43:26.689,332.6,39.2,34.8,-18.04
16:43:26.770,16.1,38.2,36.7,10.59
16:43:26.770,61.1,36.2,17.49,31.69
16:43:26.770,106.1,75.0,-20.8,72.06
16:43:26.770,151.1,16.4,-14.36,7.93
16:43:26.770,196.1,24.0,-23.06,-6.66
16:43:26.770,241.1,27.2,-13.15,-23.81
16:43:26.770,286.1,21.1,5.85,-20.27
16:43:26.770,331.1,42.2,36.94,-20.39
16:43:26.850,14.8,39.1,37.8,9.99
16:43:26.850,59.8,42.9,21.58,37.08
16:43:26.850,104.8,74.6,-19.06,72.13
16:43:26.850,149.8,16.4,-14.17,8.25
16:43:26.850,194.8,19.3,-18.66,-4.93
16:43:26.850,239.8,28.1,-14.13,-24.29
16:43:26.850,284.8,21.1,5.39,-20.4
16:43:26.850,329.8,44.9,38.81,-22.59
16:43:26.937,13.4,49.1,47.76,11.38
16:43:26.937,58.4,106.7,55.91,90.88
16:43:26.937,103.4,75.9,-17.59,73.83
16:43:26.937,148.4,16.3,-13.88,8.54
16:43:26.937,193.4,24.6,-23.93,-5.7
16:43:26.937,238.4,26.0,-13.62,-22.14
16:43:26.937,283.4,19.9,4.61,-19.36
16:43:26.937,328.4,38.1,32.45,-19.96
16:43:27.041,11.9,48.3,47.26,9.96
16:43:27.041,56.9,107.1,58.49,89.72
16:43:27.041,101.9,75.6,-15.59,73.98
16:43:27.041,146.9,16.3,-13.65,8.9
16:43:27.041,191.9,25.5,-24.95,-5.26
16:43:27.041,236.9,30.1,-16.44,-25.22
16:43:27.041,281.9,19.9,4.1,-19.47
16:43:27.123,10.1,38.8,38.2,6.8
16:43:27.123,55.1,107.1,61.28,87.84
16:43:27.123,100.1,27.4,-4.81,26.98
16:43:27.123,145.1,16.3,-13.37,9.33
16:43:27.123,190.1,25.5,-25.1,-4.47
16:43:27.123,235.1,31.1,-17.79,-25.51
16:43:27.123,280.1,19.8,3.47,-19.49
16:43:27.123,325.1,38.1,31.25,-21.8
16:43:27.205,8.7,38.4,37.96,5.81
16:43:27.205,53.7,107.1,63.4,86.31
16:43:27.205,98.7,26.5,-4.01,26.2
16:43:27.205,143.7,16.3,-13.14,9.65
16:43:27.205,188.7,16.1,-15.91,-2.44
16:43:27.205,233.7,44.6,-26.4,-35.94
16:43:27.205,278.7,20.8,3.15,-20.56
16:43:27.205,323.7,38.6,31.11,-22.85
16:43:27.284,7.3,40.0,39.68,5.08
16:43:27.284,52.3,107.1,65.49,84.74
16:43:27.284,97.3,29.9,-3.8,29.66
16:43:27.284,142.3,17.6,-13.93,10.76
16:43:27.284,187.3,16.1,-15.97,-2.05
16:43:27.284,232.3,34.0,-20.79,-26.9
16:43:27.284,277.3,20.8,2.64,-20.63
16:43:27.284,322.3,38.1,30.15,-23.3
16:43:27.368,5.9,50.5,50.23,5.19
16:43:27.368,50.9,106.7,67.29,82.8
16:43:27.368,95.9,29.4,-3.02,29.24
16:43:27.368,140.9,18.0,-13.97,11.35
16:43:27.368,185.9,24.9,-24.77,-2.56
16:43:27.368,230.9,37.9,-23.9,-29.41
16:43:27.368,275.9,20.8,2.14,-20.69
16:43:27.368,320.9,36.7,28.48,-23.15
16:43:27.451,4.5,51.5,51.34,4.04
16:43:27.451,49.5,79.7,51.76,60.6
16:43:27.451,94.5,30.2,-2.37,30.11
16:43:27.451,139.5,17.0,-12.93,11.04
16:43:27.451,184.5,25.7,-25.62,-2.02
16:43:27.451,229.5,52.9,-34.36,-40.23
16:43:27.451,274.5,41.4,3.25,-41.27
16:43:27.451,319.5,43.1,32.77,-27.99
16:43:27.536,3.1,51.6,51.52,2.79
16:43:27.536,48.1,77.4,51.69,57.61
16:43:27.536,93.1,28.0,-1.51,27.96
16:43:27.536,138.1,29.7,-22.11,19.83
16:43:27.536,183.1,22.8,-22.77,-1.23
16:43:27.536,228.1,52.1,-34.79,-38.78
16:43:27.536,273.1,23.6,1.28,-23.57
16:43:27.536,318.1,37.4,27.84,-24.98
16:43:27.615,1.7,52.1,52.08,1.55
16:43:27.615,46.7,56.8,38.95,41.34
16:43:27.615,91.7,22.1,-0.66,22.09
16:43:27.615,136.7,18.6,-13.54,12.76
16:43:27.615,181.7,22.8,-22.79,-0.68
16:43:27.615,226.7,45.8,-31.41,-33.33
16:43:27.615,271.7,21.5,0.64,-21.49
16:43:27.615,316.7,36.0,26.2,-24.69
16:43:27.696,0.3,53.4,53.4,0.28
16:43:27.696,45.3,75.0,52.75,53.31
16:43:27.696,90.3,19.9,-0.1,19.9
16:43:27.696,135.3,17.3,-12.3,12.17
16:43:27.696,180.3,16.4,-16.4,-0.09
16:43:27.696,225.3,46.2,-32.5,-32.84
16:43:27.696,270.3,36.8,0.19,-36.8
16:43:27.696,315.3,41.1,29.21,-28.91
16:43:27.786,0.0,54.0,54.0,0.0
16:43:27.786,45.0,74.6,52.75,52.75
16:43:27.786,90.0,18.9,0.0,18.9
16:43:27.786,135.0,17.3,-12.23,12.23
16:43:27.786,180.0,16.4,-16.4,0.0
16:43:27.786,225.0,44.4,-31.4,-31.4
16:43:27.786,270.0,40.0,-0.0,-40.0
16:43:27.786,315.0,36.0,25.46,-25.46
16:43:27.875,0.0,56.2,56.2,0.0
16:43:27.875,45.0,75.4,53.32,53.32
16:43:27.875,90.0,18.9,0.0,18.9
16:43:27.875,135.0,17.3,-12.23,12.23
16:43:27.875,180.0,16.4,-16.4,0.0
16:43:27.875,225.0,44.4,-31.4,-31.4
16:43:27.875,270.0,41.2,-0.0,-41.2
16:43:27.875,315.0,37.6,26.59,-26.59
16:43:27.950,0.0,56.7,56.7,0.0
16:43:27.950,45.0,74.9,52.96,52.96
16:43:27.950,90.0,18.9,0.0,18.9
16:43:27.950,135.0,17.3,-12.23,12.23
16:43:27.950,180.0,16.4,-16.4,0.0
16:43:27.950,225.0,44.8,-31.68,-31.68
16:43:27.950,270.0,39.5,-0.0,-39.5
16:43:27.950,315.0,41.3,29.2,-29.2
16:43:28.023,0.0,56.7,56.7,0.0
16:43:28.023,45.0,75.4,53.32,53.32
16:43:28.023,90.0,18.9,0.0,18.9
16:43:28.023,135.0,17.3,-12.23,12.23
16:43:28.023,180.0,16.4,-16.4,0.0
16:43:28.023,225.0,44.8,-31.68,-31.68
16:43:28.023,270.0,39.5,-0.0,-39.5
16:43:28.023,315.0,37.4,26.45,-26.45
16:43:28.111,0.0,197.5,197.5,0.0
16:43:28.111,45.0,74.9,52.96,52.96
16:43:28.111,90.0,18.9,0.0,18.9
16:43:28.111,135.0,17.3,-12.23,12.23
16:43:28.111,180.0,16.4,-16.4,0.0
16:43:28.111,225.0,44.4,-31.4,-31.4
16:43:28.111,270.0,41.2,-0.0,-41.2
16:43:28.111,315.0,39.7,28.07,-28.07
16:43:28.193,0.0,56.7,56.7,0.0
16:43:28.193,45.0,74.5,52.68,52.68
16:43:28.193,90.0,18.9,0.0,18.9
16:43:28.193,135.0,17.3,-12.23,12.23
16:43:28.193,180.0,16.4,-16.4,0.0
16:43:28.193,225.0,44.4,-31.4,-31.4
16:43:28.193,270.0,39.5,-0.0,-39.5
16:43:28.193,315.0,40.1,28.35,-28.35
16:43:28.275,0.0,67.3,67.3,0.0
16:43:28.275,45.0,74.9,52.96,52.96
16:43:28.275,90.0,18.9,0.0,18.9
16:43:28.275,135.0,17.3,-12.23,12.23
16:43:28.275,180.0,16.4,-16.4,0.0
16:43:28.275,225.0,44.4,-31.4,-31.4
16:43:28.275,270.0,39.5,-0.0,-39.5
16:43:28.275,315.0,38.3,27.08,-27.08
16:43:28.365,0.0,197.5,197.5,0.0
16:43:28.365,45.0,74.9,52.96,52.96
16:43:28.365,90.0,18.9,0.0,18.9
16:43:28.365,135.0,17.3,-12.23,12.23
16:43:28.365,180.0,16.4,-16.4,0.0
16:43:28.365,225.0,44.4,-31.4,-31.4
16:43:28.365,270.0,39.5,-0.0,-39.5
16:43:28.365,315.0,40.4,28.57,-28.57
16:43:28.447,0.0,57.0,57.0,0.0
16:43:28.447,45.0,74.5,52.68,52.68
16:43:28.447,90.0,18.9,0.0,18.9
16:43:28.447,135.0,17.3,-12.23,12.23
16:43:28.447,180.0,16.4,-16.4,0.0
16:43:28.447,225.0,44.4,-31.4,-31.4
16:43:28.447,270.0,39.5,-0.0,-39.5
16:43:28.447,315.0,39.3,27.79,-27.79
16:43:28.536,0.0,197.5,197.5,0.0
16:43:28.536,45.0,74.5,52.68,52.68
16:43:28.536,90.0,18.9,0.0,18.9
16:43:28.536,135.0,17.3,-12.23,12.23
16:43:28.536,180.0,16.4,-16.4,0.0
16:43:28.536,225.0,44.4,-31.4,-31.4
16:43:28.536,270.0,41.6,-0.0,-41.6
16:43:28.536,315.0,36.9,26.09,-26.09
16:43:28.617,0.0,68.9,68.9,0.0
16:43:28.617,45.0,74.0,52.33,52.33
16:43:28.617,90.0,18.9,0.0,18.9
16:43:28.617,135.0,17.0,-12.02,12.02
16:43:28.617,180.0,16.4,-16.4,0.0
16:43:28.617,225.0,44.4,-31.4,-31.4
16:43:28.617,270.0,39.5,-0.0,-39.5
16:43:28.617,315.0,31.8,22.49,-22.49
16:43:28.706,0.0,197.9,197.9,0.0
16:43:28.706,45.0,74.5,52.68,52.68
16:43:28.706,90.0,18.9,0.0,18.9
16:43:28.706,135.0,17.3,-12.23,12.23
16:43:28.706,180.0,16.4,-16.4,0.0
16:43:28.706,225.0,44.4,-31.4,-31.4
16:43:28.706,270.0,41.6,-0.0,-41.6
16:43:28.706,315.0,30.3,21.43,-21.43
16:43:28.802,0.0,197.8,197.8,0.0
16:43:28.802,45.0,74.9,52.96,52.96
16:43:28.802,90.0,18.9,0.0,18.9
16:43:28.802,135.0,17.3,-12.23,12.23
16:43:28.802,180.0,16.4,-16.4,0.0
16:43:28.802,225.0,44.4,-31.4,-31.4
16:43:28.802,270.0,41.6,-0.0,-41.6
16:43:28.802,315.0,29.5,20.86,-20.86
16:43:28.877,1.6,61.8,61.78,1.73
16:43:28.877,46.6,74.5,51.19,54.13
16:43:28.877,91.6,18.9,-0.53,18.89
16:43:28.877,136.6,17.0,-12.35,11.68
16:43:28.877,181.6,16.4,-16.39,-0.46
16:43:28.877,226.6,44.4,-30.51,-32.26
16:43:28.877,271.6,41.6,1.16,-41.58
16:43:28.877,316.6,43.7,31.75,-30.03
16:43:28.967,3.1,197.4,197.11,10.68
16:43:28.967,48.1,74.9,50.02,55.75
16:43:28.967,93.1,18.9,-1.02,18.87
16:43:28.967,138.1,17.3,-12.88,11.55
16:43:28.967,183.1,16.4,-16.38,-0.89
16:43:28.967,228.1,44.4,-29.65,-33.05
16:43:28.967,273.1,41.6,2.25,-41.54
16:43:28.967,318.1,47.6,35.43,-31.79
16:43:29.056,4.7,197.4,196.74,16.17
16:43:29.056,49.7,74.6,48.25,56.9
16:43:29.056,94.7,18.9,-1.55,18.84
16:43:29.056,139.7,17.3,-13.19,11.19
16:43:29.056,184.7,16.4,-16.34,-1.34
16:43:29.056,229.7,44.4,-28.72,-33.86
16:43:29.056,274.7,40.5,3.32,-40.36
16:43:29.056,319.7,46.4,35.39,-30.01
16:43:29.145,6.3,197.4,196.21,21.66
16:43:29.145,51.3,75.0,46.89,58.53
16:43:29.145,96.3,18.6,-2.04,18.49
16:43:29.145,141.3,17.3,-13.5,10.82
16:43:29.145,186.3,16.4,-16.3,-1.8
16:43:29.145,231.3,45.4,-28.39,-35.43
16:43:29.145,276.3,22.4,2.46,-22.26
16:43:29.145,321.3,42.9,33.48,-26.82
16:43:29.222,7.9,37.7,37.34,5.18
16:43:29.222,52.9,63.7,38.42,50.81
16:43:29.222,97.9,19.6,-2.69,19.41
16:43:29.222,142.9,17.3,-13.8,10.44
16:43:29.222,187.9,24.9,-24.66,-3.42
16:43:29.222,232.9,45.4,-27.39,-36.21
16:43:29.222,277.9,22.4,3.08,-22.19
16:43:29.222,322.9,57.1,45.54,-34.44
16:43:29.306,9.3,36.5,36.02,5.9
16:43:29.306,54.3,65.8,38.4,53.44
16:43:29.306,99.3,29.7,-4.8,29.31
16:43:29.306,144.3,33.6,-27.29,19.61
16:43:29.306,189.3,22.8,-22.5,-3.68
16:43:29.306,234.3,52.1,-30.4,-42.31
16:43:29.306,279.3,40.9,6.61,-40.36
16:43:29.306,324.3,19.3,15.67,-11.26
16:43:29.388,10.8,39.3,38.6,7.36
16:43:29.388,55.8,75.7,42.55,62.61
16:43:29.388,100.8,28.0,-5.25,27.5
16:43:29.388,145.8,17.0,-14.06,9.56
16:43:29.388,190.8,25.8,-25.34,-4.83
16:43:29.388,235.8,56.5,-31.76,-46.73
16:43:29.388,280.8,41.4,7.76,-40.67
16:43:29.388,325.8,44.5,36.81,-25.01
16:43:29.465,12.2,41.4,40.47,8.75
16:43:29.465,57.2,81.0,43.88,68.09
16:43:29.465,102.2,29.4,-6.21,28.74
16:43:29.465,147.2,18.0,-15.13,9.75
16:43:29.465,192.2,24.9,-24.34,-5.26
16:43:29.465,237.2,37.9,-20.53,-31.86
16:43:29.465,282.2,16.0,3.38,-15.64
16:43:29.465,327.2,15.8,13.28,-8.56
16:43:29.548,13.7,37.0,35.95,8.76
16:43:29.548,58.7,80.7,41.93,68.95
16:43:29.548,103.7,28.5,-6.75,27.69
16:43:29.548,148.7,17.6,-15.04,9.14
16:43:29.548,193.7,17.4,-16.9,-4.12
16:43:29.548,238.7,34.0,-17.66,-29.05
16:43:29.548,283.7,16.0,3.79,-15.54
16:43:29.548,328.7,58.1,49.64,-30.18
16:43:29.619,15.1,34.2,33.02,8.91
16:43:29.619,60.1,61.2,30.51,53.05
16:43:29.619,105.1,29.9,-7.79,28.87
16:43:29.619,150.1,16.3,-14.13,8.13
16:43:29.619,195.1,16.1,-15.54,-4.19
16:43:29.619,240.1,44.2,-22.03,-38.32
16:43:29.619,285.1,21.1,5.5,-20.37
16:43:29.619,330.1,16.1,13.96,-8.03
16:43:29.699,16.5,43.2,41.42,12.27
16:43:29.699,61.5,107.1,51.1,94.12
16:43:29.699,106.5,26.5,-7.53,25.41
16:43:29.699,151.5,16.3,-14.32,7.78
16:43:29.699,196.5,25.5,-24.45,-7.24
16:43:29.699,241.5,31.1,-14.84,-27.33
16:43:29.699,286.5,19.9,5.65,-19.08
16:43:29.699,331.5,16.1,14.15,-7.68
16:43:29.775,17.9,33.4,31.78,10.27
16:43:29.775,62.9,44.5,20.27,39.61
16:43:29.775,107.9,29.1,-8.94,27.69
16:43:29.775,152.9,16.3,-14.51,7.43
16:43:29.775,197.9,25.5,-24.27,-7.84
16:43:29.775,242.9,27.5,-12.53,-24.48
16:43:29.775,287.9,19.9,6.12,-18.94
16:43:29.775,332.9,17.0,15.13,-7.74
16:43:29.855,19.2,34.0,32.11,11.18
16:43:29.855,64.2,57.3,24.94,51.59
16:43:29.855,109.2,75.5,-24.83,71.3
16:43:29.855,154.2,16.4,-14.77,7.14
16:43:29.855,199.2,24.6,-23.23,-8.09
16:43:29.855,244.2,26.0,-11.32,-23.41
16:43:29.855,289.2,21.1,6.94,-19.93
16:43:29.855,334.2,19.9,17.92,-8.66
16:43:29.935,20.7,32.4,30.31,11.45
16:43:29.935,65.7,62.8,25.84,57.24
16:43:29.935,110.7,74.6,-26.37,69.78
16:43:29.935,155.7,16.4,-14.95,6.75
16:43:29.935,200.7,19.3,-18.05,-6.82
16:43:29.935,245.7,26.9,-11.07,-24.52
16:43:29.935,290.7,21.1,7.46,-19.74
16:43:29.935,335.7,18.7,17.04,-7.7
16:43:30.020,22.1,36.1,33.45,13.58
16:43:30.020,67.1,107.7,41.91,99.21
16:43:30.020,112.1,75.0,-28.22,69.49
16:43:30.020,157.1,16.4,-15.11,6.38
16:43:30.020,202.1,24.0,-22.24,-9.03
16:43:30.020,247.1,26.3,-10.23,-24.23
16:43:30.020,292.1,21.1,7.94,-19.55
16:43:30.020,337.1,17.4,16.03,-6.77
16:43:30.099,23.6,30.0,27.49,12.01
16:43:30.099,68.6,107.7,39.3,100.27
16:43:30.099,113.6,74.1,-29.67,67.9
16:43:30.099,158.6,16.4,-15.27,5.98
16:43:30.099,203.6,25.7,-23.55,-10.29
16:43:30.099,248.6,25.7,-9.38,-23.93
16:43:30.099,293.6,21.1,8.45,-19.34
16:43:30.099,338.6,17.4,16.2,-6.35
16:43:30.181,25.1,36.1,32.69,15.31
16:43:30.181,70.1,108.3,36.86,101.83
16:43:30.181,115.1,73.1,-31.01,66.2
16:43:30.181,160.1,16.0,-15.04,5.45
16:43:30.181,205.1,18.7,-16.93,-7.93
16:43:30.181,250.1,25.7,-8.75,-24.17
16:43:30.181,295.1,19.9,8.44,-18.02
16:43:30.181,340.1,16.4,15.42,-5.58
16:43:30.266,26.5,34.8,31.14,15.53
16:43:30.266,71.5,108.7,34.49,103.08
16:43:30.266,116.5,74.0,-33.02,66.23
16:43:30.266,161.5,16.0,-15.17,5.08
16:43:30.266,206.5,27.2,-24.34,-12.14
16:43:30.266,251.5,25.2,-8.0,-23.9
16:43:30.266,296.5,20.8,9.28,-18.61
16:43:30.266,341.5,57.8,54.81,-18.34
16:43:30.347,28.1,31.4,27.7,14.79
16:43:30.347,73.1,108.8,31.63,104.1
16:43:30.347,118.1,73.5,-34.62,64.84
16:43:30.347,163.1,16.0,-15.31,4.65
16:43:30.347,208.1,17.1,-15.08,-8.05
16:43:30.347,253.1,25.2,-7.33,-24.11
16:43:30.347,298.1,22.1,10.41,-19.5
16:43:30.347,343.1,16.1,15.4,-4.68
16:43:30.429,29.5,30.8,26.81,15.17
16:43:30.429,74.5,109.8,29.34,105.81
16:43:30.429,119.5,74.0,-36.44,64.41
16:43:30.429,164.5,16.0,-15.42,4.28
16:43:30.429,209.5,17.1,-14.88,-8.42
16:43:30.429,254.5,24.6,-6.57,-23.71
16:43:30.429,299.5,21.8,10.73,-18.97
16:43:30.429,344.5,16.1,15.51,-4.3
16:43:30.514,31.0,31.1,26.66,16.02
16:43:30.514,76.0,197.5,47.78,191.63
16:43:30.514,121.0,72.7,-37.44,62.32
16:43:30.514,166.0,17.0,-16.5,4.11
16:43:30.514,211.0,17.1,-14.66,-8.81
16:43:30.514,256.0,24.6,-5.95,-23.87
16:43:30.514,301.0,21.5,11.07,-18.43
16:43:30.514,346.0,17.0,16.5,-4.11
16:43:30.602,32.6,31.9,26.87,17.19
16:43:30.602,77.6,197.1,42.32,192.5
16:43:30.602,122.6,73.5,-39.6,61.92
16:43:30.602,167.6,16.7,-16.31,3.59
16:43:30.602,212.6,18.4,-15.5,-9.91
16:43:30.602,257.6,24.6,-5.28,-24.03
16:43:30.602,302.6,48.4,26.08,-40.77
16:43:30.602,347.6,16.7,16.31,-3.59
16:43:30.691,34.1,33.7,27.91,18.89
16:43:30.691,79.1,197.9,37.42,194.33
16:43:30.691,124.1,73.6,-41.26,60.95
16:43:30.691,169.1,16.3,-16.01,3.08
16:43:30.691,214.1,18.7,-15.48,-10.48
16:43:30.691,259.1,25.7,-4.86,-25.24
16:43:30.691,304.1,36.1,20.24,-29.89
16:43:30.691,349.1,16.7,16.4,-3.16
16:43:30.781,35.7,34.0,27.61,19.84
16:43:30.781,80.7,198.8,32.13,196.19
16:43:30.781,125.7,74.1,-43.24,60.18
16:43:30.781,170.7,17.3,-17.07,2.8
16:43:30.781,215.7,18.7,-15.19,-10.91
16:43:30.781,260.7,24.0,-3.88,-23.68
16:43:30.781,305.7,45.2,26.38,-36.71
16:43:30.781,350.7,16.4,16.18,-2.65
16:43:30.866,37.3,32.4,25.77,19.63
16:43:30.866,82.3,198.7,26.62,196.91
16:43:30.866,127.3,74.1,-44.9,58.94
16:43:30.866,172.3,18.3,-18.13,2.45
16:43:30.866,217.3,16.4,-13.05,-9.94
16:43:30.866,262.3,16.1,-2.16,-15.95
16:43:30.866,307.3,44.8,27.15,-35.64
16:43:30.866,352.3,16.1,15.95,-2.16
16:43:30.952,38.9,34.2,26.62,21.48
16:43:30.952,83.9,197.9,21.03,196.78
16:43:30.952,128.9,74.6,-46.85,58.06
16:43:30.952,173.9,18.0,-17.9,1.91
16:43:30.952,218.9,16.4,-12.76,-10.3
16:43:30.952,263.9,16.1,-1.71,-16.01
16:43:30.952,308.9,29.3,18.4,-22.8
16:43:30.952,353.9,17.0,16.9,-1.81
16:43:31.026,40.4,34.2,26.04,22.17
16:43:31.026,85.4,32.3,2.59,32.2
16:43:31.026,130.4,68.7,-44.53,52.32
16:43:31.026,175.4,20.2,-20.13,1.62
16:43:31.026,220.4,17.7,-13.48,-11.47
16:43:31.026,265.4,16.1,-1.29,-16.05
16:43:31.026,310.4,29.4,19.05,-22.39
16:43:31.026,355.4,16.1,16.05,-1.29
16:43:31.112,41.8,17.1,12.75,11.4
16:43:31.112,86.8,198.2,11.06,197.89
16:43:31.112,131.8,75.2,-50.12,56.06
16:43:31.112,176.8,29.9,-29.85,1.67
16:43:31.112,221.8,27.5,-20.5,-18.33
16:43:31.112,266.8,16.1,-0.9,-16.07
16:43:31.112,311.8,36.1,24.06,-26.91
16:43:31.112,356.8,16.1,16.07,-0.9
16:43:31.188,43.3,16.1,11.72,11.04
16:43:31.188,88.3,36.6,1.09,36.58
16:43:31.188,133.3,75.7,-51.92,55.09
16:43:31.188,178.3,25.6,-25.59,0.76
16:43:31.188,223.3,16.1,-11.72,-11.04
16:43:31.188,268.3,16.1,-0.48,-16.09
16:43:31.188,313.3,33.8,23.18,-24.6
16:43:31.188,358.3,17.0,16.99,-0.5
16:43:31.267,44.7,16.4,11.66,11.54
16:43:31.267,89.7,35.9,0.19,35.9
16:43:31.267,134.7,74.9,-52.68,53.24
16:43:31.267,179.7,25.6,-25.6,0.13
16:43:31.267,224.7,16.1,-11.44,-11.32
16:43:31.267,269.7,24.9,-0.13,-24.9
16:43:31.267,314.7,51.3,36.08,-36.46
16:43:31.267,359.7,16.4,16.4,-0.09
16:43:31.340,46.1,16.4,11.37,11.82
16:43:31.340,91.1,32.3,-0.62,32.29
16:43:31.340,136.1,50.0,-36.03,34.67
16:43:31.340,181.1,27.1,-27.1,-0.52
16:43:31.340,226.1,18.0,-12.48,-12.97
16:43:31.340,271.1,17.0,0.33,-17.0
16:43:31.340,316.1,36.1,26.01,-25.03
16:43:31.340,1.1,17.4,17.4,0.33
16:43:31.420,47.4,16.8,11.37,12.37
16:43:31.420,92.4,35.9,-1.5,35.87
16:43:31.420,137.4,75.5,-55.58,51.1
16:43:31.420,182.4,28.8,-28.77,-1.21
16:43:31.420,227.4,16.4,-11.1,-12.07
16:43:31.420,272.4,17.1,0.72,-17.09
16:43:31.420,317.4,33.3,24.51,-22.54
16:43:31.420,2.4,17.0,16.99,0.71
16:43:31.490,48.8,16.7,11.0,12.57
16:43:31.490,93.8,34.9,-2.31,34.82
16:43:31.490,138.8,49.0,-36.87,32.28
16:43:31.490,183.8,29.4,-29.34,-1.95
16:43:31.490,228.8,16.4,-10.8,-12.34
16:43:31.490,273.8,25.4,1.68,-25.34
16:43:31.490,318.8,31.4,23.63,-20.68
16:43:31.490,3.8,16.7,16.66,1.11
16:43:31.569,50.1,17.1,10.97,13.12
16:43:31.569,95.1,29.4,-2.61,29.28
16:43:31.569,140.1,49.5,-37.97,31.75
16:43:31.569,185.1,75.9,-75.6,-6.75
16:43:31.569,230.1,16.4,-10.52,-12.58
16:43:31.569,275.1,25.5,2.27,-25.4
16:43:31.569,320.1,32.7,25.09,-20.98
16:43:31.569,5.1,23.1,23.01,2.05
16:43:31.645,51.5,17.1,10.65,13.38
16:43:31.645,96.5,30.2,-3.42,30.01
16:43:31.645,141.5,49.5,-38.74,30.81
16:43:31.645,186.5,75.4,-74.92,-8.54
16:43:31.645,231.5,16.4,-10.21,-12.83
16:43:31.645,276.5,17.7,2.0,-17.59
16:43:31.645,321.5,26.5,20.74,-16.5
16:43:31.645,6.5,18.3,18.18,2.07
16:43:31.723,52.9,18.0,10.86,14.36
16:43:31.723,97.9,31.7,-4.36,31.4
16:43:31.723,142.9,49.8,-39.72,30.04
16:43:31.723,187.9,75.8,-75.08,-10.42
16:43:31.723,232.9,16.4,-9.89,-13.08
16:43:31.723,277.9,25.1,3.45,-24.86
16:43:31.723,322.9,25.9,20.66,-15.62
16:43:31.723,7.9,18.3,18.13,2.52
16:43:31.801,54.3,18.0,10.5,14.62
16:43:31.801,99.3,31.2,-5.04,30.79
16:43:31.801,144.3,46.8,-38.01,27.31
16:43:31.801,189.3,75.3,-74.31,-12.17
16:43:31.801,234.3,16.4,-9.57,-13.32
16:43:31.801,279.3,25.8,4.17,-25.46
16:43:31.801,324.3,27.1,22.01,-15.81
16:43:31.801,9.3,20.9,20.63,3.38
16:43:31.886,55.7,19.0,10.71,15.7
16:43:31.886,100.7,29.9,-5.55,29.38
16:43:31.886,145.7,49.8,-41.14,28.06
16:43:31.886,190.7,73.8,-72.52,-13.7
16:43:31.886,235.7,16.4,-9.24,-13.55
16:43:31.886,280.7,24.0,4.46,-23.58
16:43:31.886,325.7,25.3,20.9,-14.26
16:43:31.886,10.7,20.9,20.54,3.88
16:43:31.961,57.1,17.7,9.61,14.86
16:43:31.961,102.1,29.9,-6.27,29.24
16:43:31.961,147.1,70.9,-59.53,38.51
16:43:31.961,192.1,75.2,-73.53,-15.76
16:43:31.961,237.1,16.4,-8.91,-13.77
16:43:31.961,282.1,17.0,3.56,-16.62
16:43:31.961,327.1,25.3,21.24,-13.74
16:43:31.961,12.1,19.3,18.87,4.05
16:43:32.042,58.6,17.7,9.22,15.11
16:43:32.042,103.6,30.5,-7.17,29.64
16:43:32.042,148.6,108.3,-92.44,56.43
16:43:32.042,193.6,73.0,-70.95,-17.17
16:43:32.042,238.6,16.4,-8.54,-14.0
16:43:32.042,283.6,26.3,6.18,-25.56
16:43:32.042,328.6,25.6,21.85,-13.34
16:43:32.042,13.6,20.6,20.02,4.84
16:43:32.123,60.0,43.2,21.6,37.41
16:43:32.123,105.0,31.2,-8.08,30.14
16:43:32.123,150.0,108.0,-93.53,54.0
16:43:32.123,195.0,73.8,-71.29,-19.1
16:43:32.123,240.0,16.4,-8.2,-14.2
16:43:32.123,285.0,17.1,4.43,-16.52
16:43:32.123,330.0,25.9,22.43,-12.95
16:43:32.123,15.0,20.6,19.9,5.33
16:43:32.204,61.5,17.1,8.16,15.03
16:43:32.204,106.5,29.9,-8.49,28.67
16:43:32.204,151.5,108.9,-95.7,51.96
16:43:32.204,196.5,73.4,-70.38,-20.85
16:43:32.204,241.5,16.1,-7.68,-14.15
16:43:32.204,286.5,17.0,4.83,-16.3
16:43:32.204,331.5,25.0,21.97,-11.93
16:43:32.204,16.5,21.5,20.61,6.11
16:43:32.286,63.0,17.1,7.76,15.24
16:43:32.286,108.0,29.9,-9.24,28.44
16:43:32.286,153.0,109.8,-97.83,49.85
16:43:32.286,198.0,73.3,-69.71,-22.65
16:43:32.286,243.0,16.1,-7.31,-14.35
16:43:32.286,288.0,17.0,5.25,-16.17
16:43:32.286,333.0,24.1,21.47,-10.94
16:43:32.286,18.0,23.7,22.54,7.32
16:43:32.372,64.4,16.1,6.96,14.52
16:43:32.372,109.4,29.9,-9.93,28.2
16:43:32.372,154.4,198.1,-178.65,85.6
16:43:32.372,199.4,73.8,-69.61,-24.51
16:43:32.372,244.4,16.1,-6.96,-14.52
16:43:32.372,289.4,17.0,5.65,-16.03
16:43:32.372,334.4,24.1,21.73,-10.41
16:43:32.372,19.4,21.2,20.0,7.04
16:43:32.459,66.0,16.1,6.55,14.71
16:43:32.459,111.0,31.2,-11.18,29.13
16:43:32.459,156.0,197.1,-180.06,80.17
16:43:32.459,201.0,73.3,-68.43,-26.27
16:43:32.459,246.0,17.1,-6.96,-15.62
16:43:32.459,291.0,18.4,6.59,-17.18
16:43:32.459,336.0,23.3,21.29,-9.48
16:43:32.459,21.0,22.2,20.73,7.96
16:43:32.546,67.5,17.1,6.54,15.8
16:43:32.546,112.5,31.8,-12.17,29.38
16:43:32.546,157.5,197.2,-182.19,75.47
16:43:32.546,202.5,73.4,-67.81,-28.09
16:43:32.546,247.5,16.8,-6.43,-15.52
16:43:32.546,292.5,18.7,7.16,-17.28
16:43:32.546,337.5,25.3,23.37,-9.68
16:43:32.546,22.5,27.7,25.59,10.6
16:43:32.633,69.1,17.1,6.1,15.97
16:43:32.633,114.1,32.0,-13.07,29.21
16:43:32.633,159.1,198.0,-184.97,70.63
16:43:32.633,204.1,73.4,-67.0,-29.97
16:43:32.633,249.1,17.7,-6.31,-16.54
16:43:32.633,294.1,17.4,7.1,-15.88
16:43:32.633,339.1,24.7,23.07,-8.81
16:43:32.633,24.1,29.5,26.93,12.05
16:43:32.718,70.7,16.7,5.52,15.76
16:43:32.718,115.7,33.1,-14.35,29.83
16:43:32.718,160.7,197.9,-186.78,65.41
16:43:32.718,205.7,72.6,-65.42,-31.48
16:43:32.718,250.7,17.4,-5.75,-16.42
16:43:32.718,295.7,16.1,6.98,-14.51
16:43:32.718,340.7,24.7,23.31,-8.16
16:43:32.718,25.7,29.5,26.58,12.79
16:43:32.805,72.2,29.5,9.02,28.09
16:43:32.805,117.2,32.8,-14.99,29.17
16:43:32.805,162.2,197.9,-188.43,60.5
16:43:32.805,207.2,74.0,-65.82,-33.83
16:43:32.805,252.2,19.3,-5.9,-18.38
16:43:32.805,297.2,16.4,7.5,-14.59
16:43:32.805,342.2,16.0,15.23,-4.89
16:43:32.805,27.2,30.1,26.77,13.76
16:43:32.881,73.8,31.6,8.82,30.35
16:43:32.881,118.8,17.0,-8.19,14.9
16:43:32.881,163.8,32.3,-31.02,9.01
16:43:32.881,208.8,69.4,-60.82,-33.43
16:43:32.881,253.8,20.6,-5.75,-19.78
16:43:32.881,298.8,17.7,8.53,-15.51
16:43:32.881,343.8,16.0,15.36,-4.46
16:43:32.881,28.8,30.1,26.38,14.5
16:43:32.959,75.2,30.3,7.74,29.29
16:43:32.959,120.2,17.3,-8.7,14.95
16:43:32.959,165.2,32.5,-31.42,8.3
16:43:32.959,210.2,69.1,-59.72,-34.76
16:43:32.959,255.2,21.6,-5.52,-20.88
16:43:32.959,300.2,17.1,8.6,-14.78
16:43:32.959,345.2,16.0,15.47,-4.09
16:43:32.959,30.2,30.1,26.01,15.14
16:43:33.050,76.5,17.7,4.13,17.21
16:43:33.050,121.5,16.4,-8.57,13.98
16:43:33.050,166.5,31.2,-30.34,7.28
16:43:33.050,211.5,69.1,-58.92,-36.1
16:43:33.050,256.5,22.6,-5.28,-21.98
16:43:33.050,301.5,17.1,8.93,-14.58
16:43:33.050,346.5,25.3,24.6,-5.91
16:43:33.050,31.5,29.2,24.9,15.26
16:43:33.105,77.8,16.4,3.47,16.03
16:43:33.105,122.8,16.4,-8.88,13.79
16:43:33.105,167.8,31.7,-30.98,6.7
16:43:33.105,212.8,70.0,-58.84,-37.92
16:43:33.105,257.8,27.8,-5.87,-27.17
16:43:33.105,302.8,17.1,9.26,-14.37
16:43:33.105,347.8,24.4,23.85,-5.16
16:43:33.105,32.8,30.5,25.64,16.52
16:43:33.181,79.2,16.4,3.07,16.11
16:43:33.181,124.2,16.7,-9.39,13.81
16:43:33.181,169.2,33.8,-33.2,6.33
16:43:33.181,214.2,70.1,-57.98,-39.4
16:43:33.181,259.2,26.6,-4.98,-26.13
16:43:33.181,304.2,18.0,10.12,-14.89
16:43:33.181,349.2,25.3,24.85,-4.74
16:43:33.181,34.2,30.2,24.98,16.97
16:43:33.259,80.5,16.1,2.66,15.88
16:43:33.259,125.5,16.7,-9.7,13.6
16:43:33.259,170.5,31.5,-31.07,5.2
16:43:33.259,215.5,50.3,-40.95,-29.21
16:43:33.259,260.5,22.8,-3.76,-22.49
16:43:33.259,305.5,16.4,9.52,-13.35
16:43:33.259,350.5,17.0,16.77,-2.81
16:43:33.259,35.5,53.4,43.47,31.01
16:43:33.330,81.9,17.1,2.41,16.93
16:43:33.330,126.9,16.7,-10.03,13.35
16:43:33.330,171.9,32.2,-31.88,4.54
16:43:33.330,216.9,50.3,-40.22,-30.2
16:43:33.330,261.9,25.5,-3.59,-25.25
16:43:33.330,306.9,16.4,9.85,-13.11
16:43:33.330,351.9,25.9,25.64,-3.65
16:43:33.330,36.9,30.1,24.07,18.07
16:43:33.410,83.2,16.7,1.98,16.58
16:43:33.410,128.2,17.0,-10.51,13.36
16:43:33.410,173.2,30.2,-29.99,3.58
16:43:33.410,218.2,80.9,-63.58,-50.03
16:43:33.410,263.2,76.2,-9.02,-75.66
16:43:33.410,308.2,16.4,10.14,-12.89
16:43:33.410,353.2,25.0,24.82,-2.96
16:43:33.410,38.2,36.0,28.29,22.26
16:43:33.489,84.7,17.7,1.63,17.62
16:43:33.489,129.7,38.2,-24.4,29.39
16:43:33.489,174.7,31.7,-31.56,2.93
16:43:33.489,219.7,49.8,-38.32,-31.81
16:43:33.489,264.7,73.1,-6.75,-72.79
16:43:33.489,309.7,16.4,10.48,-12.62
16:43:33.489,354.7,16.7,16.63,-1.54
16:43:33.489,39.7,26.3,20.24,16.8
16:43:33.570,86.1,17.4,1.18,17.36
16:43:33.570,131.1,19.3,-12.69,14.54
16:43:33.570,176.1,31.7,-31.63,2.16
16:43:33.570,221.1,107.5,-81.01,-70.67
16:43:33.570,266.1,75.2,-5.11,-75.03
16:43:33.570,311.1,16.4,10.78,-12.36
16:43:33.570,356.1,25.6,25.54,-1.74
16:43:33.570,41.1,25.7,19.37,16.89
16:43:33.653,87.6,18.4,0.77,18.38
16:43:33.653,132.6,37.8,-25.59,27.82
16:43:33.653,177.6,29.1,-29.07,1.22
16:43:33.653,222.6,107.5,-79.13,-72.76
16:43:33.653,267.6,73.0,-3.06,-72.94
16:43:33.653,312.6,16.4,11.1,-12.07
16:43:33.653,357.6,25.6,25.58,-1.07
16:43:33.653,42.6,26.0,19.14,17.6
16:43:33.735,89.0,20.9,0.36,20.9
16:43:33.735,134.0,36.6,-25.42,26.33
16:43:33.735,179.0,29.6,-29.6,0.52
16:43:33.735,224.0,107.6,-77.4,-74.75
16:43:33.735,269.0,73.4,-1.28,-73.39
16:43:33.735,314.0,16.4,11.39,-11.8
16:43:33.735,359.0,25.3,25.3,-0.44
16:43:33.735,44.0,26.0,18.7,18.06
16:43:33.819,90.5,20.9,-0.18,20.9
16:43:33.819,135.5,38.2,-27.25,26.77
16:43:33.819,180.5,30.2,-30.2,-0.26
16:43:33.819,225.5,107.7,-75.49,-76.82
16:43:33.819,270.5,73.7,0.64,-73.7
16:43:33.819,315.5,16.4,11.7,-11.49
16:43:33.819,0.5,27.1,27.1,0.24
16:43:33.819,45.5,26.3,18.43,18.76
16:43:33.900,92.1,19.7,-0.72,19.69
16:43:33.900,137.1,17.3,-12.67,11.78
16:43:33.900,182.1,29.4,-29.38,-1.08
16:43:33.900,227.1,108.3,-73.72,-79.33
16:43:33.900,272.1,72.4,2.65,-72.35
16:43:33.900,317.1,16.1,11.79,-10.96
16:43:33.900,2.1,16.7,16.69,0.61
16:43:33.900,47.1,26.6,18.11,19.49
16:43:33.980,93.5,20.6,-1.26,20.56
16:43:33.980,138.5,16.0,-11.98,10.6
16:43:33.980,183.5,29.9,-29.84,-1.83
16:43:33.980,228.5,108.7,-72.03,-81.41
16:43:33.980,273.5,71.6,4.37,-71.47
16:43:33.980,318.5,16.1,12.06,-10.67
16:43:33.980,3.5,16.7,16.67,1.02
16:43:33.980,48.5,24.9,16.5,18.65
16:43:34.062,94.9,21.9,-1.87,21.82
16:43:34.062,139.9,16.1,-12.32,10.37
16:43:34.062,184.9,30.4,-30.29,-2.6
16:43:34.062,229.9,108.4,-69.82,-82.92
16:43:34.062,274.9,71.6,6.12,-71.34
16:43:34.062,319.9,16.1,12.32,-10.37
16:43:34.062,4.9,16.7,16.64,1.43
16:43:34.062,49.9,24.8,15.97,18.97
16:43:34.148,96.4,21.6,-2.41,21.47
16:43:34.148,141.4,16.1,-12.58,10.04
16:43:34.148,186.4,31.0,-30.81,-3.46
16:43:34.148,231.4,197.9,-123.47,-154.66
16:43:34.148,276.4,72.9,8.13,-72.45
16:43:34.148,321.4,17.1,13.36,-10.67
16:43:34.148,6.4,18.2,18.09,2.03
16:43:34.148,51.4,24.0,14.97,18.76
16:43:34.234,98.0,21.3,-2.96,21.09
16:43:34.234,143.0,16.1,-12.86,9.69
16:43:34.234,188.0,31.5,-31.19,-4.38
16:43:34.234,233.0,197.4,-118.8,-157.65
16:43:34.234,278.0,73.3,10.2,-72.59
16:43:34.234,323.0,16.7,13.34,-10.05
16:43:34.234,8.0,19.5,19.31,2.71
16:43:34.234,53.0,25.1,15.11,20.05
16:43:34.322,99.5,29.0,-4.79,28.6
16:43:34.322,144.5,16.1,-13.11,9.35
16:43:34.322,189.5,30.7,-30.28,-5.07
16:43:34.322,234.5,197.8,-114.86,-161.03
16:43:34.322,279.5,73.0,12.05,-72.0
16:43:34.322,324.5,17.7,14.41,-10.28
16:43:34.322,9.5,19.6,19.33,3.23
16:43:34.322,54.5,25.4,14.75,20.68
16:43:34.407,101.1,28.9,-5.56,28.36
16:43:34.407,146.1,17.0,-14.11,9.48
16:43:34.407,191.1,32.0,-31.4,-6.16
16:43:34.407,236.1,198.2,-110.55,-164.51
16:43:34.407,281.1,73.8,14.21,-72.42
16:43:34.407,326.1,17.4,14.44,-9.7
16:43:34.407,11.1,17.3,16.98,3.33
16:43:34.407,56.1,23.7,13.22,19.67
16:43:34.496,102.6,30.3,-6.61,29.57
16:43:34.496,147.6,37.1,-31.32,19.88
16:43:34.496,192.6,32.5,-31.72,-7.09
16:43:34.496,237.6,197.8,-105.99,-167.01
16:43:34.496,282.6,74.0,16.14,-72.22
16:43:34.496,327.6,18.4,15.54,-9.86
16:43:34.496,12.6,17.3,16.88,3.77
16:43:34.496,57.6,23.7,12.7,20.01
16:43:34.582,104.2,30.3,-7.43,29.37
16:43:34.582,149.2,16.7,-14.34,8.55
16:43:34.582,194.2,18.0,-17.45,-4.42
16:43:34.582,239.2,198.2,-101.49,-170.25
16:43:34.582,284.2,74.4,18.25,-72.13
16:43:34.582,329.2,20.6,17.69,-10.55
16:43:34.582,14.2,16.3,15.8,4.0
16:43:34.582,59.2,24.5,12.55,21.04
16:43:34.662,105.8,29.5,-8.03,28.39
16:43:34.662,150.8,16.7,-14.58,8.15
16:43:34.662,195.8,18.3,-17.61,-4.98
16:43:34.662,240.8,30.4,-14.83,-26.54
16:43:34.662,285.8,69.7,18.98,-67.07
16:43:34.662,330.8,27.8,24.27,-13.56
16:43:34.662,15.8,16.3,15.68,4.44
16:43:34.662,60.8,16.7,8.15,14.58
16:43:34.733,107.1,29.5,-8.67,28.2
16:43:34.733,152.1,17.3,-15.29,8.1
16:43:34.733,197.1,17.3,-16.54,-5.09
16:43:34.733,242.1,29.9,-13.99,-26.42
16:43:34.733,287.1,70.1,20.61,-67.0
16:43:34.733,332.1,25.2,22.27,-11.79
16:43:34.733,17.1,17.9,17.11,5.26
16:43:34.733,62.1,18.0,8.42,15.91
16:43:34.809,108.5,30.0,-9.52,28.45
16:43:34.809,153.5,16.7,-14.95,7.45
16:43:34.809,198.5,17.3,-16.41,-5.49
16:43:34.809,243.5,29.9,-13.34,-26.76
16:43:34.809,288.5,72.9,23.13,-69.13
16:43:34.809,333.5,26.9,24.07,-12.0
16:43:34.809,18.5,17.0,16.12,5.39
16:43:34.809,63.5,25.4,11.33,22.73
16:43:34.882,109.9,30.0,-10.21,28.21
16:43:34.882,154.9,17.6,-15.94,7.47
16:43:34.882,199.9,16.4,-15.42,-5.58
16:43:34.882,244.9,29.4,-12.47,-26.62
16:43:34.882,289.9,50.2,17.09,-47.2
16:43:34.882,334.9,26.6,24.09,-11.28
16:43:34.882,19.9,17.9,16.83,6.09
16:43:34.882,64.9,25.4,10.77,23.0
16:43:34.956,111.2,30.6,-11.07,28.53
16:43:34.956,156.2,17.3,-15.83,6.98
16:43:34.956,201.2,16.7,-15.57,-6.04
16:43:34.956,246.2,29.4,-11.86,-26.9
16:43:34.956,291.2,49.7,17.97,-46.34
16:43:34.956,336.2,29.2,26.72,-11.78
16:43:34.956,21.2,16.3,15.2,5.89
16:43:34.956,66.2,16.7,6.74,15.28
16:43:35.031,112.5,29.8,-11.4,27.53
16:43:35.031,157.5,23.0,-21.25,8.8
16:43:35.031,202.5,16.7,-15.43,-6.39
16:43:35.031,247.5,29.4,-11.25,-27.16
16:43:35.031,292.5,49.7,19.02,-45.92
16:43:35.031,337.5,28.1,25.96,-10.75
16:43:35.031,22.5,16.3,15.06,6.24
16:43:35.031,67.5,16.7,6.39,15.43
16:43:35.105,113.8,31.6,-12.75,28.91
16:43:35.105,158.8,18.3,-17.06,6.62
16:43:35.105,203.8,17.0,-15.55,-6.86
16:43:35.105,248.8,29.4,-10.63,-27.41
16:43:35.105,293.8,47.2,19.05,-43.19
16:43:35.105,338.8,29.5,27.5,-10.67
16:43:35.105,23.8,16.3,14.91,6.58
16:43:35.105,68.8,22.8,8.25,21.26
16:43:35.179,115.2,29.5,-12.56,26.69
16:43:35.179,160.2,20.9,-19.66,7.08
16:43:35.179,205.2,17.0,-15.38,-7.24
16:43:35.179,250.2,31.2,-10.57,-29.36
16:43:35.179,295.2,47.2,20.1,-42.71
16:43:35.179,340.2,29.5,27.76,-9.99
16:43:35.179,25.2,16.3,14.75,6.94
16:43:35.179,70.2,24.8,8.4,23.33
16:43:35.259,116.5,29.8,-13.3,26.67
16:43:35.259,161.5,22.2,-21.05,7.04
16:43:35.259,206.5,37.1,-33.2,-16.55
16:43:35.259,251.5,29.9,-9.49,-28.35
16:43:35.259,296.5,47.5,21.19,-42.51
16:43:35.259,341.5,74.9,71.03,-23.77
16:43:35.259,26.5,16.3,14.59,7.27
16:43:35.259,71.5,16.1,5.11,15.27
16:43:35.339,118.0,25.7,-12.07,22.69
16:43:35.339,163.0,19.9,-19.03,5.82
16:43:35.339,208.0,37.1,-32.76,-17.42
16:43:35.339,253.0,29.9,-8.74,-28.59
16:43:35.339,298.0,48.3,22.68,-42.65
16:43:35.339,343.0,74.3,71.05,-21.72
16:43:35.339,28.0,16.3,14.39,7.65
16:43:35.339,73.0,17.4,5.09,16.64
16:43:35.421,119.4,26.9,-13.21,23.44
16:43:35.421,164.4,19.6,-18.88,5.27
16:43:35.421,209.4,38.0,-33.11,-18.65
16:43:35.421,254.4,31.2,-8.39,-30.05
16:43:35.421,299.4,48.3,23.71,-42.08
16:43:35.421,344.4,73.5,70.79,-19.77
16:43:35.421,29.4,16.3,14.2,8.0
16:43:35.421,74.4,25.4,6.83,24.46
16:43:35.499,120.8,26.9,-13.77,23.11
16:43:35.499,165.8,20.9,-20.26,5.13
16:43:35.499,210.8,38.0,-32.64,-19.46
16:43:35.499,255.8,32.8,-8.05,-31.8
16:43:35.499,300.8,48.3,24.73,-41.49
16:43:35.499,345.8,72.5,70.28,-17.78
16:43:35.499,30.8,16.3,14.0,8.35
16:43:35.499,75.8,19.3,4.73,18.71
16:43:35.577,122.3,25.5,-13.63,21.55
16:43:35.577,167.3,20.9,-20.39,4.59
16:43:35.577,212.3,38.0,-32.12,-20.31
16:43:35.577,257.3,31.5,-6.93,-30.73
16:43:35.577,302.3,47.8,25.54,-40.4
16:43:35.577,347.3,72.5,70.73,-15.94
16:43:35.577,32.3,16.0,13.52,8.55
16:43:35.577,77.3,26.9,5.91,26.24
16:43:35.660,123.7,26.6,-14.76,22.13
16:43:35.660,168.7,21.8,-21.38,4.27
16:43:35.660,213.7,39.4,-32.78,-21.86
16:43:35.660,258.7,30.2,-5.92,-29.61
16:43:35.660,303.7,108.7,60.31,-90.43
16:43:35.660,348.7,72.9,71.49,-14.28
16:43:35.660,33.7,16.0,13.31,8.88
16:43:35.660,78.7,16.4,3.21,16.08
16:43:35.741,125.2,24.9,-14.35,20.35
16:43:35.741,170.2,22.8,-22.47,3.88
16:43:35.741,215.2,39.4,-32.2,-22.71
16:43:35.741,260.2,30.2,-5.14,-29.76
16:43:35.741,305.2,108.9,62.77,-88.99
16:43:35.741,350.2,72.9,71.84,-12.41
16:43:35.741,35.2,16.0,13.07,9.22
16:43:35.741,80.2,16.4,2.79,16.16
16:43:35.825,126.7,25.2,-15.06,20.2
16:43:35.825,171.7,23.6,-23.35,3.41
16:43:35.825,216.7,39.4,-31.59,-23.55
16:43:35.825,261.7,30.7,-4.43,-30.38
16:43:35.825,306.7,108.5,64.84,-86.99
16:43:35.825,351.7,73.4,72.63,-10.6
16:43:35.825,36.7,17.0,13.63,10.16
16:43:35.825,81.7,16.4,2.37,16.23
16:43:35.912,128.1,24.3,-14.99,19.12
16:43:35.912,173.1,22.4,-22.24,2.69
16:43:35.912,218.1,38.9,-30.61,-24.0
16:43:35.912,263.1,31.2,-3.75,-30.97
16:43:35.912,308.1,197.0,121.56,-155.03
16:43:35.912,353.1,73.4,72.87,-8.82
16:43:35.912,38.1,16.7,13.14,10.3
16:43:35.912,83.1,17.7,2.13,17.57
16:43:36.004,129.7,24.3,-15.52,18.7
16:43:36.004,174.7,28.0,-27.88,2.59
16:43:36.004,219.7,40.1,-30.85,-25.61
16:43:36.004,264.7,31.7,-2.93,-31.56
16:43:36.004,309.7,197.3,126.03,-151.8
16:43:36.004,354.7,73.9,73.58,-6.83
16:43:36.004,39.7,16.3,12.54,10.41
16:43:36.004,84.7,20.3,1.88,20.21
16:43:36.089,131.3,25.5,-16.83,19.16
16:43:36.089,176.3,29.4,-29.34,1.9
16:43:36.089,221.3,39.1,-29.37,-25.81
16:43:36.089,266.3,32.3,-2.08,-32.23
16:43:36.089,311.3,197.8,130.55,-148.6
16:43:36.089,356.3,73.9,73.75,-4.77
16:43:36.089,41.3,17.3,13.0,11.42
16:43:36.089,86.3,19.3,1.25,19.26
16:43:36.177,132.9,24.6,-16.75,18.02
16:43:36.177,177.9,29.4,-29.38,1.08
16:43:36.177,222.9,43.6,-31.94,-29.68
16:43:36.177,267.9,32.8,-1.2,-32.78
16:43:36.177,312.9,197.7,134.58,-144.82
16:43:36.177,357.9,74.3,74.25,-2.72
16:43:36.177,42.9,18.2,13.33,12.39
16:43:36.177,87.9,18.0,0.66,17.99
16:43:36.255,134.5,23.7,-16.61,16.9
16:43:36.255,179.5,30.7,-30.7,0.27
16:43:36.255,224.5,38.9,-27.75,-27.27
16:43:36.255,269.5,32.5,-0.28,-32.5
16:43:36.255,314.5,29.2,20.47,-20.83
16:43:36.255,359.5,70.2,70.2,-0.61
16:43:36.255,44.5,17.9,12.77,12.55
16:43:36.255,89.5,17.0,0.15,17.0
16:43:36.338,135.9,23.7,-17.02,16.49
16:43:36.338,180.9,30.7,-30.7,-0.48
16:43:36.338,225.9,38.9,-27.07,-27.94
16:43:36.338,270.9,37.3,0.59,-37.3
16:43:36.338,315.9,30.0,21.54,-20.88
16:43:36.338,0.9,69.8,69.79,1.1
16:43:36.338,45.9,18.9,13.15,13.57
16:43:36.338,90.9,17.0,-0.27,17.0
16:43:36.415,137.3,24.6,-18.08,16.68
16:43:36.415,182.3,29.9,-29.88,-1.2
16:43:36.415,227.3,17.3,-11.73,-12.71
16:43:36.415,272.3,18.0,0.72,-17.99
16:43:36.415,317.3,29.5,21.68,-20.01
16:43:36.415,2.3,69.0,68.94,2.77
16:43:36.415,47.3,29.9,20.28,21.97
16:43:36.415,92.3,18.3,-0.73,18.29
16:43:36.488,138.7,25.5,-19.16,16.83
16:43:36.488,183.7,29.9,-29.84,-1.93
16:43:36.488,228.7,18.3,-12.08,-13.75
16:43:36.488,273.7,17.0,1.1,-16.96
16:43:36.488,318.7,29.5,22.16,-19.47
16:43:36.488,3.7,69.4,69.26,4.48
16:43:36.488,48.7,29.1,19.21,21.86
16:43:36.488,93.7,17.7,-1.14,17.66
16:43:36.563,140.1,25.5,-19.56,16.36
16:43:36.563,185.1,30.5,-30.38,-2.71
16:43:36.563,230.1,23.3,-14.95,-17.87
16:43:36.563,275.1,17.0,1.51,-16.93
16:43:36.563,320.1,29.5,22.63,-18.92
16:43:36.563,5.1,50.7,50.5,4.51
16:43:36.563,50.1,29.1,18.67,22.32
16:43:36.563,95.1,16.4,-1.46,16.34
16:43:36.637,141.4,24.6,-19.23,15.35
16:43:36.637,186.4,31.8,-31.6,-3.54
16:43:36.637,231.4,16.7,-10.42,-13.05
16:43:36.637,276.4,16.0,1.78,-15.9
16:43:36.637,321.4,29.5,23.05,-18.4
16:43:36.637,6.4,49.8,49.49,5.55
16:43:36.637,51.4,29.6,18.47,23.13
16:43:36.637,96.4,17.7,-1.97,17.59
16:43:36.711,142.8,24.6,-19.59,14.87
16:43:36.711,187.8,31.0,-30.71,-4.21
16:43:36.711,232.8,16.7,-10.1,-13.3
16:43:36.711,277.8,16.0,2.17,-15.85
16:43:36.711,322.8,29.5,23.5,-17.84
16:43:36.711,7.8,48.0,47.56,6.51
16:43:36.711,52.8,27.0,16.32,21.51
16:43:36.711,97.8,17.4,-2.36,17.24
16:43:36.787,144.1,16.7,-13.53,9.79
16:43:36.787,189.1,57.3,-56.58,-9.06
16:43:36.787,234.1,20.2,-11.84,-16.36
16:43:36.787,279.1,16.4,2.59,-16.19
16:43:36.787,324.1,29.5,23.9,-17.3
16:43:36.787,9.1,48.0,47.4,7.59
16:43:36.787,54.1,25.0,14.66,20.25
16:43:36.787,99.1,17.0,-2.69,16.79
16:43:36.864,145.4,26.1,-21.48,14.82
16:43:36.864,190.4,30.7,-30.2,-5.54
16:43:36.864,235.4,21.8,-12.38,-17.94
16:43:36.864,280.4,16.3,2.94,-16.03
16:43:36.864,325.4,29.0,23.87,-16.47
16:43:36.864,10.4,48.4,47.6,8.74
16:43:36.864,55.4,76.2,43.27,62.72
16:43:36.864,100.4,16.1,-2.91,15.84
16:43:36.946,146.9,25.2,-21.11,13.76
16:43:36.946,191.9,57.6,-56.36,-11.88
16:43:36.946,236.9,20.5,-11.2,-17.17
16:43:36.946,281.9,40.1,8.27,-39.24
16:43:36.946,326.9,29.5,24.71,-16.11
16:43:36.946,11.9,48.9,47.85,10.08
16:43:36.946,56.9,76.6,41.83,64.17
16:43:36.946,101.9,16.1,-3.32,15.75
16:43:37.025,148.3,16.1,-13.7,8.46
16:43:37.025,193.3,28.3,-27.54,-6.51
16:43:37.025,238.3,20.5,-10.77,-17.44
16:43:37.025,283.3,37.0,8.51,-36.01
16:43:37.025,328.3,29.5,25.1,-15.5
16:43:37.025,13.3,48.8,47.49,11.23
16:43:37.025,58.3,76.1,39.99,64.75
16:43:37.025,103.3,16.1,-3.7,15.67
16:43:37.105,149.7,16.1,-13.9,8.12
16:43:37.105,194.7,26.5,-25.63,-6.72
16:43:37.105,239.7,20.5,-10.34,-17.7
16:43:37.105,284.7,39.1,9.92,-37.82
16:43:37.105,329.7,28.7,24.78,-14.48
16:43:37.105,14.7,46.2,44.69,11.72
16:43:37.105,59.7,76.0,38.34,65.62
16:43:37.105,104.7,16.1,-4.09,15.57
16:43:37.184,151.2,25.5,-22.35,12.28
16:43:37.184,196.2,25.9,-24.87,-7.23
16:43:37.184,241.2,20.5,-9.88,-17.96
16:43:37.184,286.2,49.6,13.84,-47.63
16:43:37.184,331.2,29.5,25.85,-14.21
16:43:37.184,16.2,46.6,44.75,13.0
16:43:37.184,61.2,75.1,36.18,65.81
16:43:37.184,106.2,16.1,-4.49,15.46
16:43:37.265,152.6,24.6,-21.84,11.32
16:43:37.265,197.6,25.9,-24.69,-7.83
16:43:37.265,242.6,20.5,-9.43,-18.2
16:43:37.265,287.6,37.1,11.22,-35.36
16:43:37.265,332.6,30.0,26.63,-13.81
16:43:37.265,17.6,46.6,44.42,14.09
16:43:37.265,62.6,75.6,34.79,67.12
16:43:37.265,107.6,16.1,-4.87,15.35
16:43:37.347,154.0,26.3,-23.64,11.53
16:43:37.347,199.0,26.2,-24.77,-8.53
16:43:37.347,244.0,20.5,-8.99,-18.43
16:43:37.347,289.0,37.5,12.21,-35.46
16:43:37.347,334.0,29.3,26.33,-12.84
16:43:37.347,19.0,108.2,102.31,35.23
16:43:37.347,64.0,75.1,32.92,67.5
16:43:37.347,109.0,17.0,-5.53,16.07
16:43:37.431,155.6,16.4,-14.94,6.77
16:43:37.431,200.6,26.3,-24.62,-9.25
16:43:37.431,245.6,21.5,-8.88,-19.58
16:43:37.431,290.6,40.1,14.11,-37.54
16:43:37.431,335.6,31.6,28.78,-13.05
16:43:37.431,20.6,109.6,102.59,38.56
16:43:37.431,65.6,74.6,30.82,67.94
16:43:37.431,110.6,17.0,-5.98,15.91
16:43:37.515,157.1,16.4,-15.11,6.38
16:43:37.515,202.1,25.7,-23.81,-9.67
16:43:37.515,247.1,24.5,-9.53,-22.57
16:43:37.515,292.1,62.4,23.48,-57.82
16:43:37.515,337.1,30.3,27.91,-11.79
16:43:37.515,22.1,109.3,101.27,41.12
16:43:37.515,67.1,74.6,29.03,68.72
16:43:37.515,112.1,16.7,-6.28,15.47
16:43:37.598,158.6,16.4,-15.27,5.98
16:43:37.598,203.6,24.8,-22.73,-9.93
16:43:37.598,248.6,23.3,-8.5,-21.69
16:43:37.598,293.6,41.7,16.69,-38.21
16:43:37.598,338.6,29.5,27.47,-10.76
16:43:37.598,23.6,109.4,100.25,43.8
16:43:37.598,68.6,74.6,27.22,69.46
16:43:37.598,113.6,16.7,-6.69,15.3
16:43:37.691,160.1,16.4,-15.42,5.58
16:43:37.691,205.1,25.1,-22.73,-10.65
16:43:37.691,250.1,22.1,-7.52,-20.78
16:43:37.691,295.1,41.2,17.48,-37.31
16:43:37.691,340.1,30.0,28.21,-10.21
16:43:37.691,25.1,197.8,179.12,83.91
16:43:37.691,70.1,73.8,25.12,69.39
16:43:37.691,115.1,16.4,-6.96,14.85
16:43:37.777,161.7,19.3,-18.32,6.06
16:43:37.777,206.7,25.1,-22.42,-11.28
16:43:37.777,251.7,28.6,-8.98,-27.15
16:43:37.777,296.7,40.3,18.11,-36.0
16:43:37.777,341.7,31.9,30.29,-10.02
16:43:37.777,26.7,197.8,176.71,88.88
16:43:37.777,71.7,73.8,23.17,70.07
16:43:37.777,116.7,16.1,-7.23,14.38
16:43:37.863,163.2,19.3,-18.48,5.58
16:43:37.863,208.2,26.0,-22.91,-12.29
16:43:37.863,253.2,29.4,-8.5,-28.15
16:43:37.863,298.2,50.0,23.63,-44.07
16:43:37.863,343.2,31.1,29.77,-8.99
16:43:37.863,28.2,197.8,174.32,93.47
16:43:37.863,73.2,75.1,21.71,71.89
16:43:37.863,118.2,17.0,-8.03,14.98
16:43:37.940,164.8,18.0,-17.37,4.72
16:43:37.940,209.8,24.5,-21.26,-12.18
16:43:37.940,254.8,29.4,-7.71,-28.37
16:43:37.940,299.8,39.1,19.43,-33.93
16:43:37.940,344.8,31.6,30.49,-8.29
16:43:37.940,29.8,29.8,25.86,14.81
16:43:37.940,74.8,69.9,18.33,67.45
16:43:37.940,119.8,18.0,-8.95,15.62
16:43:38.020,166.2,17.1,-16.61,4.08
16:43:38.020,211.2,24.5,-20.96,-12.69
16:43:38.020,256.2,29.9,-7.13,-29.04
16:43:38.020,301.2,38.7,20.05,-33.1
16:43:38.020,346.2,31.6,30.69,-7.54
16:43:38.020,31.2,29.2,24.98,15.13
16:43:38.020,76.2,70.4,16.79,68.37
16:43:38.020,121.2,17.7,-9.17,15.14
16:43:38.100,167.7,17.1,-16.71,3.64
16:43:38.100,212.7,24.2,-20.36,-13.07
16:43:38.100,257.7,29.9,-6.37,-29.21
16:43:38.100,302.7,16.7,9.02,-14.05
16:43:38.100,347.7,18.4,17.98,-3.92
16:43:38.100,32.7,29.2,24.57,15.78
16:43:38.100,77.7,71.2,15.17,69.57
16:43:38.100,122.7,18.6,-10.05,15.65
16:43:38.173,169.0,17.1,-16.79,3.26
16:43:38.173,214.0,24.2,-20.06,-13.53
16:43:38.173,259.0,29.9,-5.71,-29.35
16:43:38.173,304.0,17.6,9.84,-14.59
16:43:38.173,349.0,16.1,15.8,-3.07
16:43:38.173,34.0,30.1,24.95,16.83
16:43:38.173,79.0,69.2,13.2,67.93
16:43:38.173,124.0,29.2,-16.33,24.21
16:43:38.251,170.4,35.0,-34.51,5.84
16:43:38.251,215.4,25.1,-20.46,-14.54
16:43:38.251,260.4,30.4,-5.07,-29.97
16:43:38.251,305.4,17.3,10.02,-14.1
16:43:38.251,350.4,16.1,15.87,-2.68
16:43:38.251,35.4,28.7,23.39,16.63
16:43:38.251,80.4,69.6,11.61,68.63
16:43:38.251,125.4,26.6,-15.41,21.68
16:43:38.323,171.7,17.7,-17.51,2.56
16:43:38.323,216.7,26.0,-20.85,-15.54
16:43:38.323,261.7,29.1,-4.2,-28.8
16:43:38.323,306.7,16.0,9.56,-12.83
16:43:38.323,351.7,16.4,16.23,-2.37
16:43:38.323,36.7,28.7,23.01,17.15
16:43:38.323,81.7,70.0,10.1,69.27
16:43:38.323,126.7,27.2,-16.26,21.81
16:43:38.399,173.1,16.4,-16.28,1.97
16:43:38.399,218.1,25.1,-19.75,-15.49
16:43:38.399,263.1,31.0,-3.72,-30.78
16:43:38.399,308.1,17.0,10.49,-13.38
16:43:38.399,353.1,16.4,16.28,-1.97
16:43:38.399,38.1,29.5,23.21,18.2
16:43:38.399,83.1,71.4,8.58,70.88
16:43:38.399,128.1,28.0,-17.28,22.03
16:43:38.472,174.5,17.7,-17.62,1.7
16:43:38.472,219.5,25.1,-19.37,-15.97
16:43:38.472,264.5,29.4,-2.82,-29.26
16:43:38.472,309.5,17.0,10.81,-13.12
16:43:38.472,354.5,16.4,16.32,-1.57
16:43:38.472,39.5,29.0,22.38,18.45
16:43:38.472,84.5,49.6,4.75,49.37
16:43:38.472,129.5,27.7,-17.62,21.37
16:43:38.547,175.8,16.1,-16.06,1.18
16:43:38.547,220.8,16.7,-12.64,-10.91
16:43:38.547,265.8,32.8,-2.4,-32.71
16:43:38.547,310.8,19.6,12.81,-14.84
16:43:38.547,355.8,16.8,16.75,-1.23
16:43:38.547,40.8,29.0,21.95,18.95
16:43:38.547,85.8,49.9,3.65,49.77
16:43:38.547,130.8,27.7,-18.1,20.97
16:43:38.624,177.1,16.1,-16.08,0.81
16:43:38.624,222.1,25.9,-19.22,-17.36
16:43:38.624,267.1,29.9,-1.51,-29.86
16:43:38.624,312.1,19.9,13.34,-14.77
16:43:38.624,357.1,37.5,37.45,-1.9
16:43:38.624,42.1,28.9,21.44,19.38
16:43:38.624,87.1,48.2,2.44,48.14
16:43:38.624,132.1,25.7,-17.23,19.07
16:43:38.702,178.5,16.1,-16.09,0.42
16:43:38.702,223.5,25.7,-18.64,-17.69
16:43:38.702,268.5,32.5,-0.85,-32.49
16:43:38.702,313.5,19.9,13.7,-14.43
16:43:38.702,358.5,37.5,37.49,-0.98
16:43:38.702,43.5,29.0,21.04,19.96
16:43:38.702,88.5,48.2,1.26,48.18
16:43:38.702,133.5,29.2,-20.1,21.18
16:43:38.788,179.9,16.1,-16.1,0.03
16:43:38.788,224.9,24.8,-17.57,-17.51
16:43:38.788,269.9,26.2,-0.05,-26.2
16:43:38.788,314.9,21.1,14.89,-14.95
16:43:38.788,359.9,37.0,37.0,-0.06
16:43:38.788,44.9,30.3,21.46,21.39
16:43:38.788,89.9,48.6,0.08,48.6
16:43:38.788,134.9,75.6,-53.36,53.55
16:43:38.860,180.0,16.1,-16.1,0.0
16:43:38.860,225.0,25.7,-18.17,-18.17
16:43:38.860,270.0,25.3,-0.0,-25.3
16:43:38.860,315.0,20.2,14.28,-14.28
16:43:38.860,0.0,36.5,36.5,0.0
16:43:38.860,45.0,29.5,20.86,20.86
16:43:38.860,90.0,48.6,0.0,48.6
16:43:38.860,135.0,75.1,-53.1,53.1
16:43:38.941,180.0,16.1,-16.1,0.0
16:43:38.941,225.0,25.4,-17.96,-17.96
16:43:38.941,270.0,26.5,-0.0,-26.5
16:43:38.941,315.0,19.9,14.07,-14.07
16:43:38.941,0.0,37.5,37.5,0.0
16:43:38.941,45.0,29.5,20.86,20.86
16:43:38.941,90.0,48.6,0.0,48.6
16:43:38.941,135.0,73.2,-51.76,51.76
16:43:39.036,180.0,16.1,-16.1,0.0
16:43:39.036,225.0,25.4,-17.96,-17.96
16:43:39.036,270.0,26.5,-0.0,-26.5
16:43:39.036,315.0,19.9,14.07,-14.07
16:43:39.036,0.0,37.5,37.5,0.0
16:43:39.036,45.0,28.7,20.29,20.29
16:43:39.036,90.0,46.4,0.0,46.4
16:43:39.036,135.0,73.7,-52.11,52.11
16:43:39.101,180.0,16.1,-16.1,0.0
16:43:39.101,225.0,25.4,-17.96,-17.96
16:43:39.101,270.0,26.5,-0.0,-26.5
16:43:39.101,315.0,19.9,14.07,-14.07
16:43:39.101,0.0,49.9,49.9,0.0
16:43:39.101,45.0,28.7,20.29,20.29
16:43:39.101,90.0,46.4,0.0,46.4
16:43:39.101,135.0,73.7,-52.11,52.11
16:43:39.181,180.0,16.1,-16.1,0.0
16:43:39.181,225.0,25.4,-17.96,-17.96
16:43:39.181,270.0,26.5,-0.0,-26.5
16:43:39.181,315.0,19.9,14.07,-14.07
16:43:39.181,0.0,49.9,49.9,0.0
16:43:39.181,45.0,29.5,20.86,20.86
16:43:39.181,90.0,46.4,0.0,46.4
16:43:39.181,135.0,73.2,-51.76,51.76
16:43:39.261,180.0,16.1,-16.1,0.0
16:43:39.261,225.0,25.4,-17.96,-17.96
16:43:39.261,270.0,26.5,-0.0,-26.5
16:43:39.261,315.0,19.9,14.07,-14.07
16:43:39.261,0.0,44.6,44.6,0.0
16:43:39.261,45.0,28.7,20.29,20.29
16:43:39.261,90.0,48.6,0.0,48.6
16:43:39.261,135.0,73.7,-52.11,52.11
16:43:39.341,180.0,16.1,-16.1,0.0
16:43:39.341,225.0,25.4,-17.96,-17.96
16:43:39.341,270.0,26.5,-0.0,-26.5
16:43:39.341,315.0,19.9,14.07,-14.07
16:43:39.341,0.0,44.6,44.6,0.0
16:43:39.341,45.0,29.5,20.86,20.86
16:43:39.341,90.0,49.0,0.0,49.0
16:43:39.341,135.0,73.2,-51.76,51.76
16:43:39.423,180.0,16.1,-16.1,0.0
16:43:39.423,225.0,25.4,-17.96,-17.96
16:43:39.423,270.0,26.5,-0.0,-26.5
16:43:39.423,315.0,19.9,14.07,-14.07
16:43:39.423,0.0,44.6,44.6,0.0
16:43:39.423,45.0,29.5,20.86,20.86
16:43:39.423,90.0,49.0,0.0,49.0
16:43:39.423,135.0,73.7,-52.11,52.11
16:43:39.502,180.0,16.1,-16.1,0.0
16:43:39.502,225.0,25.4,-17.96,-17.96
16:43:39.502,270.0,26.5,-0.0,-26.5
16:43:39.502,315.0,19.9,14.07,-14.07
16:43:39.502,0.0,44.6,44.6,0.0
16:43:39.502,45.0,29.5,20.86,20.86
16:43:39.502,90.0,49.0,0.0,49.0
16:43:39.502,135.0,73.2,-51.76,51.76
16:43:39.581,180.0,16.1,-16.1,0.0
16:43:39.581,225.0,25.4,-17.96,-17.96
16:43:39.581,270.0,26.5,-0.0,-26.5
16:43:39.581,315.0,19.9,14.07,-14.07
16:43:39.581,0.0,49.9,49.9,0.0
16:43:39.581,45.0,29.5,20.86,20.86
16:43:39.581,90.0,46.8,0.0,46.8
16:43:39.581,135.0,73.7,-52.11,52.11
16:43:39.661,180.0,16.1,-16.1,0.0
16:43:39.661,225.0,25.4,-17.96,-17.96
16:43:39.661,270.0,26.5,-0.0,-26.5
16:43:39.661,315.0,21.2,14.99,-14.99
16:43:39.661,0.0,39.5,39.5,0.0
16:43:39.661,45.0,29.5,20.86,20.86
16:43:39.661,90.0,48.6,0.0,48.6
16:43:39.661,135.0,73.2,-51.76,51.76
16:43:39.741,180.0,16.1,-16.1,0.0
16:43:39.741,225.0,25.4,-17.96,-17.96
16:43:39.741,270.0,26.5,-0.0,-26.5
16:43:39.741,315.0,21.2,14.99,-14.99
16:43:39.741,0.0,39.5,39.5,0.0
16:43:39.741,45.0,29.5,20.86,20.86
16:43:39.741,90.0,49.0,0.0,49.0
16:43:39.741,135.0,73.2,-51.76,51.76
16:43:39.827,180.0,16.1,-16.1,0.0
16:43:39.827,225.0,25.4,-17.96,-17.96
16:43:39.827,270.0,26.5,-0.0,-26.5
16:43:39.827,315.0,21.2,14.99,-14.99
16:43:39.827,0.0,148.9,148.9,0.0
16:43:39.827,45.0,30.0,21.21,21.21
16:43:39.827,90.0,48.6,0.0,48.6
16:43:39.827,135.0,73.2,-51.76,51.76
16:43:39.908,180.0,16.1,-16.1,0.0
16:43:39.908,225.0,25.4,-17.96,-17.96
16:43:39.908,270.0,26.5,-0.0,-26.5
16:43:39.908,315.0,21.1,14.92,-14.92
16:43:39.908,0.0,49.9,49.9,0.0
16:43:39.908,45.0,29.5,20.86,20.86
16:43:39.908,90.0,49.0,0.0,49.0
16:43:39.908,135.0,73.2,-51.76,51.76
16:43:39.987,178.6,16.1,-16.1,0.39
16:43:39.987,223.6,25.4,-18.39,-17.52
16:43:39.987,268.6,26.5,-0.65,-26.49
16:43:39.987,313.6,21.1,14.55,-15.28
16:43:39.987,358.6,49.9,49.89,-1.22
16:43:39.987,43.6,29.5,21.36,20.34
16:43:39.987,88.6,46.8,1.14,46.79
16:43:39.987,133.6,73.7,-50.82,53.37
16:43:40.067,177.3,16.1,-16.08,0.76
16:43:40.067,222.3,25.4,-18.79,-17.09
16:43:40.067,267.3,26.5,-1.25,-26.47
16:43:40.067,312.3,21.2,14.27,-15.68
16:43:40.067,357.3,47.2,47.15,-2.22
16:43:40.067,42.3,29.5,21.82,19.85
16:43:40.067,87.3,49.0,2.31,48.95
16:43:40.067,132.3,74.2,-49.94,54.88
16:43:40.151,175.9,16.1,-16.06,1.15
16:43:40.151,220.9,25.4,-19.2,-16.63
16:43:40.151,265.9,26.5,-1.89,-26.43
16:43:40.151,310.9,21.2,13.88,-16.02
16:43:40.151,355.9,37.0,36.91,-2.65
16:43:40.151,40.9,28.7,21.69,18.79
16:43:40.151,85.9,48.6,3.47,48.48
16:43:40.151,130.9,74.6,-48.84,56.39
16:43:40.227,174.5,16.1,-16.03,1.54
16:43:40.227,219.5,25.7,-19.83,-16.35
16:43:40.227,264.5,25.3,-2.42,-25.18
16:43:40.227,309.5,20.2,12.85,-15.59
16:43:40.227,354.5,37.0,36.83,-3.55
16:43:40.227,39.5,28.7,22.15,18.26
16:43:40.227,84.5,48.6,4.66,48.38
16:43:40.227,129.5,75.5,-48.02,58.26
16:43:40.308,173.1,16.1,-15.98,1.93
16:43:40.308,218.1,24.8,-19.52,-15.3
16:43:40.308,263.1,26.2,-3.15,-26.01
16:43:40.308,308.1,20.2,12.46,-15.9
16:43:40.308,353.1,37.0,36.73,-4.45
16:43:40.308,38.1,28.7,22.59,17.71
16:43:40.308,83.1,48.6,5.84,48.25
16:43:40.308,128.1,29.2,-18.02,22.98
16:43:40.382,171.8,16.1,-15.94,2.3
16:43:40.382,216.8,24.8,-19.86,-14.86
16:43:40.382,261.8,36.4,-5.19,-36.03
16:43:40.382,306.8,21.1,12.64,-16.9
16:43:40.382,351.8,37.5,37.12,-5.35
16:43:40.382,36.8,29.5,23.62,17.67
16:43:40.382,81.8,49.0,6.99,48.5
16:43:40.382,126.8,26.6,-15.93,21.3
16:43:40.465,170.5,16.2,-15.98,2.67
16:43:40.465,215.5,25.7,-20.92,-14.92
16:43:40.465,260.5,29.9,-4.93,-29.49
16:43:40.465,305.5,18.6,10.8,-15.14
16:43:40.465,350.5,37.5,36.99,-6.19
16:43:40.465,35.5,29.5,24.02,17.13
16:43:40.465,80.5,49.9,8.24,49.22
16:43:40.465,125.5,30.1,-17.48,24.5
16:43:40.535,169.2,16.1,-15.81,3.02
16:43:40.535,214.2,25.9,-21.42,-14.56
16:43:40.535,259.2,31.2,-5.85,-30.65
16:43:40.535,304.2,19.9,11.19,-16.46
16:43:40.535,349.2,16.7,16.4,-3.13
16:43:40.535,34.2,29.5,24.4,16.58
16:43:40.535,79.2,49.9,9.35,49.02
16:43:40.535,124.2,26.9,-15.12,22.25
16:43:40.612,167.9,16.1,-15.74,3.37
16:43:40.612,212.9,16.7,-14.02,-9.07
16:43:40.612,257.9,31.5,-6.6,-30.8
16:43:40.612,302.9,21.1,11.46,-17.72
16:43:40.612,347.9,16.7,16.33,-3.5
16:43:40.612,32.9,28.7,24.1,15.59
16:43:40.612,77.9,51.3,10.75,50.16
16:43:40.612,122.9,29.5,-16.02,24.77
16:43:40.686,166.6,17.4,-16.93,4.03
16:43:40.686,211.6,25.1,-21.38,-13.15
16:43:40.686,256.6,30.2,-7.0,-29.38
16:43:40.686,301.6,22.4,11.74,-19.08
16:43:40.686,346.6,16.4,15.95,-3.8
16:43:40.686,31.6,28.7,24.44,15.04
16:43:40.686,76.6,70.6,16.36,68.68
16:43:40.686,121.6,28.0,-14.67,23.85
16:43:40.762,165.3,17.7,-17.12,4.49
16:43:40.762,210.3,25.1,-21.67,-12.66
16:43:40.762,255.3,31.0,-7.87,-29.99
16:43:40.762,300.3,31.5,15.89,-27.2
16:43:40.762,345.3,16.4,15.86,-4.16
16:43:40.762,30.3,28.7,24.78,14.48
16:43:40.762,75.3,70.9,17.99,68.58
16:43:40.762,120.3,26.3,-13.27,22.71
16:43:40.840,164.0,16.4,-15.76,4.52
16:43:40.840,209.0,25.1,-21.95,-12.17
16:43:40.840,254.0,29.1,-8.02,-27.97
16:43:40.840,299.0,31.0,15.03,-27.11
16:43:40.840,344.0,16.4,15.76,-4.52
16:43:40.840,29.0,29.5,25.8,14.3
16:43:40.840,74.0,69.9,19.27,67.19
16:43:40.840,119.0,29.2,-14.16,25.54
16:43:40.916,162.7,17.7,-16.9,5.26
16:43:40.916,207.7,25.9,-22.93,-12.04
16:43:40.916,252.7,30.4,-9.04,-29.02
16:43:40.916,297.7,16.7,7.76,-14.79
16:43:40.916,342.7,16.1,15.37,-4.79
16:43:40.916,27.7,29.2,25.85,13.57
16:43:40.916,72.7,70.0,20.82,66.83
16:43:40.916,117.7,27.5,-12.78,24.35
16:43:40.991,161.3,19.6,-18.57,6.28
16:43:40.991,206.3,24.2,-21.69,-10.72
16:43:40.991,251.3,29.9,-9.59,-28.32
16:43:40.991,296.3,17.0,7.53,-15.24
16:43:40.991,341.3,16.1,15.25,-5.16
16:43:40.991,26.3,29.2,26.18,12.94
16:43:40.991,71.3,69.9,22.41,66.21
16:43:40.991,116.3,19.9,-8.82,17.84
16:43:41.068,160.0,17.1,-16.07,5.85
16:43:41.068,205.0,24.2,-21.93,-10.23
16:43:41.068,250.0,29.9,-10.23,-28.1
16:43:41.068,295.0,16.0,6.76,-14.5
16:43:41.068,340.0,18.4,17.29,-6.29
16:43:41.068,25.0,29.3,26.55,12.38
16:43:41.068,70.0,70.8,24.22,66.53
16:43:41.068,115.0,18.6,-7.86,16.86
16:43:41.144,158.7,17.1,-15.93,6.21
16:43:41.144,203.7,24.5,-22.43,-9.85
16:43:41.144,248.7,30.7,-11.15,-28.6
16:43:41.144,293.7,16.0,6.43,-14.65
16:43:41.144,338.7,30.3,28.23,-11.01
16:43:41.144,23.7,29.8,27.29,11.98
16:43:41.144,68.7,70.4,25.57,65.59
16:43:41.144,113.7,17.7,-7.11,16.21
16:43:41.221,157.4,17.1,-15.79,6.57
16:43:41.221,202.4,24.5,-22.65,-9.34
16:43:41.221,247.4,30.7,-11.8,-28.34
16:43:41.221,292.4,16.0,6.1,-14.79
16:43:41.221,337.4,31.6,29.17,-12.14
16:43:41.221,22.4,30.3,28.01,11.55
16:43:41.221,67.4,69.9,26.86,64.53
16:43:41.221,112.4,18.0,-6.86,16.64
16:43:41.307,156.1,17.1,-15.63,6.93
16:43:41.307,201.1,24.5,-22.86,-8.82
16:43:41.307,246.1,29.4,-11.91,-26.88
16:43:41.307,291.1,17.3,6.23,-16.14
16:43:41.307,336.1,32.4,29.62,-13.13
16:43:41.307,21.1,198.1,184.82,71.32
16:43:41.307,66.1,74.3,30.1,67.93
16:43:41.307,111.1,17.0,-6.12,15.86
16:43:41.394,154.6,19.3,-17.43,8.28
16:43:41.394,199.6,25.4,-23.93,-8.52
16:43:41.394,244.6,29.4,-12.61,-26.56
16:43:41.394,289.6,18.6,6.24,-17.52
16:43:41.394,334.6,31.9,28.82,-13.68
16:43:41.394,19.6,198.1,186.62,66.45
16:43:41.394,64.6,74.2,31.83,67.03
16:43:41.394,109.6,16.1,-5.4,15.17
16:43:41.482,153.1,19.3,-17.21,8.73
16:43:41.482,198.1,25.1,-23.86,-7.8
16:43:41.482,243.1,28.5,-12.89,-25.42
16:43:41.482,288.1,18.6,5.78,-17.68
16:43:41.482,333.1,31.4,28.0,-14.21
16:43:41.482,18.1,197.8,188.01,61.45
16:43:41.482,63.1,73.8,33.39,65.81
16:43:41.482,108.1,16.4,-5.1,15.59
16:43:41.568,151.6,18.0,-15.83,8.56
16:43:41.568,196.6,24.2,-23.19,-6.91
16:43:41.568,241.6,23.0,-10.94,-20.23
16:43:41.568,286.6,17.3,4.94,-16.58
16:43:41.568,331.6,30.8,27.09,-14.65
16:43:41.568,16.6,197.8,189.56,56.51
16:43:41.568,61.6,74.2,35.29,65.27
16:43:41.568,106.6,16.4,-4.69,15.72
16:43:41.648,150.2,16.4,-14.23,8.15
16:43:41.648,195.2,25.1,-24.22,-6.58
16:43:41.648,240.2,24.2,-12.03,-21.0
16:43:41.648,285.2,17.3,4.54,-16.69
16:43:41.648,330.2,30.8,26.73,-15.31
16:43:41.648,15.2,109.4,105.57,28.68
16:43:41.648,60.2,75.0,37.27,65.08
16:43:41.648,105.2,16.7,-4.38,16.12
16:43:41.738,148.8,16.4,-14.03,8.5
16:43:41.738,193.8,24.8,-24.08,-5.92
16:43:41.738,238.8,23.3,-12.07,-19.93
16:43:41.738,283.8,147.6,35.21,-143.34
16:43:41.738,328.8,30.3,25.92,-15.7
16:43:41.738,13.8,109.7,106.53,26.17
16:43:41.738,58.8,74.1,38.39,63.38
16:43:41.738,103.8,16.7,-3.98,16.22
16:43:41.820,147.3,16.4,-13.8,8.86
16:43:41.820,192.3,25.7,-25.11,-5.47
16:43:41.820,237.3,23.6,-12.75,-19.86
16:43:41.820,282.3,40.5,8.63,-39.57
16:43:41.820,327.3,29.8,25.08,-16.1
16:43:41.820,12.3,109.6,107.08,23.35
16:43:41.820,57.3,74.6,40.3,62.78
16:43:41.820,102.3,17.0,-3.62,16.61
16:43:41.904,145.9,16.4,-13.58,9.19
16:43:41.904,190.9,26.5,-26.02,-5.01
16:43:41.904,235.9,21.5,-12.05,-17.8
16:43:41.904,280.9,40.1,7.58,-39.38
16:43:41.904,325.9,29.8,24.68,-16.71
16:43:41.904,10.9,108.3,106.35,20.48
16:43:41.904,55.9,75.1,42.1,62.19
16:43:41.904,100.9,16.1,-3.04,15.81
16:43:41.985,144.4,27.2,-22.12,15.83
16:43:41.985,189.4,26.3,-25.95,-4.3
16:43:41.985,234.4,20.5,-11.93,-16.67
16:43:41.985,279.4,37.5,6.12,-37.0
16:43:41.985,324.4,30.6,24.88,-17.81
16:43:41.985,9.4,56.9,56.14,9.29
16:43:41.985,54.4,75.1,43.72,61.06
16:43:41.985,99.4,16.1,-2.63,15.88
16:43:42.071,143.0,24.6,-19.65,14.8
16:43:42.071,188.0,26.2,-25.95,-3.65
16:43:42.071,233.0,20.5,-12.34,-16.37
16:43:42.071,278.0,149.6,20.82,-148.14
16:43:42.071,323.0,31.9,25.48,-19.2
16:43:42.071,8.0,46.6,46.15,6.49
16:43:42.071,53.0,75.1,45.2,59.98
16:43:42.071,98.0,16.1,-2.24,15.94
16:43:42.170,141.5,24.6,-19.25,15.31
16:43:42.170,186.5,25.9,-25.73,-2.93
16:43:42.170,231.5,20.5,-12.76,-16.04
16:43:42.170,276.5,389.6,44.1,-387.1
16:43:42.170,321.5,29.5,23.09,-18.36
16:43:42.170,6.5,46.6,46.3,5.28
16:43:42.170,51.5,76.0,47.31,59.48
16:43:42.170,96.5,16.1,-1.82,16.0
16:43:42.251,139.9,17.4,-13.31,11.21
16:43:42.251,184.9,28.6,-28.5,-2.44
16:43:42.251,229.9,21.8,-14.04,-16.68
16:43:42.251,274.9,37.5,3.2,-37.36
16:43:42.251,319.9,29.5,22.57,-19.0
16:43:42.251,4.9,47.0,46.83,4.01
16:43:42.251,49.9,73.0,47.02,55.84
16:43:42.251,94.9,16.1,-1.38,16.04
16:43:42.329,138.5,16.1,-12.06,10.67
16:43:42.329,183.5,26.5,-26.45,-1.62
16:43:42.329,228.5,20.5,-13.58,-15.35
16:43:42.329,273.5,37.1,2.26,-37.03
16:43:42.329,318.5,29.5,22.09,-19.55
16:43:42.329,3.5,49.3,49.21,3.01
16:43:42.329,48.5,76.6,50.76,57.37
16:43:42.329,93.5,16.1,-0.98,16.07
16:43:42.410,137.1,25.2,-18.46,17.15
16:43:42.410,182.1,29.7,-29.68,-1.09
16:43:42.410,227.1,19.2,-13.07,-14.06
16:43:42.410,272.1,37.5,1.37,-37.47
16:43:42.410,317.1,29.5,21.61,-20.08
16:43:42.410,2.1,46.2,46.17,1.69
16:43:42.410,47.1,76.6,52.14,56.11
16:43:42.410,92.1,16.1,-0.59,16.09
16:43:42.488,135.8,25.2,-18.07,17.57
16:43:42.488,180.8,33.3,-33.3,-0.46
16:43:42.488,225.8,19.2,-13.39,-13.76
16:43:42.488,270.8,60.8,0.85,-60.79
16:43:42.488,315.8,29.5,21.15,-20.57
16:43:42.488,0.8,48.9,48.9,0.68
16:43:42.488,45.8,25.9,18.06,18.57
16:43:42.488,90.8,16.1,-0.22,16.1
16:43:42.563,134.4,26.0,-18.19,18.58
16:43:42.563,179.4,30.7,-30.7,0.32
16:43:42.563,224.4,19.2,-13.72,-13.43
16:43:42.563,269.4,38.5,-0.4,-38.5
16:43:42.563,314.4,34.0,23.79,-24.29
16:43:42.563,359.4,48.4,48.4,-0.51
16:43:42.563,44.4,28.8,20.58,20.15
16:43:42.563,89.4,17.0,0.18,17.0
16:43:42.636,133.1,16.7,-11.41,12.19
16:43:42.636,178.1,32.0,-31.98,1.06
16:43:42.636,223.1,17.0,-12.41,-11.62
16:43:42.636,268.1,16.0,-0.53,-15.99
16:43:42.636,313.1,29.5,20.16,-21.54
16:43:42.636,358.1,48.0,47.97,-1.59
16:43:42.636,43.1,27.1,19.79,18.52
16:43:42.636,88.1,17.4,0.58,17.39
16:43:42.711,131.9,24.6,-16.43,18.31
16:43:42.711,176.9,31.5,-31.45,1.7
16:43:42.711,221.9,15.4,-11.46,-10.28
16:43:42.711,266.9,35.9,-1.94,-35.85
16:43:42.711,311.9,30.8,20.57,-22.92
16:43:42.711,356.9,49.8,49.73,-2.69
16:43:42.711,41.9,29.6,22.03,19.77
16:43:42.711,86.9,17.7,0.96,17.67
16:43:42.789,130.6,24.6,-16.01,18.68
16:43:42.789,175.6,31.5,-31.41,2.42
16:43:42.789,220.6,12.3,-9.34,-8.0
16:43:42.789,265.6,57.9,-4.44,-57.73
16:43:42.789,310.6,34.0,22.13,-25.82
16:43:42.789,355.6,56.7,56.53,-4.35
16:43:42.789,40.6,29.1,22.09,18.94
16:43:42.789,85.6,16.4,1.26,16.35
16:43:42.871,129.2,25.5,-16.12,19.76
16:43:42.871,174.2,32.8,-32.63,3.31
16:43:42.871,219.2,10.9,-8.45,-6.89
16:43:42.871,264.2,12.6,-1.27,-12.54
16:43:42.871,309.2,74.4,47.02,-57.66
16:43:42.871,354.2,75.1,74.72,-7.59
16:43:42.871,39.2,62.1,48.12,39.25
16:43:42.871,84.2,28.9,2.92,28.75
16:43:42.954,127.8,25.5,-15.63,20.15
16:43:42.954,172.8,15.7,-15.58,1.97
16:43:42.954,217.8,9.9,-7.82,-6.07
16:43:42.954,262.8,37.3,-4.67,-37.01
16:43:42.954,307.8,76.1,46.64,-60.13
16:43:42.954,352.8,73.7,73.12,-9.24
16:43:42.954,37.8,29.9,23.63,18.33
16:43:42.954,82.8,18.3,2.29,18.16
16:43:43.038,126.5,24.6,-14.63,19.77
16:43:43.038,171.5,16.0,-15.82,2.36
16:43:43.038,216.5,6.9,-5.55,-4.1
16:43:43.038,261.5,37.5,-5.54,-37.09
16:43:43.038,306.5,197.3,117.36,-158.6
16:43:43.038,351.5,74.5,73.68,-11.01
16:43:43.038,36.5,20.2,16.24,12.02
16:43:43.038,81.5,17.0,2.51,16.81
16:43:43.128,125.0,24.6,-14.11,20.15
16:43:43.128,170.0,13.0,-12.8,2.26
16:43:43.128,215.0,6.9,-5.65,-3.96
16:43:43.128,260.0,43.4,-7.54,-42.74
16:43:43.128,305.0,197.2,113.11,-161.54
16:43:43.128,350.0,74.0,72.88,-12.85
16:43:43.128,35.0,17.9,14.66,10.27
16:43:43.128,80.0,17.0,2.95,16.74
16:43:43.214,123.5,23.7,-13.08,19.76
16:43:43.214,168.5,17.3,-16.95,3.45
16:43:43.214,213.5,6.6,-5.5,-3.64
16:43:43.214,258.5,56.7,-11.3,-55.56
16:43:43.214,303.5,76.3,42.11,-63.63
16:43:43.214,348.5,74.0,72.51,-14.75
16:43:43.214,33.5,18.2,15.18,10.05
16:43:43.214,78.5,18.0,3.59,17.64
16:43:43.288,122.1,23.7,-12.59,20.08
16:43:43.288,167.1,16.0,-15.6,3.57
16:43:43.288,212.1,6.2,-5.25,-3.29
16:43:43.288,257.1,37.3,-8.33,-36.36
16:43:43.288,302.1,76.7,40.76,-64.97
16:43:43.288,347.1,73.4,71.55,-16.39
16:43:43.288,32.1,17.3,14.66,9.19
16:43:43.288,77.1,18.0,4.02,17.55
16:43:43.383,120.8,24.6,-12.6,21.13
16:43:43.383,165.8,16.0,-15.51,3.92
16:43:43.383,210.8,5.6,-4.81,-2.87
16:43:43.383,300.8,77.3,39.58,-66.4
16:43:43.383,345.8,71.7,69.51,-17.59
16:43:43.383,30.8,16.3,14.0,8.35
16:43:43.383,75.8,20.2,4.96,19.58
16:43:43.470,119.1,16.4,-7.98,14.33
16:43:43.470,164.1,17.3,-16.64,4.74
16:43:43.470,209.1,6.6,-5.77,-3.21
16:43:43.470,254.1,200.8,-55.01,-193.12
16:43:43.470,299.1,76.5,37.2,-66.84
16:43:43.470,344.1,73.0,70.21,-20.0
16:43:43.470,29.1,16.7,14.59,8.12
16:43:43.470,74.1,17.7,4.85,17.02
16:43:43.560,117.6,16.4,-7.6,14.53
16:43:43.560,162.6,17.3,-16.51,5.17
16:43:43.560,207.6,6.6,-5.85,-3.06
16:43:43.560,252.6,200.2,-59.87,-191.04
16:43:43.560,297.6,105.5,48.88,-93.49
16:43:43.560,342.6,73.4,70.04,-21.95
16:43:43.560,27.6,16.7,14.8,7.74
16:43:43.560,72.6,16.4,4.9,15.65
16:43:43.648,116.0,16.8,-7.36,15.1
16:43:43.648,161.0,15.7,-14.84,5.11
16:43:43.648,206.0,6.5,-5.84,-2.85
16:43:43.648,251.0,200.1,-65.15,-189.2
16:43:43.648,296.0,109.4,47.96,-98.33
16:43:43.648,341.0,72.9,68.93,-23.73
16:43:43.648,26.0,17.0,15.28,7.45
16:43:43.648,71.0,16.4,5.34,15.51
16:43:43.726,114.5,25.2,-10.45,22.93
16:43:43.726,159.5,16.4,-15.36,5.74
16:43:43.726,204.5,8.8,-8.01,-3.65
16:43:43.726,249.5,40.3,-14.11,-37.75
16:43:43.726,294.5,58.4,24.22,-53.14
16:43:43.726,339.5,73.4,68.75,-25.71
16:43:43.726,24.5,16.0,14.56,6.64
16:43:43.726,69.5,16.4,5.74,15.36
16:43:43.802,113.2,24.9,-9.81,22.89
16:43:43.802,158.2,13.7,-12.72,5.09
16:43:43.802,203.2,11.6,-10.66,-4.57
16:43:43.802,248.2,29.4,-10.92,-27.3
16:43:43.802,293.2,44.8,17.65,-41.18
16:43:43.802,338.2,72.9,67.69,-27.07
16:43:43.802,23.2,16.0,14.71,6.3
16:43:43.802,68.2,16.4,6.09,15.23
16:43:43.879,111.9,25.8,-9.62,23.94
16:43:43.879,156.9,20.5,-18.86,8.04
16:43:43.879,201.9,13.7,-12.71,-5.11
16:43:43.879,246.9,33.0,-12.95,-30.35
16:43:43.879,291.9,45.2,16.86,-41.94
16:43:43.879,336.9,72.9,67.05,-28.6
16:43:43.879,21.9,16.0,14.85,5.97
16:43:43.879,66.9,26.9,10.55,24.74
16:43:43.957,110.6,26.3,-9.25,24.62
16:43:43.957,155.6,21.8,-19.85,9.01
16:43:43.957,200.6,48.9,-45.77,-17.21
16:43:43.957,245.6,33.3,-13.76,-30.33
16:43:43.957,290.6,45.2,15.9,-42.31
16:43:43.957,335.6,72.9,66.39,-30.12
16:43:43.957,20.6,16.3,15.26,5.74
16:43:43.957,65.6,19.3,7.97,17.58
16:43:44.036,109.2,25.5,-8.39,24.08
16:43:44.036,154.2,20.9,-18.82,9.1
16:43:44.036,199.2,16.7,-15.77,-5.49
16:43:44.036,244.2,33.3,-14.49,-29.98
16:43:44.036,289.2,46.0,15.13,-43.44
16:43:44.036,334.2,72.5,65.27,-31.55
16:43:44.036,19.2,16.3,15.39,5.36
16:43:44.036,64.2,25.4,11.05,22.87
16:43:44.114,107.8,26.0,-7.95,24.76
16:43:44.114,152.8,20.8,-18.5,9.51
16:43:44.114,197.8,16.7,-15.9,-5.11
16:43:44.114,242.8,31.5,-14.4,-28.02
16:43:44.114,287.8,45.7,13.97,-43.51
16:43:44.114,332.8,74.8,66.53,-34.19
16:43:44.114,17.8,16.3,15.52,4.98
16:43:44.114,62.8,25.4,11.61,22.59
16:43:44.200,106.5,27.8,-7.9,26.66
16:43:44.200,151.5,19.6,-17.22,9.35
16:43:44.200,196.5,16.3,-15.63,-4.63
16:43:44.200,241.5,36.1,-17.23,-31.73
16:43:44.200,286.5,107.1,30.42,-102.69
16:43:44.200,331.5,74.3,65.3,-35.45
16:43:44.200,16.5,16.3,15.63,4.63
16:43:44.200,61.5,16.1,7.68,14.15
16:43:44.272,105.1,25.7,-6.69,24.81
16:43:44.272,150.1,19.6,-16.99,9.77
16:43:44.272,195.1,17.0,-16.41,-4.43
16:43:44.272,240.1,34.3,-17.1,-29.73
16:43:44.272,285.1,45.7,11.91,-44.12
16:43:44.272,330.1,73.5,63.72,-36.64
16:43:44.272,15.1,16.3,15.74,4.25
16:43:44.272,60.1,16.1,8.03,13.96
16:43:44.354,103.8,27.5,-6.56,26.71
16:43:44.354,148.8,20.9,-17.88,10.83
16:43:44.354,193.8,17.0,-16.51,-4.06
16:43:44.354,238.8,37.0,-19.17,-31.65
16:43:44.354,283.8,84.1,20.06,-81.67
16:43:44.354,328.8,73.2,62.61,-37.92
16:43:44.354,13.8,16.3,15.83,3.89
16:43:44.354,58.8,25.7,13.31,21.98
16:43:44.441,102.4,33.4,-7.17,32.62
16:43:44.441,147.4,18.3,-15.42,9.86
16:43:44.441,192.4,16.0,-15.63,-3.44
16:43:44.441,237.4,198.4,-106.89,-167.14
16:43:44.441,282.4,80.5,17.29,-78.62
16:43:44.441,327.4,29.5,24.85,-15.89
16:43:44.441,12.4,16.3,15.92,3.5
16:43:44.441,57.4,22.8,12.28,19.21
16:43:44.527,100.9,30.8,-5.82,30.24
16:43:44.527,145.9,23.0,-19.05,12.89
16:43:44.527,190.9,17.0,-16.69,-3.21
16:43:44.527,235.9,198.3,-111.17,-164.2
16:43:44.527,280.9,86.4,16.34,-84.84
16:43:44.527,325.9,30.3,25.09,-16.99
16:43:44.527,10.9,16.3,16.01,3.08
16:43:44.527,55.9,16.7,9.36,13.83
16:43:44.613,99.4,29.8,-4.87,29.4
16:43:44.613,144.4,19.2,-15.61,11.18
16:43:44.613,189.4,17.0,-16.77,-2.78
16:43:44.613,234.4,197.8,-115.14,-160.83
16:43:44.613,279.4,76.7,12.53,-75.67
16:43:44.613,324.4,29.8,24.23,-17.35
16:43:44.613,9.4,16.3,16.08,2.66
16:43:44.613,54.4,19.0,11.06,15.45
16:43:44.699,98.0,30.6,-4.26,30.3
16:43:44.699,143.0,18.0,-14.38,10.83
16:43:44.699,188.0,18.3,-18.12,-2.55
16:43:44.699,233.0,198.2,-119.28,-158.29
16:43:44.699,278.0,69.3,9.64,-68.63
16:43:44.699,323.0,26.6,21.24,-16.01
16:43:44.699,8.0,17.9,17.73,2.49
16:43:44.699,53.0,25.4,15.29,20.29
16:43:44.786,96.5,30.0,-3.4,29.81
16:43:44.786,141.5,18.0,-14.09,11.21
16:43:44.786,186.5,23.0,-22.85,-2.6
16:43:44.786,231.5,32.2,-20.04,-25.2
16:43:44.786,276.5,70.2,7.95,-69.75
16:43:44.786,321.5,27.5,21.52,-17.12
16:43:44.786,6.5,17.0,16.89,1.92
16:43:44.786,51.5,23.1,14.38,18.08
16:43:44.861,95.2,29.5,-2.67,29.38
16:43:44.861,140.2,21.5,-16.52,13.76
16:43:44.861,185.2,18.0,-17.93,-1.63
16:43:44.861,230.2,197.7,-126.55,-151.89
16:43:44.861,275.2,75.5,6.84,-75.19
16:43:44.861,320.2,24.3,18.67,-15.55
16:43:44.861,5.2,17.9,17.83,1.62
16:43:44.861,50.2,16.7,10.69,12.83
16:43:44.953,93.7,30.3,-1.96,30.24
16:43:44.953,138.7,36.4,-27.35,24.02
16:43:44.953,183.7,38.2,-38.12,-2.47
16:43:44.953,228.7,197.7,-130.48,-148.52
16:43:44.953,273.7,74.1,4.78,-73.95
16:43:44.953,318.7,26.9,20.21,-17.75
16:43:44.953,3.7,16.3,16.27,1.05
16:43:44.953,48.7,16.7,11.02,12.55
16:43:45.038,92.2,31.1,-1.19,31.08
16:43:45.038,137.2,37.3,-27.37,25.34
16:43:45.038,182.2,35.7,-35.67,-1.37
16:43:45.038,227.2,197.7,-134.33,-145.06
16:43:45.038,272.2,51.7,1.98,-51.66
16:43:45.038,317.2,22.8,16.73,-15.49
16:43:45.038,2.2,16.3,16.29,0.63
16:43:45.038,47.2,24.5,16.65,17.98
16:43:45.130,90.7,29.8,-0.36,29.8
16:43:45.130,135.7,36.2,-25.91,25.28
16:43:45.130,180.7,35.9,-35.9,-0.44
16:43:45.130,225.7,197.7,-138.08,-141.49
16:43:45.130,270.7,73.6,0.9,-73.59
16:43:45.130,315.7,19.3,13.81,-13.48
16:43:45.130,0.7,17.3,17.3,0.21
16:43:45.130,45.7,23.7,16.55,16.96
16:43:45.216,89.1,30.6,0.48,30.6
16:43:45.216,134.1,36.2,-25.19,26.0
16:43:45.216,179.1,34.6,-34.6,0.54
16:43:45.216,224.1,197.6,-141.9,-137.51
16:43:45.216,269.1,44.8,-0.7,-44.79
16:43:45.216,314.1,18.4,12.8,-13.21
16:43:45.216,359.1,17.0,17.0,-0.27
16:43:45.216,44.1,23.7,17.02,16.49
16:43:45.306,87.6,30.5,1.28,30.47
16:43:45.306,132.6,40.1,-27.14,29.52
16:43:45.306,177.6,34.1,-34.07,1.43
16:43:45.306,222.6,197.7,-145.53,-133.82
16:43:45.306,267.6,73.4,-3.07,-73.34
16:43:45.306,312.6,17.4,11.78,-12.81
16:43:45.306,357.6,18.2,18.18,-0.76
16:43:45.306,42.6,25.4,18.7,17.19
16:43:45.391,86.1,30.6,2.08,30.53
16:43:45.391,131.1,17.3,-11.37,13.04
16:43:45.391,176.1,34.8,-34.72,2.37
16:43:45.391,221.1,198.2,-149.36,-130.29
16:43:45.391,266.1,72.9,-4.96,-72.73
16:43:45.391,311.1,17.7,11.64,-13.34
16:43:45.391,356.1,19.5,19.45,-1.33
16:43:45.391,41.1,25.1,18.91,16.5
16:43:45.489,84.6,29.8,2.8,29.67
16:43:45.489,129.6,39.7,-25.31,30.59
16:43:45.489,174.6,33.6,-33.45,3.16
16:43:45.489,219.6,197.8,-152.41,-126.08
16:43:45.489,264.6,44.2,-4.16,-44.0
16:43:45.489,309.6,16.7,10.64,-12.87
16:43:45.489,354.6,18.2,18.12,-1.71
16:43:45.489,39.6,23.1,17.8,14.72
16:43:45.568,83.1,21.2,2.55,21.05
16:43:45.568,128.1,40.1,-24.74,31.56
16:43:45.568,173.1,33.0,-32.76,3.96
16:43:45.568,218.1,197.4,-155.34,-121.8
16:43:45.568,263.1,69.2,-8.31,-68.7
16:43:45.568,308.1,17.1,10.55,-13.46
16:43:45.568,353.1,17.9,17.77,-2.15
16:43:45.568,38.1,24.0,18.89,14.81
16:43:45.647,81.7,21.6,3.12,21.37
16:43:45.647,126.7,41.0,-24.5,32.87
16:43:45.647,171.7,31.7,-31.37,4.58
16:43:45.647,216.7,108.9,-87.31,-65.08
16:43:45.647,261.7,72.9,-10.52,-72.14
16:43:45.647,306.7,16.1,9.62,-12.91
16:43:45.647,351.7,16.6,16.43,-2.4
16:43:45.647,36.7,24.8,19.88,14.82
16:43:45.738,80.2,22.8,3.88,22.47
16:43:45.738,125.2,41.0,-23.63,33.5
16:43:45.738,170.2,32.5,-32.03,5.53
16:43:45.738,215.2,109.7,-89.64,-63.23
16:43:45.738,260.2,72.9,-12.41,-71.84
16:43:45.738,305.2,16.1,9.28,-13.16
16:43:45.738,350.2,16.7,16.46,-2.84
16:43:45.738,35.2,24.8,20.27,14.3
16:43:45.813,78.8,20.6,4.0,20.21
16:43:45.813,123.8,39.4,-21.92,32.74
16:43:45.813,168.8,32.5,-31.88,6.31
16:43:45.813,213.8,107.9,-89.66,-60.02
16:43:45.813,258.8,72.9,-14.16,-71.51
16:43:45.813,303.8,16.1,8.96,-13.38
16:43:45.813,348.8,16.7,16.38,-3.24
16:43:45.813,33.8,26.3,21.85,14.63
16:43:45.895,77.4,20.6,4.49,20.1
16:43:45.895,122.4,18.6,-9.97,15.7
16:43:45.895,167.4,32.0,-31.23,6.98
16:43:45.895,212.4,108.2,-91.36,-57.98
16:43:45.895,257.4,73.8,-16.1,-72.02
16:43:45.895,302.4,16.4,8.79,-13.85
16:43:45.895,347.4,27.1,26.45,-5.91
16:43:45.895,32.4,26.3,22.21,14.09
16:43:45.983,76.0,18.4,4.45,17.85
16:43:45.983,121.0,16.4,-8.45,14.06
16:43:45.983,166.0,41.0,-39.78,9.92
16:43:45.983,211.0,107.3,-91.97,-55.26
16:43:45.983,256.0,75.1,-18.17,-72.87
16:43:45.983,301.0,16.4,8.45,-14.06
16:43:45.983,346.0,25.3,24.55,-6.12
16:43:45.983,31.0,26.0,22.29,13.39
16:43:46.061,74.6,20.9,5.55,20.15
16:43:46.061,119.6,16.4,-8.1,14.26
16:43:46.061,164.6,35.6,-34.32,9.45
16:43:46.061,209.6,107.6,-93.56,-53.15
16:43:46.061,254.6,73.8,-19.6,-71.15
16:43:46.061,299.6,16.4,8.1,-14.26
16:43:46.061,344.6,25.3,24.39,-6.72
16:43:46.061,29.6,26.0,22.61,12.84
16:43:46.136,73.2,20.9,6.04,20.01
16:43:46.136,118.2,16.4,-7.75,14.45
16:43:46.136,163.2,34.4,-32.93,9.94
16:43:46.136,208.2,49.8,-43.89,-23.53
16:43:46.136,253.2,73.4,-21.21,-70.27
16:43:46.136,298.2,16.4,7.75,-14.45
16:43:46.136,343.2,24.7,23.65,-7.14
16:43:46.136,28.2,25.7,22.65,12.14
16:43:46.212,71.9,18.4,5.72,17.49
16:43:46.212,116.9,16.4,-7.42,14.63
16:43:46.212,161.9,32.3,-30.7,10.03
16:43:46.212,206.9,49.8,-44.41,-22.53
16:43:46.212,251.9,74.8,-23.24,-71.1
16:43:46.212,296.9,16.4,7.42,-14.63
16:43:46.212,341.9,17.6,16.73,-5.47
16:43:46.212,26.9,26.6,23.72,12.03
16:43:46.289,70.6,18.4,6.11,17.36
16:43:46.289,115.6,16.4,-7.09,14.79
16:43:46.289,160.6,32.2,-30.37,10.7
16:43:46.289,205.6,49.8,-44.91,-21.52
16:43:46.289,250.6,73.0,-24.25,-68.86
16:43:46.289,295.6,16.4,7.09,-14.79
16:43:46.289,340.6,25.0,23.58,-8.3
16:43:46.289,25.6,27.2,24.53,11.75
16:43:46.367,69.2,18.7,6.64,17.48
16:43:46.367,114.2,16.4,-6.72,14.96
16:43:46.367,159.2,31.0,-28.98,11.01
16:43:46.367,204.2,49.8,-45.42,-20.41
16:43:46.367,249.2,76.2,-27.06,-71.23
16:43:46.367,294.2,16.4,6.72,-14.96
16:43:46.367,339.2,25.0,23.37,-8.88
16:43:46.367,24.2,29.5,26.91,12.09
16:43:46.443,67.9,18.7,7.04,17.33
16:43:46.443,112.9,16.4,-6.38,15.11
16:43:46.443,157.9,31.0,-28.72,11.66
16:43:46.443,202.9,49.8,-45.88,-19.38
16:43:46.443,247.9,28.1,-10.57,-26.04
16:43:46.443,292.9,16.4,6.38,-15.11
16:43:46.443,337.9,25.9,24.0,-9.74
16:43:46.443,22.9,44.0,40.53,17.12
16:43:46.519,66.6,20.9,8.3,19.18
16:43:46.519,111.6,17.7,-6.52,16.46
16:43:46.519,156.6,32.2,-29.55,12.79
16:43:46.519,201.6,80.3,-74.66,-29.56
16:43:46.519,246.6,24.6,-9.77,-22.58
16:43:46.519,291.6,16.4,6.04,-15.25
16:43:46.519,336.6,17.0,15.6,-6.75
16:43:46.519,21.6,29.7,27.61,10.93
16:43:46.597,65.3,23.1,9.65,20.99
16:43:46.597,110.3,35.9,-12.45,33.67
16:43:46.597,155.3,32.3,-29.34,13.5
16:43:46.597,200.3,79.4,-74.47,-27.55
16:43:46.597,245.3,22.8,-9.53,-20.71
16:43:46.597,290.3,16.4,5.69,-15.38
16:43:46.597,335.3,17.0,15.44,-7.1
16:43:46.597,20.3,50.3,47.18,17.45
16:43:46.676,64.0,22.8,9.99,20.49
16:43:46.676,109.0,37.1,-12.08,35.08
16:43:46.676,154.0,34.1,-30.65,14.95
16:43:46.676,199.0,73.5,-69.5,-23.93
16:43:46.676,244.0,26.6,-11.66,-23.91
16:43:46.676,289.0,18.0,5.86,-17.02
16:43:46.676,334.0,24.5,22.02,-10.74
16:43:46.676,19.0,30.1,28.46,9.8
16:43:46.754,62.6,21.6,9.94,19.18
16:43:46.754,107.6,36.2,-10.95,34.51
16:43:46.754,152.6,33.8,-30.01,15.55
16:43:46.754,197.6,70.0,-66.72,-21.17
16:43:46.754,242.6,27.8,-12.79,-24.68
16:43:46.754,287.6,17.0,5.14,-16.2
16:43:46.754,332.6,25.3,22.46,-11.64
16:43:46.754,17.6,30.8,29.36,9.31
16:43:46.831,61.3,24.6,11.81,21.58
16:43:46.831,106.3,36.2,-10.16,34.74
16:43:46.831,151.3,34.4,-30.17,16.52
16:43:46.831,196.3,69.5,-66.71,-19.51
16:43:46.831,241.3,23.4,-11.24,-20.53
16:43:46.831,286.3,17.0,4.77,-16.32
16:43:46.831,331.3,25.3,22.19,-12.15
16:43:46.831,16.3,30.3,29.08,8.5
16:43:46.907,59.9,20.0,10.03,17.3
16:43:46.907,104.9,35.7,-9.18,34.5
16:43:46.907,149.9,33.6,-29.07,16.85
16:43:46.907,194.9,69.6,-67.26,-17.9
16:43:46.907,239.9,22.6,-11.33,-19.55
16:43:46.907,284.9,17.1,4.4,-16.53
16:43:46.907,329.9,16.0,13.84,-8.02
16:43:46.907,14.9,30.3,29.28,7.79
16:43:46.986,58.6,17.7,9.22,15.11
16:43:46.986,103.6,36.9,-8.68,35.87
16:43:46.986,148.6,32.0,-27.31,16.67
16:43:46.986,193.6,69.6,-67.65,-16.37
16:43:46.986,238.6,20.3,-10.58,-17.33
16:43:46.986,283.6,35.8,8.42,-34.8
16:43:46.986,328.6,16.0,13.66,-8.34
16:43:46.986,13.6,29.7,28.87,6.98
16:43:47.063,57.3,16.8,9.08,14.14
16:43:47.063,102.3,36.4,-7.75,35.56
16:43:47.063,147.3,33.3,-28.02,17.99
16:43:47.063,192.3,69.5,-67.9,-14.81
16:43:47.063,237.3,19.3,-10.43,-16.24
16:43:47.063,282.3,16.4,3.49,-16.02
16:43:47.063,327.3,16.0,13.46,-8.64
16:43:47.063,12.3,29.7,29.02,6.33
16:43:47.139,56.0,17.1,9.56,14.18
16:43:47.139,101.0,35.9,-6.85,35.24
16:43:47.139,146.0,33.8,-28.02,18.9
16:43:47.139,191.0,75.8,-74.41,-14.46
16:43:47.139,236.0,18.4,-10.29,-15.25
16:43:47.139,281.0,16.1,3.07,-15.8
16:43:47.139,326.0,24.7,20.48,-13.81
16:43:47.139,11.0,30.5,29.94,5.82
16:43:47.217,54.7,17.4,10.05,14.2
16:43:47.217,99.7,36.6,-6.17,36.08
16:43:47.217,144.7,33.0,-26.93,19.07
16:43:47.217,189.7,71.2,-70.18,-12.0
16:43:47.217,234.7,17.4,-10.05,-14.2
16:43:47.217,279.7,17.4,2.93,-17.15
16:43:47.217,324.7,24.7,20.16,-14.27
16:43:47.217,9.7,30.5,30.06,5.14
16:43:47.295,53.3,17.4,10.4,13.95
16:43:47.295,98.3,36.2,-5.23,35.82
16:43:47.295,143.3,36.1,-28.94,21.57
16:43:47.295,188.3,73.4,-72.63,-10.6
16:43:47.295,233.3,17.7,-10.58,-14.19
16:43:47.295,278.3,17.4,2.51,-17.22
16:43:47.295,323.3,24.7,19.8,-14.76
16:43:47.295,8.3,30.5,30.18,4.4
16:43:47.383,52.0,17.1,10.53,13.47
16:43:47.383,97.0,36.2,-4.41,35.93
16:43:47.383,142.0,197.5,-155.63,121.59
16:43:47.383,187.0,73.4,-72.85,-8.95
16:43:47.383,232.0,17.7,-10.9,-13.95
16:43:47.383,277.0,18.7,2.28,-18.56
16:43:47.383,322.0,25.3,19.94,-15.58
16:43:47.383,7.0,22.2,22.03,2.71
16:43:47.477,50.5,17.0,10.81,13.12
16:43:47.477,95.5,35.9,-3.44,35.73
16:43:47.477,140.5,197.2,-152.16,125.43
16:43:47.477,185.5,73.0,-72.66,-7.0
16:43:47.477,230.5,16.8,-10.69,-12.96
16:43:47.477,275.5,18.4,1.76,-18.32
16:43:47.477,320.5,23.3,17.98,-14.82
16:43:47.477,5.5,21.2,21.1,2.03
16:43:47.557,49.0,17.1,11.22,12.91
16:43:47.557,94.0,34.6,-2.41,34.52
16:43:47.557,139.0,197.5,-149.06,129.57
16:43:47.557,184.0,73.4,-73.22,-5.12
16:43:47.557,229.0,17.1,-11.22,-12.91
16:43:47.557,274.0,17.0,1.19,-16.96
16:43:47.557,319.0,24.1,18.19,-15.81
16:43:47.557,4.0,21.2,21.15,1.48
16:43:47.638,47.5,18.4,12.43,13.57
16:43:47.638,92.5,32.0,-1.4,31.97
16:43:47.638,137.5,109.5,-80.73,73.98
16:43:47.638,182.5,73.8,-73.73,-3.22
16:43:47.638,227.5,16.1,-10.88,-11.87
16:43:47.638,272.5,17.1,0.75,-17.08
16:43:47.638,317.5,24.1,17.77,-16.28
16:43:47.638,2.5,22.8,22.78,0.99
16:43:47.722,46.1,40.2,27.87,28.97
16:43:47.722,91.1,31.5,-0.6,31.49
16:43:47.722,136.1,109.4,-78.83,75.86
16:43:47.722,181.1,73.3,-73.29,-1.41
16:43:47.722,226.1,16.1,-11.16,-11.6
16:43:47.722,271.1,17.1,0.33,-17.1
16:43:47.722,316.1,25.0,18.01,-17.34
16:43:47.722,1.1,21.5,21.5,0.41
16:43:47.803,44.7,38.6,27.44,27.15
16:43:47.803,89.7,32.8,0.17,32.8
16:43:47.803,134.7,108.5,-76.32,77.12
16:43:47.803,179.7,73.3,-73.3,0.38
16:43:47.803,224.7,16.4,-11.66,-11.54
16:43:47.803,269.7,16.7,-0.09,-16.7
16:43:47.803,314.7,25.9,18.22,-18.41
16:43:47.803,359.7,19.3,19.3,-0.1
16:43:47.885,43.3,17.7,12.88,12.14
16:43:47.885,88.3,37.1,1.1,37.08
16:43:47.885,133.3,108.5,-74.41,78.96
16:43:47.885,178.3,73.3,-73.27,2.17
16:43:47.885,223.3,16.4,-11.94,-11.25
16:43:47.885,268.3,17.1,-0.51,-17.09
16:43:47.885,313.3,25.6,17.56,-18.63
16:43:47.885,358.3,20.6,20.59,-0.61
16:43:47.983,41.8,16.4,12.23,10.93
16:43:47.983,86.8,33.9,1.89,33.85
16:43:47.983,131.8,107.9,-71.92,80.44
16:43:47.983,176.8,73.0,-72.89,4.07
16:43:47.983,221.8,16.4,-12.23,-10.93
16:43:47.983,266.8,27.2,-1.52,-27.16
16:43:47.983,311.8,26.5,17.66,-19.76
16:43:47.983,356.8,20.6,20.57,-1.15
16:43:48.047,40.4,16.4,12.49,10.63
16:43:48.047,85.4,33.9,2.72,33.79
16:43:48.047,130.4,47.3,-30.66,36.02
16:43:48.047,175.4,74.3,-74.06,5.96
16:43:48.047,220.4,16.4,-12.49,-10.63
16:43:48.047,265.4,17.1,-1.37,-17.04
16:43:48.047,310.4,25.3,16.4,-19.27
16:43:48.047,355.4,20.9,20.83,-1.68
16:43:48.136,39.1,16.4,12.73,10.34
16:43:48.136,84.1,33.9,3.48,33.72
16:43:48.136,129.1,46.8,-29.52,36.32
16:43:48.136,174.1,74.3,-73.91,7.64
16:43:48.136,219.1,16.4,-12.73,-10.34
16:43:48.136,264.1,24.0,-2.47,-23.87
16:43:48.136,309.1,26.2,16.52,-20.33
16:43:48.136,354.1,20.9,20.79,-2.15
16:43:48.202,37.8,16.4,12.96,10.05
16:43:48.202,82.8,33.9,4.25,33.63
16:43:48.202,127.8,46.9,-28.75,37.06
16:43:48.202,172.8,74.8,-74.21,9.37
16:43:48.202,217.8,16.4,-12.96,-10.05
16:43:48.202,262.8,25.7,-3.22,-25.5
16:43:48.202,307.8,25.9,15.87,-20.47
16:43:48.202,352.8,19.6,19.45,-2.46
16:43:48.278,36.4,16.4,13.2,9.73
16:43:48.278,81.4,33.1,4.95,32.73
16:43:48.278,126.4,46.4,-27.53,37.35
16:43:48.278,171.4,75.3,-74.45,11.26
16:43:48.278,216.4,16.4,-13.2,-9.73
16:43:48.278,261.4,25.2,-3.77,-24.92
16:43:48.278,306.4,25.9,15.37,-20.85
16:43:48.278,351.4,18.3,18.09,-2.74
16:43:48.356,35.1,16.4,13.42,9.43
16:43:48.356,80.1,31.8,5.47,31.33
16:43:48.356,125.1,46.4,-26.68,37.96
16:43:48.356,170.1,75.8,-74.67,13.03
16:43:48.356,215.1,16.4,-13.42,-9.43
16:43:48.356,260.1,17.7,-3.04,-17.44
16:43:48.356,305.1,26.5,15.24,-21.68
16:43:48.356,350.1,18.3,18.03,-3.15
16:43:48.436,33.8,16.4,13.63,9.12
16:43:48.436,78.8,31.8,6.18,31.19
16:43:48.436,123.8,46.4,-25.81,38.56
16:43:48.436,168.8,76.2,-74.75,14.8
16:43:48.436,213.8,16.4,-13.63,-9.12
16:43:48.436,258.8,25.5,-4.95,-25.01
16:43:48.436,303.8,30.9,17.19,-25.68
16:43:48.436,348.8,18.3,17.95,-3.55
16:43:48.513,32.5,16.4,13.83,8.81
16:43:48.513,77.5,31.8,6.88,31.05
16:43:48.513,122.5,46.4,-24.93,39.13
16:43:48.513,167.5,76.3,-74.49,16.51
16:43:48.513,212.5,16.4,-13.83,-8.81
16:43:48.513,257.5,25.4,-5.5,-24.8
16:43:48.513,302.5,30.9,16.6,-26.06
16:43:48.513,347.5,19.6,19.14,-4.24
16:43:48.586,31.1,16.4,14.04,8.47
16:43:48.586,76.1,32.3,7.76,31.35
16:43:48.586,121.1,48.7,-25.16,41.7
16:43:48.586,166.1,25.9,-25.14,6.22
16:43:48.586,211.1,16.4,-14.04,-8.47
16:43:48.586,256.1,17.1,-4.11,-16.6
16:43:48.586,301.1,31.2,16.12,-26.72
16:43:48.586,346.1,21.8,21.16,-5.24
16:43:48.661,29.9,17.7,15.34,8.82
16:43:48.661,74.9,33.6,8.75,32.44
16:43:48.661,119.9,48.7,-24.28,42.22
16:43:48.661,164.9,28.0,-27.03,7.29
16:43:48.661,209.9,16.4,-14.22,-8.18
16:43:48.661,254.9,17.1,-4.45,-16.51
16:43:48.661,299.9,29.9,14.9,-25.92
16:43:48.661,344.9,22.8,22.01,-5.94
16:43:48.737,28.6,17.4,15.28,8.33
16:43:48.737,73.6,35.4,9.99,33.96
16:43:48.737,118.6,73.7,-35.28,64.71
16:43:48.737,163.6,27.1,-26.0,7.65
16:43:48.737,208.6,16.7,-14.66,-7.99
16:43:48.737,253.6,17.1,-4.83,-16.4
16:43:48.737,298.6,32.0,15.32,-28.1
16:43:48.737,343.6,19.0,18.23,-5.36
16:43:48.813,27.3,17.4,15.46,7.98
16:43:48.813,72.3,34.6,10.52,32.96
16:43:48.813,117.3,50.0,-22.93,44.43
16:43:48.813,162.3,28.8,-27.44,8.76
16:43:48.813,207.3,18.0,-16.0,-8.26
16:43:48.813,252.3,24.0,-7.3,-22.86
16:43:48.813,297.3,30.3,13.9,-26.93
16:43:48.813,342.3,19.0,18.1,-5.78
16:43:48.888,26.0,36.3,32.63,15.91
16:43:48.888,71.0,33.9,11.04,32.05
16:43:48.888,116.0,49.6,-21.74,44.58
16:43:48.888,161.0,24.8,-23.45,8.07
16:43:48.888,206.0,16.1,-14.47,-7.06
16:43:48.888,251.0,24.9,-8.11,-23.54
16:43:48.888,296.0,30.3,13.28,-27.23
16:43:48.888,341.0,20.3,19.19,-6.61
16:43:48.966,24.7,37.0,33.61,15.46
16:43:48.966,69.7,34.4,11.93,32.26
16:43:48.966,114.7,56.4,-23.57,51.24
16:43:48.966,159.7,25.6,-24.01,8.88
16:43:48.966,204.7,18.4,-16.72,-7.69
16:43:48.966,249.7,16.1,-5.59,-15.1
16:43:48.966,294.7,29.6,12.37,-26.89
16:43:48.966,339.7,19.9,18.66,-6.9
16:43:49.044,23.3,34.8,31.96,13.76
16:43:49.044,68.3,33.6,12.42,31.22
16:43:49.044,113.3,69.1,-27.33,63.46
16:43:49.044,158.3,23.3,-21.65,8.62
16:43:49.044,203.3,20.3,-18.64,-8.03
16:43:49.044,248.3,16.1,-5.95,-14.96
16:43:49.044,293.3,30.4,12.02,-27.92
16:43:49.044,338.3,36.9,34.28,-13.64
16:43:49.120,22.0,34.7,32.17,13.0
16:43:49.120,67.0,34.1,13.32,31.39
16:43:49.120,112.0,68.7,-25.74,63.7
16:43:49.120,157.0,20.2,-18.59,7.89
16:43:49.120,202.0,17.7,-16.41,-6.63
16:43:49.120,247.0,16.1,-6.29,-14.82
16:43:49.120,292.0,29.9,11.2,-27.72
16:43:49.120,337.0,23.7,21.82,-9.26
16:43:49.195,20.7,34.2,31.99,12.09
16:43:49.195,65.7,33.3,13.7,30.35
16:43:49.195,110.7,68.7,-24.28,64.27
16:43:49.195,155.7,18.0,-16.41,7.41
16:43:49.195,200.7,16.4,-15.34,-5.8
16:43:49.195,245.7,16.1,-6.63,-14.67
16:43:49.195,290.7,29.9,10.57,-27.97
16:43:49.195,335.7,19.3,17.59,-7.94
16:43:49.272,19.4,34.3,32.35,11.39
16:43:49.272,64.4,35.9,15.51,32.38
16:43:49.272,109.4,56.7,-18.83,53.48
16:43:49.272,154.4,18.0,-16.23,7.78
16:43:49.272,199.4,16.4,-15.47,-5.45
16:43:49.272,244.4,16.1,-6.96,-14.52
16:43:49.272,289.4,29.9,9.93,-28.2
16:43:49.272,334.4,30.2,27.24,-13.05
16:43:49.359,18.1,35.0,33.27,10.87
16:43:49.359,63.1,198.3,89.72,176.84
16:43:49.359,108.1,73.7,-22.9,70.05
16:43:49.359,153.1,18.3,-16.32,8.28
16:43:49.359,198.1,17.4,-16.54,-5.41
16:43:49.359,243.1,16.1,-7.28,-14.36
16:43:49.359,288.1,29.9,9.29,-28.42
16:43:49.359,333.1,43.1,38.44,-19.5
16:43:49.447,16.6,36.3,34.79,10.37
16:43:49.447,61.6,198.3,94.32,174.43
16:43:49.447,106.6,74.1,-21.17,71.01
16:43:49.447,151.6,17.3,-15.22,8.23
16:43:49.447,196.6,18.7,-17.92,-5.34
16:43:49.447,241.6,24.9,-11.84,-21.9
16:43:49.447,286.6,29.9,8.54,-28.65
16:43:49.447,331.6,17.0,14.95,-8.09
16:43:49.533,15.1,32.1,30.99,8.36
16:43:49.533,60.1,197.5,98.45,171.21
16:43:49.533,105.1,74.1,-19.3,71.54
16:43:49.533,150.1,16.3,-14.13,8.13
16:43:49.533,195.1,18.7,-18.05,-4.87
16:43:49.533,240.1,25.7,-12.81,-22.28
16:43:49.533,285.1,29.9,7.79,-28.87
16:43:49.533,330.1,17.4,15.08,-8.67
16:43:49.619,13.6,30.8,29.94,7.24
16:43:49.619,58.6,197.5,102.9,168.58
16:43:49.619,103.6,73.6,-17.31,71.54
16:43:49.619,148.6,16.7,-14.25,8.7
16:43:49.619,193.6,17.1,-16.62,-4.02
16:43:49.619,238.6,23.7,-12.35,-20.23
16:43:49.619,283.6,21.4,5.03,-20.8
16:43:49.619,328.6,16.4,14.0,-8.54
16:43:49.704,12.2,32.1,31.38,6.78
16:43:49.704,57.2,198.0,107.26,166.43
16:43:49.704,102.2,73.5,-15.53,71.84
16:43:49.704,147.2,16.7,-14.04,9.05
16:43:49.704,192.2,17.1,-16.71,-3.61
16:43:49.704,237.2,24.6,-13.33,-20.68
16:43:49.704,282.2,22.7,4.8,-22.19
16:43:49.704,327.2,16.4,13.79,-8.88
16:43:49.792,10.7,32.9,32.33,6.11
16:43:49.792,55.7,198.9,112.09,164.31
16:43:49.792,100.7,73.1,-13.57,71.83
16:43:49.792,145.7,17.0,-14.04,9.58
16:43:49.792,190.7,17.1,-16.8,-3.17
16:43:49.792,235.7,24.6,-13.86,-20.32
16:43:49.792,280.7,21.8,4.05,-21.42
16:43:49.792,325.7,17.7,14.62,-9.97
16:43:49.874,9.2,34.2,33.76,5.47
16:43:49.874,54.2,109.8,64.23,89.05
16:43:49.874,99.2,74.0,-11.83,73.05
16:43:49.874,144.2,16.0,-12.98,9.36
16:43:49.874,189.2,17.1,-16.88,-2.73
16:43:49.874,234.2,25.2,-14.74,-20.44
16:43:49.874,279.2,22.1,3.53,-21.82
16:43:49.874,324.2,38.6,31.31,-22.58
16:43:49.957,7.8,35.5,35.17,4.82
16:43:49.957,52.8,108.8,65.78,86.66
16:43:49.957,97.8,73.5,-9.98,72.82
16:43:49.957,142.8,16.0,-12.74,9.67
16:43:49.957,187.8,17.1,-16.94,-2.32
16:43:49.957,232.8,25.2,-15.24,-20.07
16:43:49.957,277.8,20.8,2.82,-20.61
16:43:49.957,322.8,17.4,13.86,-10.52
16:43:50.040,6.4,34.8,34.58,3.88
16:43:50.040,51.4,108.7,67.82,84.95
16:43:50.040,96.4,73.5,-8.19,73.04
16:43:50.040,141.4,16.0,-12.5,9.98
16:43:50.040,186.4,20.3,-20.17,-2.26
16:43:50.040,231.4,26.6,-16.6,-20.79
16:43:50.040,276.4,19.9,2.22,-19.78
16:43:50.040,321.4,16.1,12.58,-10.04
16:43:50.121,4.9,34.8,34.67,2.97
16:43:50.121,49.9,108.3,69.76,82.84
16:43:50.121,94.9,74.4,-6.36,74.13
16:43:50.121,139.9,16.4,-12.54,10.56
16:43:50.121,184.9,18.7,-18.63,-1.6
16:43:50.121,229.9,25.7,-16.55,-19.66
16:43:50.121,274.9,19.8,1.69,-19.73
16:43:50.121,319.9,17.4,13.31,-11.21
16:43:50.204,3.5,34.8,34.74,2.12
16:43:50.204,48.5,108.2,71.7,81.04
16:43:50.204,93.5,74.5,-4.55,74.36
16:43:50.204,138.5,16.3,-12.21,10.8
16:43:50.204,183.5,24.9,-24.85,-1.52
16:43:50.204,228.5,25.7,-17.03,-19.25
16:43:50.204,273.5,19.8,1.21,-19.76
16:43:50.204,318.5,16.4,12.28,-10.87
16:43:50.283,2.1,34.0,33.98,1.25
16:43:50.283,47.1,46.1,31.38,33.77
16:43:50.283,92.1,75.4,-2.76,75.35
16:43:50.283,137.1,16.3,-11.94,11.1
16:43:50.283,182.1,25.2,-25.18,-0.92
16:43:50.283,227.1,26.3,-17.9,-19.27
16:43:50.283,272.1,21.1,0.77,-21.09
16:43:50.283,317.1,16.4,12.01,-11.16
16:43:50.368,0.8,33.2,33.2,0.46
16:43:50.368,45.8,107.2,74.74,76.85
16:43:50.368,90.8,73.2,-1.02,73.19
16:43:50.368,135.8,16.4,-11.76,11.43
16:43:50.368,180.8,19.3,-19.3,-0.27
16:43:50.368,225.8,26.0,-18.13,-18.64
16:43:50.368,270.8,21.1,0.29,-21.1
16:43:50.368,315.8,16.1,11.54,-11.22
16:43:50.445,0.0,31.9,31.9,0.0
16:43:50.445,45.0,49.8,35.21,35.21
16:43:50.445,90.0,75.6,0.0,75.6
16:43:50.445,135.0,16.4,-11.6,11.6
16:43:50.445,180.0,24.6,-24.6,0.0
16:43:50.445,225.0,26.0,-18.38,-18.38
16:43:50.445,270.0,21.1,-0.0,-21.1
16:43:50.445,315.0,16.1,11.38,-11.38
16:43:50.523,0.0,31.9,31.9,0.0
16:43:50.523,45.0,107.1,75.73,75.73
16:43:50.523,90.0,75.2,0.0,75.2
16:43:50.523,135.0,16.4,-11.6,11.6
16:43:50.523,180.0,24.6,-24.6,0.0
16:43:50.523,225.0,27.8,-19.66,-19.66
16:43:50.523,270.0,21.1,-0.0,-21.1
16:43:50.523,315.0,16.1,11.38,-11.38
16:43:50.604,0.0,31.9,31.9,0.0
16:43:50.604,45.0,45.3,32.03,32.03
16:43:50.604,90.0,75.6,0.0,75.6
16:43:50.604,135.0,16.4,-11.6,11.6
16:43:50.604,180.0,24.6,-24.6,0.0
16:43:50.604,225.0,27.8,-19.66,-19.66
16:43:50.604,270.0,21.1,-0.0,-21.1
16:43:50.604,315.0,16.1,11.38,-11.38
16:43:50.681,0.0,31.9,31.9,0.0
16:43:50.681,45.0,46.3,32.74,32.74
16:43:50.681,90.0,76.0,0.0,76.0
16:43:50.681,135.0,16.4,-11.6,11.6
16:43:50.681,180.0,24.6,-24.6,0.0
16:43:50.681,225.0,27.8,-19.66,-19.66
16:43:50.681,270.0,21.1,-0.0,-21.1
16:43:50.681,315.0,16.1,11.38,-11.38
16:43:50.760,0.0,32.0,32.0,0.0
16:43:50.760,45.0,45.5,32.17,32.17
16:43:50.760,90.0,76.0,0.0,76.0
16:43:50.760,135.0,16.3,-11.53,11.53
16:43:50.760,180.0,24.6,-24.6,0.0
16:43:50.760,225.0,27.8,-19.66,-19.66
16:43:50.760,270.0,21.1,-0.0,-21.1
16:43:50.760,315.0,16.1,11.38,-11.38
16:43:50.837,0.0,31.9,31.9,0.0
16:43:50.837,45.0,62.7,44.34,44.34
16:43:50.837,90.0,75.6,0.0,75.6
16:43:50.837,135.0,16.3,-11.53,11.53
16:43:50.837,180.0,24.6,-24.6,0.0
16:43:50.837,225.0,27.8,-19.66,-19.66
16:43:50.837,270.0,21.1,-0.0,-21.1
16:43:50.837,315.0,16.1,11.38,-11.38
16:43:50.918,0.0,31.9,31.9,0.0
16:43:50.918,45.0,107.1,75.73,75.73
16:43:50.918,90.0,75.6,0.0,75.6
16:43:50.918,135.0,16.4,-11.6,11.6
16:43:50.918,180.0,24.6,-24.6,0.0
16:43:50.918,225.0,27.8,-19.66,-19.66
16:43:50.918,270.0,21.1,-0.0,-21.1
16:43:50.918,315.0,16.1,11.38,-11.38
16:43:50.995,0.0,31.9,31.9,0.0
16:43:50.995,45.0,44.5,31.47,31.47
16:43:50.995,90.0,75.6,0.0,75.6
16:43:50.995,135.0,16.3,-11.53,11.53
16:43:50.995,180.0,24.6,-24.6,0.0
16:43:50.995,225.0,27.8,-19.66,-19.66
16:43:50.995,270.0,17.6,-0.0,-17.6
16:43:50.995,315.0,16.1,11.38,-11.38
16:43:51.073,0.0,31.9,31.9,0.0
16:43:51.073,45.0,45.3,32.03,32.03
16:43:51.073,90.0,75.6,0.0,75.6
16:43:51.073,135.0,16.4,-11.6,11.6
16:43:51.073,180.0,24.6,-24.6,0.0
16:43:51.073,225.0,27.8,-19.66,-19.66
16:43:51.073,270.0,18.6,-0.0,-18.6
16:43:51.073,315.0,16.1,11.38,-11.38
16:43:51.163,0.0,31.9,31.9,0.0
16:43:51.163,45.0,106.7,75.45,75.45
16:43:51.163,90.0,75.2,0.0,75.2
16:43:51.163,135.0,16.3,-11.53,11.53
16:43:51.163,180.0,24.6,-24.6,0.0
16:43:51.163,225.0,27.8,-19.66,-19.66
16:43:51.163,270.0,19.8,-0.0,-19.8
16:43:51.163,315.0,16.1,11.38,-11.38
16:43:51.238,0.0,31.9,31.9,0.0
16:43:51.238,45.0,106.8,75.52,75.52
16:43:51.238,90.0,75.2,0.0,75.2
16:43:51.238,135.0,16.4,-11.6,11.6
16:43:51.238,180.0,24.6,-24.6,0.0
16:43:51.238,225.0,27.8,-19.66,-19.66
16:43:51.238,270.0,21.1,-0.0,-21.1
16:43:51.238,315.0,16.1,11.38,-11.38
16:43:51.315,0.0,31.9,31.9,0.0
16:43:51.315,45.0,44.7,31.61,31.61
16:43:51.315,90.0,76.0,0.0,76.0
16:43:51.315,135.0,16.4,-11.6,11.6
16:43:51.315,180.0,24.6,-24.6,0.0
16:43:51.315,225.0,27.8,-19.66,-19.66
16:43:51.315,270.0,21.1,-0.0,-21.1
16:43:51.315,315.0,16.1,11.38,-11.38
16:43:51.394,0.0,31.9,31.9,0.0
16:43:51.394,45.0,46.9,33.16,33.16
16:43:51.394,90.0,76.0,0.0,76.0
16:43:51.394,135.0,16.3,-11.53,11.53
16:43:51.394,180.0,24.6,-24.6,0.0
16:43:51.394,225.0,27.8,-19.66,-19.66
16:43:51.394,270.0,21.1,-0.0,-21.1
16:43:51.394,315.0,16.1,11.38,-11.38
16:43:51.474,0.0,31.9,31.9,0.0
16:43:51.474,45.0,44.3,31.32,31.32
16:43:51.474,90.0,76.0,0.0,76.0
16:43:51.474,135.0,16.3,-11.53,11.53
16:43:51.474,180.0,24.6,-24.6,0.0
16:43:51.474,225.0,27.8,-19.66,-19.66
16:43:51.474,270.0,21.1,-0.0,-21.1
16:43:51.474,315.0,16.1,11.38,-11.38
16:43:51.552,1.4,31.9,31.89,0.78
16:43:51.552,46.4,62.3,42.96,45.12
16:43:51.552,91.4,76.0,-1.86,75.98
16:43:51.552,136.4,16.4,-11.88,11.31
16:43:51.552,181.4,24.6,-24.59,-0.6
16:43:51.552,226.4,27.8,-19.17,-20.13
16:43:51.552,271.4,19.9,0.49,-19.89
16:43:51.552,316.4,16.1,11.66,-11.1
16:43:51.632,2.8,31.9,31.86,1.56
16:43:51.632,47.8,61.4,41.24,45.49
16:43:51.632,92.8,76.0,-3.71,75.91
16:43:51.632,137.8,16.4,-12.15,11.02
16:43:51.632,182.8,24.6,-24.57,-1.2
16:43:51.632,227.8,26.9,-18.07,-19.93
16:43:51.632,272.8,19.9,0.97,-19.88
16:43:51.632,317.8,16.1,11.93,-10.81
16:43:51.717,4.3,31.9,31.81,2.39
16:43:51.717,49.3,70.1,45.71,53.15
16:43:51.717,94.3,75.6,-5.67,75.39
16:43:51.717,139.3,16.4,-12.43,10.69
16:43:51.717,184.3,24.6,-24.53,-1.84
16:43:51.717,229.3,25.2,-16.43,-19.1
16:43:51.717,274.3,19.9,1.49,-19.84
16:43:51.717,319.3,16.1,12.21,-10.5
16:43:51.788,5.7,31.9,31.74,3.17
16:43:51.788,50.7,45.9,29.07,35.52
16:43:51.788,95.7,75.5,-7.5,75.13
16:43:51.788,140.7,16.3,-12.61,10.32
16:43:51.788,185.7,19.3,-19.2,-1.92
16:43:51.788,230.7,26.0,-16.47,-20.12
16:43:51.788,275.7,19.9,1.98,-19.8
16:43:51.788,320.7,16.1,12.46,-10.2
16:43:51.870,7.1,33.2,32.95,4.1
16:43:51.870,52.1,49.6,30.47,39.14
16:43:51.870,97.1,72.8,-9.0,72.24
16:43:51.870,142.1,16.3,-12.86,10.01
16:43:51.870,187.1,25.2,-25.01,-3.11
16:43:51.870,232.1,27.2,-16.71,-21.46
16:43:51.870,277.1,19.9,2.46,-19.75
16:43:51.870,322.1,16.1,12.7,-9.89
16:43:51.949,8.5,34.0,33.63,5.03
16:43:51.949,53.5,107.8,64.12,86.66
16:43:51.949,98.5,75.0,-11.09,74.18
16:43:51.949,143.5,16.3,-13.1,9.7
16:43:51.949,188.5,24.0,-23.74,-3.55
16:43:51.949,233.5,26.6,-15.82,-21.38
16:43:51.949,278.5,19.9,2.94,-19.68
16:43:51.949,323.5,16.4,13.18,-9.76
16:43:52.030,10.0,35.3,34.76,6.13
16:43:52.030,55.0,107.8,61.83,88.3
16:43:52.030,100.0,74.1,-12.87,72.97
16:43:52.030,145.0,16.3,-13.35,9.35
16:43:52.030,190.0,18.7,-18.42,-3.25
16:43:52.030,235.0,25.7,-14.74,-21.05
16:43:52.030,280.0,21.1,3.66,-20.78
16:43:52.030,325.0,16.4,13.43,-9.41
16:43:52.114,11.5,36.0,35.28,7.18
16:43:52.114,56.5,108.7,60.0,90.64
16:43:52.114,101.5,74.9,-14.93,73.4
16:43:52.114,146.5,16.0,-13.34,8.83
16:43:52.114,191.5,20.0,-19.6,-3.99
16:43:52.114,236.5,26.6,-14.68,-22.18
16:43:52.114,281.5,19.9,3.97,-19.5
16:43:52.114,326.5,17.4,14.51,-9.6
16:43:52.195,12.9,35.5,34.6,7.93
16:43:52.195,57.9,108.7,57.76,92.08
16:43:52.195,102.9,74.4,-16.61,72.52
16:43:52.195,147.9,16.0,-13.55,8.5
16:43:52.195,192.9,17.1,-16.67,-3.82
16:43:52.195,237.9,25.2,-13.39,-21.35
16:43:52.195,282.9,20.8,4.64,-20.28
16:43:52.195,327.9,18.7,15.84,-9.94
16:43:52.278,14.4,36.3,35.16,9.03
16:43:52.278,59.4,109.3,55.64,94.08
16:43:52.278,104.4,73.5,-18.28,71.19
16:43:52.278,149.4,16.0,-13.77,8.14
16:43:52.278,194.4,17.1,-16.56,-4.25
16:43:52.278,239.4,26.0,-13.24,-22.38
16:43:52.278,284.4,22.1,5.5,-21.41
16:43:52.278,329.4,39.0,33.57,-19.85
16:43:52.368,15.9,33.7,32.41,9.23
16:43:52.368,60.9,199.0,96.78,173.88
16:43:52.368,105.9,74.0,-20.27,71.17
16:43:52.368,150.9,16.0,-13.98,7.78
16:43:52.368,195.9,17.1,-16.45,-4.68
16:43:52.368,240.9,24.6,-11.96,-21.49
16:43:52.368,285.9,21.8,5.97,-20.97
16:43:52.368,330.9,50.1,43.78,-24.37
16:43:52.453,17.5,31.6,30.14,9.5
16:43:52.453,62.5,198.9,91.84,176.43
16:43:52.453,107.5,72.7,-21.86,69.34
16:43:52.453,152.5,17.0,-15.08,7.85
16:43:52.453,197.5,17.1,-16.31,-5.14
16:43:52.453,242.5,23.7,-10.94,-21.02
16:43:52.453,287.5,21.5,6.47,-20.5
16:43:52.453,332.5,16.4,14.55,-7.57
16:43:52.540,19.1,33.4,31.56,10.93
16:43:52.540,64.1,197.5,86.27,177.66
16:43:52.540,109.1,73.2,-23.95,69.17
16:43:52.540,154.1,16.7,-15.02,7.29
16:43:52.540,199.1,18.4,-17.39,-6.02
16:43:52.540,244.1,24.6,-10.75,-22.13
16:43:52.540,289.1,29.9,9.78,-28.25
16:43:52.540,334.1,14.7,13.22,-6.42
16:43:52.632,20.6,33.7,31.55,11.86
16:43:52.632,65.6,197.6,81.63,179.95
16:43:52.632,110.6,73.6,-25.9,68.89
16:43:52.632,155.6,16.3,-14.84,6.73
16:43:52.632,200.6,18.7,-17.5,-6.58
16:43:52.632,245.6,25.7,-10.62,-23.4
16:43:52.632,290.6,29.9,10.52,-27.99
16:43:52.632,335.6,34.7,31.6,-14.33
16:43:52.714,22.2,12.0,11.11,4.53
16:43:52.714,67.2,198.0,76.73,182.53
16:43:52.714,112.2,74.1,-28.0,68.61
16:43:52.714,157.2,17.3,-15.95,6.7
16:43:52.714,202.2,18.7,-17.31,-7.07
16:43:52.714,247.2,24.9,-9.65,-22.95
16:43:52.714,292.2,29.9,11.3,-27.68
16:43:52.714,337.2,34.7,31.99,-13.45
16:43:52.802,23.8,17.1,15.65,6.9
16:43:52.802,68.8,201.5,72.87,187.86
16:43:52.802,113.8,74.6,-30.1,68.26
16:43:52.802,158.8,18.3,-17.06,6.62
16:43:52.802,203.8,17.4,-15.92,-7.02
16:43:52.802,248.8,16.1,-5.82,-15.01
16:43:52.802,293.8,29.9,12.07,-27.36
16:43:52.802,338.8,37.6,35.06,-13.6
16:43:52.885,25.4,36.5,32.97,15.66
16:43:52.885,70.4,8.9,2.99,8.38
16:43:52.885,115.4,4.6,-1.97,4.16
16:43:52.885,160.4,18.0,-16.96,6.04
16:43:52.885,205.4,16.4,-14.81,-7.03
16:43:52.885,250.4,16.1,-5.4,-15.17
16:43:52.885,295.4,29.9,12.83,-27.01
16:43:52.885,340.4,40.6,38.25,-13.62
16:43:52.949,26.7,35.3,31.54,15.86
16:43:52.949,71.7,34.4,10.8,32.66
16:43:52.949,116.7,10.6,-4.76,9.47
16:43:52.949,161.7,18.9,-17.94,5.93
16:43:52.949,206.7,17.7,-15.81,-7.95
16:43:52.949,251.7,16.1,-5.06,-15.29
16:43:52.949,296.7,29.9,13.43,-26.71
16:43:52.949,341.7,20.9,19.84,-6.56
16:43:53.025,28.0,36.8,32.49,17.28
16:43:53.025,73.0,36.2,10.58,34.62
16:43:53.025,118.0,8.5,-3.99,7.51
16:43:53.025,163.0,21.2,-20.27,6.2
16:43:53.025,208.0,19.0,-16.78,-8.92
16:43:53.025,253.0,16.1,-4.71,-15.4
16:43:53.025,298.0,30.4,14.27,-26.84
16:43:53.025,343.0,20.9,19.99,-6.11
16:43:53.099,29.4,37.2,32.41,18.26
16:43:53.099,74.4,33.8,9.09,32.55
16:43:53.099,119.4,5.2,-2.55,4.53
16:43:53.099,164.4,29.1,-28.03,7.83
16:43:53.099,209.4,26.6,-23.17,-13.06
16:43:53.099,254.4,16.1,-4.33,-15.51
16:43:53.099,299.4,29.6,14.53,-25.79
16:43:53.099,344.4,21.2,20.42,-5.7
16:43:53.180,30.7,36.3,31.21,18.53
16:43:53.180,75.7,33.6,8.3,32.56
16:43:53.180,120.7,4.9,-2.5,4.21
16:43:53.180,165.7,24.7,-23.93,6.1
16:43:53.180,210.7,16.1,-13.84,-8.22
16:43:53.180,255.7,24.9,-6.15,-24.13
16:43:53.180,300.7,30.3,15.47,-26.05
16:43:53.180,345.7,33.4,32.37,-8.25
16:43:53.252,32.1,36.3,30.75,19.29
16:43:53.252,77.1,34.1,7.61,33.24
16:43:53.252,122.1,3.0,-1.59,2.54
16:43:53.252,167.1,28.2,-27.49,6.3
16:43:53.252,212.1,18.4,-15.59,-9.78
16:43:53.252,257.1,17.1,-3.82,-16.67
16:43:53.252,302.1,30.2,16.05,-25.58
16:43:53.252,347.1,21.6,21.05,-4.82
16:43:53.320,33.4,37.2,31.06,20.48
16:43:53.320,78.4,32.3,6.49,31.64
16:43:53.320,123.4,3.3,-1.82,2.75
16:43:53.320,168.4,27.1,-26.55,5.45
16:43:53.320,213.4,16.7,-13.94,-9.19
16:43:53.320,258.4,17.1,-3.44,-16.75
16:43:53.320,303.4,29.9,16.46,-24.96
16:43:53.320,348.4,20.6,20.18,-4.14
16:43:53.394,34.7,36.0,29.6,20.49
16:43:53.394,79.7,33.1,5.92,32.57
16:43:53.394,124.7,3.6,-2.05,2.96
16:43:53.394,169.7,28.0,-27.55,5.01
16:43:53.394,214.7,16.4,-13.48,-9.34
16:43:53.394,259.7,17.1,-3.06,-16.82
16:43:53.394,304.7,29.9,17.02,-24.58
16:43:53.394,349.7,20.6,20.27,-3.68
16:43:53.471,36.0,36.0,29.12,21.16
16:43:53.471,81.0,32.5,5.08,32.1
16:43:53.471,126.0,3.0,-1.76,2.43
16:43:53.471,171.0,26.8,-26.47,4.19
16:43:53.471,216.0,16.4,-13.27,-9.64
16:43:53.471,261.0,26.3,-4.11,-25.98
16:43:53.471,306.0,59.9,35.21,-48.46
16:43:53.471,351.0,20.6,20.35,-3.22
16:43:53.549,37.4,39.8,31.62,24.17
16:43:53.549,82.4,33.3,4.4,33.01
16:43:53.549,127.4,3.3,-2.0,2.62
16:43:53.549,172.4,76.7,-76.03,10.14
16:43:53.549,217.4,16.4,-13.03,-9.96
16:43:53.549,262.4,25.5,-3.37,-25.28
16:43:53.549,307.4,29.6,17.98,-23.51
16:43:53.549,352.4,20.9,20.72,-2.76
16:43:53.626,38.8,37.7,29.38,23.62
16:43:53.626,83.8,36.4,3.93,36.19
16:43:53.626,128.8,3.0,-1.88,2.34
16:43:53.626,173.8,76.2,-75.75,8.23
16:43:53.626,218.8,16.4,-12.78,-10.28
16:43:53.626,263.8,19.0,-2.05,-18.89
16:43:53.626,308.8,26.5,16.61,-20.65
16:43:53.626,353.8,19.6,19.49,-2.12
16:43:53.704,40.2,36.8,28.11,23.75
16:43:53.704,85.2,40.5,3.39,40.36
16:43:53.704,130.2,4.0,-2.58,3.06
16:43:53.704,175.2,75.8,-75.53,6.34
16:43:53.704,220.2,16.4,-12.53,-10.59
16:43:53.704,265.2,25.2,-2.11,-25.11
16:43:53.704,310.2,25.9,16.72,-19.78
16:43:53.704,355.2,19.6,19.53,-1.64
16:43:53.782,41.6,36.3,27.15,24.1
16:43:53.782,86.6,35.2,2.09,35.14
16:43:53.782,131.6,3.9,-2.59,2.92
16:43:53.782,176.6,76.1,-75.97,4.51
16:43:53.782,221.6,16.4,-12.26,-10.89
16:43:53.782,266.6,26.0,-1.54,-25.95
16:43:53.782,311.6,27.1,17.99,-20.27
16:43:53.782,356.6,20.9,20.86,-1.24
16:43:53.862,43.0,36.3,26.55,24.76
16:43:53.862,88.0,35.9,1.25,35.88
16:43:53.862,133.0,3.9,-2.66,2.85
16:43:53.862,178.0,75.2,-75.15,2.62
16:43:53.862,223.0,16.4,-11.99,-11.18
16:43:53.862,268.0,24.0,-0.84,-23.99
16:43:53.862,313.0,25.3,17.25,-18.5
16:43:53.862,358.0,20.9,20.89,-0.73
